2026-02-13 23:01:21,567 - steps.preprocess - INFO - Step: preprocess | input=1s_modified.csv
2026-02-13 23:26:17,015 - steps.preprocess - INFO - Step: preprocess | input=1s_modified.csv
2026-02-13 23:30:25,062 - steps.preprocess - INFO - Step: preprocess | input=1s_modified.csv
2026-02-14 10:44:53,955 - steps.preprocess - INFO - Step: preprocess | input=1s_modified.csv
2026-02-14 10:50:48,432 - steps.preprocess - INFO - Unique subjects (dataid): 540000
2026-02-14 10:59:01,534 - steps.preprocess - INFO - Step: preprocess | input=1s_modified.csv
2026-02-14 11:05:01,192 - steps.preprocess - INFO - Unique subjects (dataid): 540000
2026-02-14 11:05:41,243 - steps.preprocess - INFO - Saved:
2026-02-14 11:05:41,244 - steps.preprocess - INFO -   static_data.parquet
2026-02-14 11:05:41,244 - steps.preprocess - INFO -   temporal_data.parquet
2026-02-14 11:05:41,244 - steps.preprocess - INFO -   static_mask.parquet
2026-02-14 11:05:41,244 - steps.preprocess - INFO -   temporal_mask.parquet
2026-02-14 11:05:41,306 - steps.preprocess - INFO - Saved metadata -> preprocess_metadata.pkl
2026-02-14 11:05:41,468 - steps.normalize - INFO - Step: normalize | loading parquet inputs...
2026-02-14 11:05:55,665 - steps.normalize - INFO - Loaded preprocess outputs | static=(540000, 0) temporal=(32400000, 31)
2026-02-14 11:05:55,666 - normalizer_processor - INFO - 静态数据为空，直接返回。
2026-02-14 11:05:55,667 - normalizer_processor - INFO - 开始归一化时序特征，共 29 个特征
2026-02-14 11:32:47,120 - steps.normalize - INFO - Saved normalization params -> normalization_params.pkl
2026-02-14 11:33:32,080 - steps.normalize - INFO - Saved normalized parquet files:
2026-02-14 11:33:32,080 - steps.normalize - INFO -   static  -> norm_static.parquet
2026-02-14 11:33:32,080 - steps.normalize - INFO -   temporal-> norm_temporal.parquet
2026-02-14 11:33:32,081 - steps.normalize - INFO -   static_mask   -> norm_static_mask.parquet
2026-02-14 11:33:32,081 - steps.normalize - INFO -   temporal_mask -> norm_temporal_mask.parquet
2026-02-14 11:33:32,131 - steps.embed - INFO - Step: embed | loading normalized parquet...
2026-02-14 11:33:44,265 - steps.embed - INFO - Loaded normalized data | static=(540000, 0) temporal=(32400000, 31)
2026-02-14 11:33:44,266 - steps.embed - INFO - Start embedding STATIC features...
2026-02-14 11:33:44,326 - steps.embed - INFO - Done embedding STATIC | static_emb=(540000, 0) static_mask=(540000, 0)
2026-02-14 11:33:44,327 - steps.embed - INFO - Start embedding TEMPORAL features...
2026-02-14 11:33:44,389 - steps.embed - INFO - Done embedding TEMPORAL | temporal_emb=(32400000, 31) temporal_mask=(32400000, 31)
2026-02-14 11:33:44,389 - steps.embed - INFO - Saved embedding models -> embedding_models.pkl
2026-02-14 11:33:44,389 - steps.embed - INFO - Start writing static_emb -> embed_static.parquet | shape=(540000, 0)
2026-02-14 11:33:44,452 - steps.embed - INFO - Done writing static_emb | 0.06s
2026-02-14 11:33:44,452 - steps.embed - INFO - Start writing temporal_emb -> embed_temporal.parquet | shape=(32400000, 31)
2026-02-14 11:34:09,071 - steps.embed - INFO - Done writing temporal_emb | 24.62s
2026-02-14 11:34:09,072 - steps.embed - INFO - Start writing static_mask -> embed_static_mask.parquet | shape=(540000, 0)
2026-02-14 11:34:09,136 - steps.embed - INFO - Done writing static_mask | 0.06s
2026-02-14 11:34:09,136 - steps.embed - INFO - Start writing temporal_mask -> embed_temporal_mask.parquet | shape=(32400000, 31)
2026-02-14 11:34:28,607 - steps.embed - INFO - Done writing temporal_mask | 19.47s
2026-02-14 11:34:28,698 - steps.embed - INFO - Saved embedded parquet files OK.
2026-02-14 11:34:28,698 - steps.embed - INFO -   static_emb   -> embed_static.parquet
2026-02-14 11:34:28,698 - steps.embed - INFO -   temporal_emb -> embed_temporal.parquet
2026-02-14 11:34:28,698 - steps.embed - INFO -   static_mask  -> embed_static_mask.parquet
2026-02-14 11:34:28,699 - steps.embed - INFO -   temporal_mask-> embed_temporal_mask.parquet
2026-02-14 11:34:28,699 - steps.embed - INFO - Saved embeddings meta -> embeddings_meta.pkl
2026-02-14 11:34:28,700 - steps.encdec - INFO - Step: encdec | training CausalVAE
2026-02-14 11:34:28,700 - steps.encdec - INFO - Device: cuda
2026-02-14 11:37:42,504 - steps.encdec - INFO - Dims | input_dim=29 seq_len=60 num_total_features=29
2026-02-14 11:37:54,135 - steps.encdec - INFO - Start from scratch | resume=False | ckpt_exists=False
2026-02-14 11:37:54,136 - steps.encdec - INFO - Epoch 1/500
2026-02-14 11:43:46,245 - steps.encdec - INFO - New best val_score=0.538874 | saved ckpt -> cvae_model.pkl
2026-02-14 11:43:46,246 - steps.encdec - INFO - Epoch 2/500
2026-02-14 11:48:54,623 - steps.encdec - INFO - New best val_score=0.413074 | saved ckpt -> cvae_model.pkl
2026-02-14 11:48:54,623 - steps.encdec - INFO - Epoch 3/500
2026-02-14 11:56:34,926 - steps.encdec - INFO - New best val_score=0.267298 | saved ckpt -> cvae_model.pkl
2026-02-14 11:56:34,926 - steps.encdec - INFO - Epoch 4/500
2026-02-14 12:04:16,302 - steps.encdec - INFO - No improve (1/50)
2026-02-14 12:04:16,302 - steps.encdec - INFO - Epoch 5/500
2026-02-14 12:09:29,984 - steps.encdec - INFO - New best val_score=0.167256 | saved ckpt -> cvae_model.pkl
2026-02-14 12:09:29,985 - steps.encdec - INFO - Epoch 6/500
2026-02-14 12:15:31,822 - steps.encdec - INFO - New best val_score=0.147574 | saved ckpt -> cvae_model.pkl
2026-02-14 12:15:31,822 - steps.encdec - INFO - Epoch 7/500
2026-02-14 12:20:42,294 - steps.encdec - INFO - New best val_score=0.123737 | saved ckpt -> cvae_model.pkl
2026-02-14 12:20:42,294 - steps.encdec - INFO - Epoch 8/500
2026-02-14 12:25:52,404 - steps.encdec - INFO - New best val_score=0.105281 | saved ckpt -> cvae_model.pkl
2026-02-14 12:25:52,405 - steps.encdec - INFO - Epoch 9/500
2026-02-14 12:31:03,206 - steps.encdec - INFO - New best val_score=0.080979 | saved ckpt -> cvae_model.pkl
2026-02-14 12:31:03,207 - steps.encdec - INFO - Epoch 10/500
2026-02-14 12:36:12,886 - steps.encdec - INFO - No improve (1/50)
2026-02-14 12:36:12,886 - steps.encdec - INFO - Epoch 11/500
2026-02-14 12:42:14,162 - steps.encdec - INFO - No improve (2/50)
2026-02-14 12:42:14,162 - steps.encdec - INFO - Epoch 12/500
2026-02-14 12:46:04,202 - steps.encdec - INFO - Step: encdec | training CausalVAE
2026-02-14 12:46:04,203 - steps.encdec - INFO - Device: cuda
2026-02-14 12:49:00,722 - steps.encdec - INFO - Dims | input_dim=29 seq_len=60 num_total_features=29
2026-02-14 12:49:02,772 - steps.encdec - INFO - Start from scratch | resume=False | ckpt_exists=True
2026-02-14 12:49:02,772 - steps.encdec - INFO - Epoch 1/500
2026-02-14 12:55:07,894 - steps.encdec - INFO - New best val_score=0.203766 | saved ckpt -> cvae_model.pkl
2026-02-14 12:55:07,894 - steps.encdec - INFO - Epoch 2/500
2026-02-14 13:00:18,819 - steps.encdec - INFO - New best val_score=0.133758 | saved ckpt -> cvae_model.pkl
2026-02-14 13:00:18,819 - steps.encdec - INFO - Epoch 3/500
2026-02-14 13:05:28,239 - steps.encdec - INFO - New best val_score=0.126361 | saved ckpt -> cvae_model.pkl
2026-02-14 13:05:28,239 - steps.encdec - INFO - Epoch 4/500
2026-02-14 13:10:37,344 - steps.encdec - INFO - New best val_score=0.116320 | saved ckpt -> cvae_model.pkl
2026-02-14 13:10:37,345 - steps.encdec - INFO - Epoch 5/500
2026-02-14 13:15:46,374 - steps.encdec - INFO - New best val_score=0.106333 | saved ckpt -> cvae_model.pkl
2026-02-14 13:15:46,374 - steps.encdec - INFO - Epoch 6/500
2026-02-14 13:21:49,453 - steps.encdec - INFO - New best val_score=0.096738 | saved ckpt -> cvae_model.pkl
2026-02-14 13:21:49,453 - steps.encdec - INFO - Epoch 7/500
2026-02-14 13:26:58,438 - steps.encdec - INFO - No improve (1/50)
2026-02-14 13:26:58,439 - steps.encdec - INFO - Epoch 8/500
2026-02-14 13:32:09,048 - steps.encdec - INFO - No improve (2/50)
2026-02-14 13:32:09,048 - steps.encdec - INFO - Epoch 9/500
2026-02-14 13:37:14,178 - steps.encdec - INFO - No improve (3/50)
2026-02-14 13:37:14,179 - steps.encdec - INFO - Epoch 10/500
2026-02-14 13:42:25,841 - steps.encdec - INFO - No improve (4/50)
2026-02-14 13:42:25,841 - steps.encdec - INFO - Epoch 11/500
2026-02-14 13:48:18,080 - steps.encdec - INFO - No improve (5/50)
2026-02-14 13:48:18,082 - steps.encdec - INFO - Epoch 12/500
2026-02-14 13:53:20,524 - steps.encdec - INFO - No improve (6/50)
2026-02-14 13:53:20,524 - steps.encdec - INFO - Epoch 13/500
2026-02-14 13:58:31,421 - steps.encdec - INFO - No improve (7/50)
2026-02-14 13:58:31,421 - steps.encdec - INFO - Epoch 14/500
2026-02-14 14:03:44,070 - steps.encdec - INFO - No improve (8/50)
2026-02-14 14:03:44,071 - steps.encdec - INFO - Epoch 15/500
2026-02-14 14:08:55,745 - steps.encdec - INFO - New best val_score=0.073967 | saved ckpt -> cvae_model.pkl
2026-02-14 14:08:55,753 - steps.encdec - INFO - Epoch 16/500
2026-02-14 14:14:59,052 - steps.encdec - INFO - New best val_score=0.058220 | saved ckpt -> cvae_model.pkl
2026-02-14 14:14:59,052 - steps.encdec - INFO - Epoch 17/500
2026-02-14 17:21:26,068 - steps.preprocess - INFO - Step: preprocess | input=1s_modified.csv
2026-02-14 17:24:58,098 - steps.preprocess - INFO - Unique subjects (dataid): 540000
2026-02-14 17:25:22,915 - steps.preprocess - INFO - Saved:
2026-02-14 17:25:22,917 - steps.preprocess - INFO -   static_data.parquet
2026-02-14 17:25:22,917 - steps.preprocess - INFO -   temporal_data.parquet
2026-02-14 17:25:22,917 - steps.preprocess - INFO -   static_mask.parquet
2026-02-14 17:25:22,917 - steps.preprocess - INFO -   temporal_mask.parquet
2026-02-14 17:25:22,952 - steps.preprocess - INFO - Saved metadata -> preprocess_metadata.pkl
2026-02-14 17:25:23,058 - steps.normalize - INFO - Step: normalize | loading parquet inputs...
2026-02-14 17:25:31,969 - steps.normalize - INFO - Loaded preprocess outputs | static=(540000, 0) temporal=(32400000, 31)
2026-02-14 17:25:31,972 - normalizer_processor - INFO - 静态数据为空，直接返回。
2026-02-14 17:25:31,972 - normalizer_processor - INFO - 开始归一化时序特征，共 29 个特征
2026-02-14 17:41:49,265 - steps.normalize - INFO - Saved normalization params -> normalization_params.pkl
2026-02-14 17:42:18,239 - steps.normalize - INFO - Saved normalized parquet files:
2026-02-14 17:42:18,241 - steps.normalize - INFO -   static  -> norm_static.parquet
2026-02-14 17:42:18,241 - steps.normalize - INFO -   temporal-> norm_temporal.parquet
2026-02-14 17:42:18,241 - steps.normalize - INFO -   static_mask   -> norm_static_mask.parquet
2026-02-14 17:42:18,241 - steps.normalize - INFO -   temporal_mask -> norm_temporal_mask.parquet
2026-02-14 17:42:18,281 - steps.embed - INFO - Step: embed | loading normalized parquet...
2026-02-14 17:42:26,111 - steps.embed - INFO - Loaded normalized data | static=(540000, 0) temporal=(32400000, 31)
2026-02-14 17:42:26,111 - steps.embed - INFO - Start embedding STATIC features...
2026-02-14 17:42:26,147 - steps.embed - INFO - Done embedding STATIC | static_emb=(540000, 0) static_mask=(540000, 0)
2026-02-14 17:42:26,148 - steps.embed - INFO - Start embedding TEMPORAL features...
2026-02-14 17:42:26,184 - steps.embed - INFO - Done embedding TEMPORAL | temporal_emb=(32400000, 31) temporal_mask=(32400000, 31)
2026-02-14 17:42:26,186 - steps.embed - INFO - Saved embedding models -> embedding_models.pkl
2026-02-14 17:42:26,186 - steps.embed - INFO - Start writing static_emb -> embed_static.parquet | shape=(540000, 0)
2026-02-14 17:42:26,224 - steps.embed - INFO - Done writing static_emb | 0.04s
2026-02-14 17:42:26,224 - steps.embed - INFO - Start writing temporal_emb -> embed_temporal.parquet | shape=(32400000, 31)
2026-02-14 17:42:42,927 - steps.embed - INFO - Done writing temporal_emb | 16.70s
2026-02-14 17:42:42,928 - steps.embed - INFO - Start writing static_mask -> embed_static_mask.parquet | shape=(540000, 0)
2026-02-14 17:42:42,969 - steps.embed - INFO - Done writing static_mask | 0.04s
2026-02-14 17:42:42,969 - steps.embed - INFO - Start writing temporal_mask -> embed_temporal_mask.parquet | shape=(32400000, 31)
2026-02-14 17:42:54,986 - steps.embed - INFO - Done writing temporal_mask | 12.02s
2026-02-14 17:42:55,048 - steps.embed - INFO - Saved embedded parquet files OK.
2026-02-14 17:42:55,048 - steps.embed - INFO -   static_emb   -> embed_static.parquet
2026-02-14 17:42:55,048 - steps.embed - INFO -   temporal_emb -> embed_temporal.parquet
2026-02-14 17:42:55,048 - steps.embed - INFO -   static_mask  -> embed_static_mask.parquet
2026-02-14 17:42:55,048 - steps.embed - INFO -   temporal_mask-> embed_temporal_mask.parquet
2026-02-14 17:42:55,050 - steps.embed - INFO - Saved embeddings meta -> embeddings_meta.pkl
2026-02-14 17:42:55,050 - steps.encdec - INFO - Step: encdec | training CausalVAE
2026-02-14 17:42:55,050 - steps.encdec - INFO - Device: cuda
2026-02-14 17:45:13,758 - steps.encdec - INFO - Dims | input_dim=29 seq_len=60 num_total_features=29
2026-02-14 17:45:14,447 - steps.encdec - INFO - Using 8 GPUs for DataParallel
2026-02-14 17:45:23,697 - steps.encdec - INFO - Start from scratch | resume=False | ckpt_exists=True
2026-02-14 17:45:23,697 - steps.encdec - INFO - Epoch 1/500
2026-02-14 17:52:24,750 - steps.encdec - INFO - New best val_score=0.392318 | saved ckpt -> cvae_model.pkl
2026-02-14 17:52:24,750 - steps.encdec - INFO - Epoch 2/500
2026-02-14 17:59:15,700 - steps.encdec - INFO - No improve (1/50)
2026-02-14 17:59:15,700 - steps.encdec - INFO - Epoch 3/500
2026-02-14 18:06:05,824 - steps.encdec - INFO - New best val_score=0.255490 | saved ckpt -> cvae_model.pkl
2026-02-14 18:06:05,824 - steps.encdec - INFO - Epoch 4/500
2026-02-14 18:12:59,927 - steps.encdec - INFO - New best val_score=0.201897 | saved ckpt -> cvae_model.pkl
2026-02-14 18:12:59,927 - steps.encdec - INFO - Epoch 5/500
2026-02-14 18:19:48,580 - steps.encdec - INFO - New best val_score=0.117814 | saved ckpt -> cvae_model.pkl
2026-02-14 18:19:48,580 - steps.encdec - INFO - Epoch 6/500
2026-02-14 18:26:37,277 - steps.encdec - INFO - New best val_score=0.071252 | saved ckpt -> cvae_model.pkl
2026-02-14 18:26:37,277 - steps.encdec - INFO - Epoch 7/500
2026-02-14 18:33:56,038 - steps.encdec - INFO - Step: encdec | training CausalVAE
2026-02-14 18:33:56,041 - steps.encdec - INFO - Device: cuda
2026-02-14 18:38:04,649 - steps.encdec - INFO - Dims | input_dim=29 seq_len=60 num_total_features=29
2026-02-14 18:38:05,454 - steps.encdec - INFO - Using 2 GPUs for DataParallel
2026-02-14 18:38:13,907 - steps.encdec - INFO - Start from scratch | resume=False | ckpt_exists=True
2026-02-14 18:38:13,907 - steps.encdec - INFO - Epoch 1/500
2026-02-14 18:42:44,722 - steps.encdec - INFO - No improve (1/50)
2026-02-14 18:42:44,722 - steps.encdec - INFO - Epoch 2/500
2026-02-14 18:47:08,569 - steps.encdec - INFO - No improve (2/50)
2026-02-14 18:47:08,569 - steps.encdec - INFO - Epoch 3/500
2026-02-14 18:51:31,666 - steps.encdec - INFO - No improve (3/50)
2026-02-14 18:51:31,666 - steps.encdec - INFO - Epoch 4/500
2026-02-14 18:55:54,799 - steps.encdec - INFO - No improve (4/50)
2026-02-14 18:55:54,800 - steps.encdec - INFO - Epoch 5/500
2026-02-14 19:00:17,645 - steps.encdec - INFO - No improve (5/50)
2026-02-14 19:00:17,646 - steps.encdec - INFO - Epoch 6/500
2026-02-14 19:04:41,480 - steps.encdec - INFO - No improve (6/50)
2026-02-14 19:04:41,480 - steps.encdec - INFO - Epoch 7/500
2026-02-14 19:09:05,188 - steps.encdec - INFO - No improve (7/50)
2026-02-14 19:09:05,188 - steps.encdec - INFO - Epoch 8/500
2026-02-14 19:13:28,571 - steps.encdec - INFO - No improve (8/50)
2026-02-14 19:13:28,572 - steps.encdec - INFO - Epoch 9/500
2026-02-14 19:17:52,094 - steps.encdec - INFO - No improve (9/50)
2026-02-14 19:17:52,094 - steps.encdec - INFO - Epoch 10/500
2026-02-14 19:22:15,229 - steps.encdec - INFO - No improve (10/50)
2026-02-14 19:22:15,229 - steps.encdec - INFO - Epoch 11/500
2026-02-14 19:26:38,431 - steps.encdec - INFO - No improve (11/50)
2026-02-14 19:26:38,431 - steps.encdec - INFO - Epoch 12/500
2026-02-14 19:31:00,795 - steps.encdec - INFO - No improve (12/50)
2026-02-14 19:31:00,796 - steps.encdec - INFO - Epoch 13/500
2026-02-14 19:35:23,789 - steps.encdec - INFO - No improve (13/50)
2026-02-14 19:35:23,789 - steps.encdec - INFO - Epoch 14/500
2026-02-14 19:39:46,943 - steps.encdec - INFO - No improve (14/50)
2026-02-14 19:39:46,943 - steps.encdec - INFO - Epoch 15/500
2026-02-14 19:44:09,984 - steps.encdec - INFO - No improve (15/50)
2026-02-14 19:44:09,987 - steps.encdec - INFO - Epoch 16/500
2026-02-14 19:48:33,241 - steps.encdec - INFO - No improve (16/50)
2026-02-14 19:48:33,242 - steps.encdec - INFO - Epoch 17/500
2026-02-14 19:52:56,357 - steps.encdec - INFO - No improve (17/50)
2026-02-14 19:52:56,357 - steps.encdec - INFO - Epoch 18/500
2026-02-14 19:57:18,940 - steps.encdec - INFO - No improve (18/50)
2026-02-14 19:57:18,941 - steps.encdec - INFO - Epoch 19/500
2026-02-14 20:01:42,131 - steps.encdec - INFO - No improve (19/50)
2026-02-14 20:01:42,131 - steps.encdec - INFO - Epoch 20/500
2026-02-14 20:06:04,699 - steps.encdec - INFO - No improve (20/50)
2026-02-14 20:06:04,699 - steps.encdec - INFO - Epoch 21/500
2026-02-14 20:10:28,046 - steps.encdec - INFO - No improve (21/50)
2026-02-14 20:10:28,046 - steps.encdec - INFO - Epoch 22/500
2026-02-14 20:14:50,567 - steps.encdec - INFO - No improve (22/50)
2026-02-14 20:14:50,567 - steps.encdec - INFO - Epoch 23/500
2026-02-14 20:19:13,468 - steps.encdec - INFO - No improve (23/50)
2026-02-14 20:19:13,468 - steps.encdec - INFO - Epoch 24/500
2026-02-14 20:23:36,400 - steps.encdec - INFO - No improve (24/50)
2026-02-14 20:23:36,401 - steps.encdec - INFO - Epoch 25/500
2026-02-14 20:27:58,660 - steps.encdec - INFO - No improve (25/50)
2026-02-14 20:27:58,660 - steps.encdec - INFO - Epoch 26/500
2026-02-14 20:32:22,819 - steps.encdec - INFO - No improve (26/50)
2026-02-14 20:32:22,819 - steps.encdec - INFO - Epoch 27/500
2026-02-14 20:36:45,904 - steps.encdec - INFO - No improve (27/50)
2026-02-14 20:36:45,904 - steps.encdec - INFO - Epoch 28/500
2026-02-14 20:41:08,480 - steps.encdec - INFO - No improve (28/50)
2026-02-14 20:41:08,481 - steps.encdec - INFO - Epoch 29/500
2026-02-14 20:45:36,147 - steps.encdec - INFO - No improve (29/50)
2026-02-14 20:45:36,147 - steps.encdec - INFO - Epoch 30/500
2026-02-14 20:50:08,533 - steps.encdec - INFO - No improve (30/50)
2026-02-14 20:50:08,534 - steps.encdec - INFO - Epoch 31/500
2026-02-14 20:54:39,943 - steps.encdec - INFO - No improve (31/50)
2026-02-14 20:54:39,943 - steps.encdec - INFO - Epoch 32/500
2026-02-14 20:59:09,866 - steps.encdec - INFO - No improve (32/50)
2026-02-14 20:59:09,866 - steps.encdec - INFO - Epoch 33/500
2026-02-14 21:03:39,629 - steps.encdec - INFO - No improve (33/50)
2026-02-14 21:03:39,630 - steps.encdec - INFO - Epoch 34/500
2026-02-14 21:08:09,161 - steps.encdec - INFO - No improve (34/50)
2026-02-14 21:08:09,161 - steps.encdec - INFO - Epoch 35/500
2026-02-14 21:12:38,290 - steps.encdec - INFO - No improve (35/50)
2026-02-14 21:12:38,290 - steps.encdec - INFO - Epoch 36/500
2026-02-14 21:17:12,958 - steps.encdec - INFO - No improve (36/50)
2026-02-14 21:17:12,958 - steps.encdec - INFO - Epoch 37/500
2026-02-14 21:21:45,067 - steps.encdec - INFO - No improve (37/50)
2026-02-14 21:21:45,068 - steps.encdec - INFO - Epoch 38/500
2026-02-14 21:26:16,675 - steps.encdec - INFO - No improve (38/50)
2026-02-14 21:26:16,675 - steps.encdec - INFO - Epoch 39/500
2026-02-14 21:30:46,911 - steps.encdec - INFO - No improve (39/50)
2026-02-14 21:30:46,912 - steps.encdec - INFO - Epoch 40/500
2026-02-14 21:35:16,862 - steps.encdec - INFO - No improve (40/50)
2026-02-14 21:35:16,862 - steps.encdec - INFO - Epoch 41/500
2026-02-14 21:39:48,302 - steps.encdec - INFO - No improve (41/50)
2026-02-14 21:39:48,303 - steps.encdec - INFO - Epoch 42/500
2026-02-14 21:44:19,039 - steps.encdec - INFO - No improve (42/50)
2026-02-14 21:44:19,040 - steps.encdec - INFO - Epoch 43/500
2026-02-14 21:48:49,956 - steps.encdec - INFO - No improve (43/50)
2026-02-14 21:48:49,956 - steps.encdec - INFO - Epoch 44/500
2026-02-14 21:52:17,687 - steps.encdec - INFO - Step: encdec | training CausalVAE
2026-02-14 21:52:17,689 - steps.encdec - INFO - Device: cuda
2026-02-14 21:54:30,245 - steps.encdec - INFO - Dims | input_dim=29 seq_len=60 num_total_features=29
2026-02-14 21:54:39,404 - steps.encdec - INFO - Start from scratch | resume=False | ckpt_exists=True
2026-02-14 21:54:39,404 - steps.encdec - INFO - Epoch 1/500
2026-02-14 21:55:46,348 - steps.encdec - INFO - New best val_score=0.716984 | saved ckpt -> cvae_model.pkl
2026-02-14 21:55:46,349 - steps.encdec - INFO - Epoch 2/500
2026-02-14 21:56:46,880 - steps.encdec - INFO - New best val_score=0.357124 | saved ckpt -> cvae_model.pkl
2026-02-14 21:56:46,881 - steps.encdec - INFO - Epoch 3/500
2026-02-14 21:57:47,402 - steps.encdec - INFO - No improve (1/50)
2026-02-14 21:57:47,403 - steps.encdec - INFO - Epoch 4/500
2026-02-14 21:58:47,782 - steps.encdec - INFO - New best val_score=0.138755 | saved ckpt -> cvae_model.pkl
2026-02-14 21:58:47,782 - steps.encdec - INFO - Epoch 5/500
2026-02-14 21:59:48,212 - steps.encdec - INFO - New best val_score=0.127805 | saved ckpt -> cvae_model.pkl
2026-02-14 21:59:48,212 - steps.encdec - INFO - Epoch 6/500
2026-02-14 22:00:49,317 - steps.encdec - INFO - No improve (1/50)
2026-02-14 22:00:49,317 - steps.encdec - INFO - Epoch 7/500
2026-02-14 22:01:49,919 - steps.encdec - INFO - New best val_score=0.116668 | saved ckpt -> cvae_model.pkl
2026-02-14 22:01:49,920 - steps.encdec - INFO - Epoch 8/500
2026-02-14 22:02:50,338 - steps.encdec - INFO - No improve (1/50)
2026-02-14 22:02:50,338 - steps.encdec - INFO - Epoch 9/500
2026-02-14 22:03:50,991 - steps.encdec - INFO - No improve (2/50)
2026-02-14 22:03:50,992 - steps.encdec - INFO - Epoch 10/500
2026-02-14 22:04:51,715 - steps.encdec - INFO - No improve (3/50)
2026-02-14 22:04:51,716 - steps.encdec - INFO - Epoch 11/500
2026-02-14 22:05:52,718 - steps.encdec - INFO - No improve (4/50)
2026-02-14 22:05:52,718 - steps.encdec - INFO - Epoch 12/500
2026-02-14 22:06:53,155 - steps.encdec - INFO - No improve (5/50)
2026-02-14 22:06:53,156 - steps.encdec - INFO - Epoch 13/500
2026-02-14 22:07:53,543 - steps.encdec - INFO - No improve (6/50)
2026-02-14 22:07:53,543 - steps.encdec - INFO - Epoch 14/500
2026-02-14 22:08:53,934 - steps.encdec - INFO - No improve (7/50)
2026-02-14 22:08:53,935 - steps.encdec - INFO - Epoch 15/500
2026-02-14 22:09:54,291 - steps.encdec - INFO - No improve (8/50)
2026-02-14 22:09:54,291 - steps.encdec - INFO - Epoch 16/500
2026-02-14 22:10:55,142 - steps.encdec - INFO - No improve (9/50)
2026-02-14 22:10:55,143 - steps.encdec - INFO - Epoch 17/500
2026-02-14 22:11:55,145 - steps.encdec - INFO - No improve (10/50)
2026-02-14 22:11:55,145 - steps.encdec - INFO - Epoch 18/500
2026-02-14 22:12:55,494 - steps.encdec - INFO - No improve (11/50)
2026-02-14 22:12:55,494 - steps.encdec - INFO - Epoch 19/500
2026-02-14 22:13:55,624 - steps.encdec - INFO - No improve (12/50)
2026-02-14 22:13:55,624 - steps.encdec - INFO - Epoch 20/500
2026-02-14 22:14:55,652 - steps.encdec - INFO - New best val_score=0.084405 | saved ckpt -> cvae_model.pkl
2026-02-14 22:14:55,653 - steps.encdec - INFO - Epoch 21/500
2026-02-14 22:15:56,151 - steps.encdec - INFO - New best val_score=0.071202 | saved ckpt -> cvae_model.pkl
2026-02-14 22:15:56,151 - steps.encdec - INFO - Epoch 22/500
2026-02-14 22:16:55,824 - steps.encdec - INFO - New best val_score=0.063617 | saved ckpt -> cvae_model.pkl
2026-02-14 22:16:55,824 - steps.encdec - INFO - Epoch 23/500
2026-02-14 22:17:55,838 - steps.encdec - INFO - New best val_score=0.062883 | saved ckpt -> cvae_model.pkl
2026-02-14 22:17:55,838 - steps.encdec - INFO - Epoch 24/500
2026-02-14 22:18:55,525 - steps.encdec - INFO - New best val_score=0.058921 | saved ckpt -> cvae_model.pkl
2026-02-14 22:18:55,525 - steps.encdec - INFO - Epoch 25/500
2026-02-14 22:19:55,356 - steps.encdec - INFO - New best val_score=0.057439 | saved ckpt -> cvae_model.pkl
2026-02-14 22:19:55,357 - steps.encdec - INFO - Epoch 26/500
2026-02-14 22:20:55,683 - steps.encdec - INFO - New best val_score=0.055854 | saved ckpt -> cvae_model.pkl
2026-02-14 22:20:55,683 - steps.encdec - INFO - Epoch 27/500
2026-02-14 22:21:55,584 - steps.encdec - INFO - New best val_score=0.054456 | saved ckpt -> cvae_model.pkl
2026-02-14 22:21:55,584 - steps.encdec - INFO - Epoch 28/500
2026-02-14 22:22:55,390 - steps.encdec - INFO - No improve (1/50)
2026-02-14 22:22:55,390 - steps.encdec - INFO - Epoch 29/500
2026-02-14 22:23:55,130 - steps.encdec - INFO - New best val_score=0.052954 | saved ckpt -> cvae_model.pkl
2026-02-14 22:23:55,132 - steps.encdec - INFO - Epoch 30/500
2026-02-14 22:24:54,761 - steps.encdec - INFO - New best val_score=0.051692 | saved ckpt -> cvae_model.pkl
2026-02-14 22:24:54,761 - steps.encdec - INFO - Epoch 31/500
2026-02-14 22:25:54,750 - steps.encdec - INFO - No improve (1/50)
2026-02-14 22:25:54,750 - steps.encdec - INFO - Epoch 32/500
2026-02-14 22:26:54,557 - steps.encdec - INFO - New best val_score=0.050907 | saved ckpt -> cvae_model.pkl
2026-02-14 22:26:54,557 - steps.encdec - INFO - Epoch 33/500
2026-02-14 22:27:54,226 - steps.encdec - INFO - No improve (1/50)
2026-02-14 22:27:54,226 - steps.encdec - INFO - Epoch 34/500
2026-02-14 22:28:53,828 - steps.encdec - INFO - New best val_score=0.049611 | saved ckpt -> cvae_model.pkl
2026-02-14 22:28:53,828 - steps.encdec - INFO - Epoch 35/500
2026-02-14 22:29:53,796 - steps.encdec - INFO - No improve (1/50)
2026-02-14 22:29:53,796 - steps.encdec - INFO - Epoch 36/500
2026-02-14 22:30:54,448 - steps.encdec - INFO - No improve (2/50)
2026-02-14 22:30:54,448 - steps.encdec - INFO - Epoch 37/500
2026-02-14 22:31:54,196 - steps.encdec - INFO - No improve (3/50)
2026-02-14 22:31:54,196 - steps.encdec - INFO - Epoch 38/500
2026-02-14 22:32:53,657 - steps.encdec - INFO - No improve (4/50)
2026-02-14 22:32:53,657 - steps.encdec - INFO - Epoch 39/500
2026-02-14 22:33:53,317 - steps.encdec - INFO - No improve (5/50)
2026-02-14 22:33:53,317 - steps.encdec - INFO - Epoch 40/500
2026-02-14 22:34:53,328 - steps.encdec - INFO - New best val_score=0.048891 | saved ckpt -> cvae_model.pkl
2026-02-14 22:34:53,328 - steps.encdec - INFO - Epoch 41/500
2026-02-14 22:35:53,714 - steps.encdec - INFO - No improve (1/50)
2026-02-14 22:35:53,714 - steps.encdec - INFO - Epoch 42/500
2026-02-14 22:36:53,283 - steps.encdec - INFO - No improve (2/50)
2026-02-14 22:36:53,283 - steps.encdec - INFO - Epoch 43/500
2026-02-14 22:37:53,257 - steps.encdec - INFO - New best val_score=0.048862 | saved ckpt -> cvae_model.pkl
2026-02-14 22:37:53,257 - steps.encdec - INFO - Epoch 44/500
2026-02-14 22:38:52,842 - steps.encdec - INFO - New best val_score=0.048258 | saved ckpt -> cvae_model.pkl
2026-02-14 22:38:52,843 - steps.encdec - INFO - Epoch 45/500
2026-02-14 22:39:52,807 - steps.encdec - INFO - No improve (1/50)
2026-02-14 22:39:52,807 - steps.encdec - INFO - Epoch 46/500
2026-02-14 22:40:53,021 - steps.encdec - INFO - No improve (2/50)
2026-02-14 22:40:53,021 - steps.encdec - INFO - Epoch 47/500
2026-02-14 22:41:52,605 - steps.encdec - INFO - New best val_score=0.048063 | saved ckpt -> cvae_model.pkl
2026-02-14 22:41:52,606 - steps.encdec - INFO - Epoch 48/500
2026-02-14 22:42:51,900 - steps.encdec - INFO - No improve (1/50)
2026-02-14 22:42:51,900 - steps.encdec - INFO - Epoch 49/500
2026-02-14 22:43:51,574 - steps.encdec - INFO - No improve (2/50)
2026-02-14 22:43:51,574 - steps.encdec - INFO - Epoch 50/500
2026-02-14 22:44:51,133 - steps.encdec - INFO - No improve (3/50)
2026-02-14 22:44:51,133 - steps.encdec - INFO - Epoch 51/500
2026-02-14 22:45:51,057 - steps.encdec - INFO - No improve (4/50)
2026-02-14 22:45:51,057 - steps.encdec - INFO - Epoch 52/500
2026-02-14 22:46:50,128 - steps.encdec - INFO - No improve (5/50)
2026-02-14 22:46:50,128 - steps.encdec - INFO - Epoch 53/500
2026-02-14 22:47:49,557 - steps.encdec - INFO - No improve (6/50)
2026-02-14 22:47:49,557 - steps.encdec - INFO - Epoch 54/500
2026-02-14 22:48:48,898 - steps.encdec - INFO - No improve (7/50)
2026-02-14 22:48:48,898 - steps.encdec - INFO - Epoch 55/500
2026-02-14 22:49:48,122 - steps.encdec - INFO - No improve (8/50)
2026-02-14 22:49:48,122 - steps.encdec - INFO - Epoch 56/500
2026-02-14 22:50:48,149 - steps.encdec - INFO - New best val_score=0.048014 | saved ckpt -> cvae_model.pkl
2026-02-14 22:50:48,149 - steps.encdec - INFO - Epoch 57/500
2026-02-14 22:51:47,854 - steps.encdec - INFO - New best val_score=0.047898 | saved ckpt -> cvae_model.pkl
2026-02-14 22:51:47,855 - steps.encdec - INFO - Epoch 58/500
2026-02-14 22:52:47,499 - steps.encdec - INFO - No improve (1/50)
2026-02-14 22:52:47,500 - steps.encdec - INFO - Epoch 59/500
2026-02-14 22:53:47,318 - steps.encdec - INFO - New best val_score=0.047676 | saved ckpt -> cvae_model.pkl
2026-02-14 22:53:47,318 - steps.encdec - INFO - Epoch 60/500
2026-02-14 22:54:46,867 - steps.encdec - INFO - New best val_score=0.047491 | saved ckpt -> cvae_model.pkl
2026-02-14 22:54:46,867 - steps.encdec - INFO - Epoch 61/500
2026-02-14 22:55:47,178 - steps.encdec - INFO - No improve (1/50)
2026-02-14 22:55:47,179 - steps.encdec - INFO - Epoch 62/500
2026-02-14 22:56:46,563 - steps.encdec - INFO - No improve (2/50)
2026-02-14 22:56:46,563 - steps.encdec - INFO - Epoch 63/500
2026-02-14 22:57:46,198 - steps.encdec - INFO - No improve (3/50)
2026-02-14 22:57:46,198 - steps.encdec - INFO - Epoch 64/500
2026-02-14 22:58:45,611 - steps.encdec - INFO - No improve (4/50)
2026-02-14 22:58:45,611 - steps.encdec - INFO - Epoch 65/500
2026-02-14 22:59:45,173 - steps.encdec - INFO - No improve (5/50)
2026-02-14 22:59:45,174 - steps.encdec - INFO - Epoch 66/500
2026-02-14 23:00:45,402 - steps.encdec - INFO - No improve (6/50)
2026-02-14 23:00:45,402 - steps.encdec - INFO - Epoch 67/500
2026-02-14 23:01:44,843 - steps.encdec - INFO - No improve (7/50)
2026-02-14 23:01:44,843 - steps.encdec - INFO - Epoch 68/500
2026-02-14 23:02:44,694 - steps.encdec - INFO - No improve (8/50)
2026-02-14 23:02:44,694 - steps.encdec - INFO - Epoch 69/500
2026-02-14 23:03:44,056 - steps.encdec - INFO - No improve (9/50)
2026-02-14 23:03:44,056 - steps.encdec - INFO - Epoch 70/500
2026-02-14 23:04:43,449 - steps.encdec - INFO - No improve (10/50)
2026-02-14 23:04:43,449 - steps.encdec - INFO - Epoch 71/500
2026-02-14 23:05:43,515 - steps.encdec - INFO - No improve (11/50)
2026-02-14 23:05:43,515 - steps.encdec - INFO - Epoch 72/500
2026-02-14 23:06:42,940 - steps.encdec - INFO - No improve (12/50)
2026-02-14 23:06:42,940 - steps.encdec - INFO - Epoch 73/500
2026-02-14 23:07:42,515 - steps.encdec - INFO - No improve (13/50)
2026-02-14 23:07:42,515 - steps.encdec - INFO - Epoch 74/500
2026-02-14 23:08:42,111 - steps.encdec - INFO - No improve (14/50)
2026-02-14 23:08:42,111 - steps.encdec - INFO - Epoch 75/500
2026-02-14 23:09:41,783 - steps.encdec - INFO - No improve (15/50)
2026-02-14 23:09:41,783 - steps.encdec - INFO - Epoch 76/500
2026-02-14 23:10:42,111 - steps.encdec - INFO - No improve (16/50)
2026-02-14 23:10:42,111 - steps.encdec - INFO - Epoch 77/500
2026-02-14 23:11:41,786 - steps.encdec - INFO - No improve (17/50)
2026-02-14 23:11:41,786 - steps.encdec - INFO - Epoch 78/500
2026-02-14 23:12:41,532 - steps.encdec - INFO - No improve (18/50)
2026-02-14 23:12:41,532 - steps.encdec - INFO - Epoch 79/500
2026-02-14 23:13:40,853 - steps.encdec - INFO - No improve (19/50)
2026-02-14 23:13:40,853 - steps.encdec - INFO - Epoch 80/500
2026-02-14 23:14:40,067 - steps.encdec - INFO - No improve (20/50)
2026-02-14 23:14:40,067 - steps.encdec - INFO - Epoch 81/500
2026-02-14 23:15:40,170 - steps.encdec - INFO - No improve (21/50)
2026-02-14 23:15:40,170 - steps.encdec - INFO - Epoch 82/500
2026-02-14 23:16:39,999 - steps.encdec - INFO - No improve (22/50)
2026-02-14 23:16:39,999 - steps.encdec - INFO - Epoch 83/500
2026-02-14 23:17:39,463 - steps.encdec - INFO - No improve (23/50)
2026-02-14 23:17:39,463 - steps.encdec - INFO - Epoch 84/500
2026-02-14 23:18:38,834 - steps.encdec - INFO - No improve (24/50)
2026-02-14 23:18:38,834 - steps.encdec - INFO - Epoch 85/500
2026-02-14 23:19:38,108 - steps.encdec - INFO - No improve (25/50)
2026-02-14 23:19:38,108 - steps.encdec - INFO - Epoch 86/500
2026-02-14 23:20:38,054 - steps.encdec - INFO - No improve (26/50)
2026-02-14 23:20:38,054 - steps.encdec - INFO - Epoch 87/500
2026-02-14 23:21:37,183 - steps.encdec - INFO - No improve (27/50)
2026-02-14 23:21:37,183 - steps.encdec - INFO - Epoch 88/500
2026-02-14 23:22:36,735 - steps.encdec - INFO - No improve (28/50)
2026-02-14 23:22:36,735 - steps.encdec - INFO - Epoch 89/500
2026-02-14 23:23:35,804 - steps.encdec - INFO - No improve (29/50)
2026-02-14 23:23:35,804 - steps.encdec - INFO - Epoch 90/500
2026-02-14 23:24:34,811 - steps.encdec - INFO - No improve (30/50)
2026-02-14 23:24:34,812 - steps.encdec - INFO - Epoch 91/500
2026-02-14 23:25:34,843 - steps.encdec - INFO - No improve (31/50)
2026-02-14 23:25:34,843 - steps.encdec - INFO - Epoch 92/500
2026-02-14 23:26:33,965 - steps.encdec - INFO - No improve (32/50)
2026-02-14 23:26:33,966 - steps.encdec - INFO - Epoch 93/500
2026-02-14 23:27:33,377 - steps.encdec - INFO - No improve (33/50)
2026-02-14 23:27:33,377 - steps.encdec - INFO - Epoch 94/500
2026-02-14 23:28:32,645 - steps.encdec - INFO - No improve (34/50)
2026-02-14 23:28:32,645 - steps.encdec - INFO - Epoch 95/500
2026-02-14 23:29:31,734 - steps.encdec - INFO - No improve (35/50)
2026-02-14 23:29:31,735 - steps.encdec - INFO - Epoch 96/500
2026-02-14 23:30:31,789 - steps.encdec - INFO - No improve (36/50)
2026-02-14 23:30:31,790 - steps.encdec - INFO - Epoch 97/500
2026-02-14 23:31:31,350 - steps.encdec - INFO - No improve (37/50)
2026-02-14 23:31:31,350 - steps.encdec - INFO - Epoch 98/500
2026-02-14 23:32:30,881 - steps.encdec - INFO - No improve (38/50)
2026-02-14 23:32:30,881 - steps.encdec - INFO - Epoch 99/500
2026-02-14 23:33:30,533 - steps.encdec - INFO - No improve (39/50)
2026-02-14 23:33:30,533 - steps.encdec - INFO - Epoch 100/500
2026-02-14 23:34:30,034 - steps.encdec - INFO - No improve (40/50)
2026-02-14 23:34:30,035 - steps.encdec - INFO - Epoch 101/500
2026-02-14 23:35:29,619 - steps.encdec - INFO - No improve (41/50)
2026-02-14 23:35:29,619 - steps.encdec - INFO - Epoch 102/500
2026-02-14 23:36:28,585 - steps.encdec - INFO - No improve (42/50)
2026-02-14 23:36:28,585 - steps.encdec - INFO - Epoch 103/500
2026-02-14 23:37:27,846 - steps.encdec - INFO - No improve (43/50)
2026-02-14 23:37:27,846 - steps.encdec - INFO - Epoch 104/500
2026-02-14 23:38:27,048 - steps.encdec - INFO - No improve (44/50)
2026-02-14 23:38:27,048 - steps.encdec - INFO - Epoch 105/500
2026-02-14 23:39:25,804 - steps.encdec - INFO - No improve (45/50)
2026-02-14 23:39:25,804 - steps.encdec - INFO - Epoch 106/500
2026-02-14 23:40:25,590 - steps.encdec - INFO - No improve (46/50)
2026-02-14 23:40:25,590 - steps.encdec - INFO - Epoch 107/500
2026-02-14 23:41:24,569 - steps.encdec - INFO - No improve (47/50)
2026-02-14 23:41:24,569 - steps.encdec - INFO - Epoch 108/500
2026-02-14 23:42:23,861 - steps.encdec - INFO - No improve (48/50)
2026-02-14 23:42:23,862 - steps.encdec - INFO - Epoch 109/500
2026-02-14 23:43:23,045 - steps.encdec - INFO - No improve (49/50)
2026-02-14 23:43:23,045 - steps.encdec - INFO - Epoch 110/500
2026-02-14 23:44:22,188 - steps.encdec - INFO - No improve (50/50)
2026-02-14 23:44:22,188 - steps.encdec - INFO - Early stopping triggered
2026-02-14 23:44:22,188 - steps.encdec - INFO - ==================================================
2026-02-14 23:44:22,188 - steps.encdec - INFO - TRAINING FINISHED
2026-02-14 23:44:22,188 - steps.encdec - INFO - Best Epoch: 60
2026-02-14 23:44:22,189 - steps.encdec - INFO - Best Validation Metrics:
2026-02-14 23:44:22,189 - steps.encdec - INFO -   - total_loss: 1.456441
2026-02-14 23:44:22,189 - steps.encdec - INFO -   - recon_loss: 0.016802
2026-02-14 23:44:22,189 - steps.encdec - INFO -   - recon_data_loss: 0.015854
2026-02-14 23:44:22,189 - steps.encdec - INFO -   - recon_mask_loss: 0.000947
2026-02-14 23:44:22,189 - steps.encdec - INFO -   - kld_loss: 29.389729
2026-02-14 23:44:22,189 - steps.encdec - INFO -   - kld_free: 32.021596
2026-02-14 23:44:22,189 - steps.encdec - INFO -   - causal_loss: 0.015344
2026-02-14 23:44:22,189 - steps.encdec - INFO -   - current_beta: 0.044000
2026-02-14 23:44:22,189 - steps.encdec - INFO - Best Validation Score (recon + gamma*causal): 0.047491
2026-02-14 23:44:22,189 - steps.encdec - INFO - ==================================================
2026-02-14 23:44:23,428 - steps.encdec - INFO - Saved loss curves -> cvae_loss_curves.png
2026-02-14 23:44:40,747 - steps.encdec - INFO - Saved encoded data (shape=(540000, 32)) -> cvae_encoded_data.pkl
2026-02-15 11:23:34,196 - steps.encdec - INFO - Step: encdec | training CausalVAE
2026-02-15 11:23:34,197 - steps.encdec - INFO - Device: cuda
2026-02-15 11:28:01,098 - steps.encdec - INFO - Dims | input_dim=29 seq_len=60 num_total_features=29
2026-02-15 11:28:10,678 - steps.encdec - INFO - Start from scratch | resume=False | ckpt_exists=True
2026-02-15 11:28:10,679 - steps.encdec - INFO - Epoch 1/500
2026-02-15 11:29:20,769 - steps.encdec - INFO - New best val_score=0.622759 | saved ckpt -> cvae_model.pkl
2026-02-15 11:29:20,769 - steps.encdec - INFO - Epoch 2/500
2026-02-15 11:30:24,843 - steps.encdec - INFO - New best val_score=0.253640 | saved ckpt -> cvae_model.pkl
2026-02-15 11:30:24,843 - steps.encdec - INFO - Epoch 3/500
2026-02-15 11:31:29,249 - steps.encdec - INFO - New best val_score=0.051115 | saved ckpt -> cvae_model.pkl
2026-02-15 11:31:29,249 - steps.encdec - INFO - Epoch 4/500
2026-02-15 11:32:33,316 - steps.encdec - INFO - New best val_score=0.041703 | saved ckpt -> cvae_model.pkl
2026-02-15 11:32:33,316 - steps.encdec - INFO - Epoch 5/500
2026-02-15 11:33:37,201 - steps.encdec - INFO - New best val_score=0.035624 | saved ckpt -> cvae_model.pkl
2026-02-15 11:33:37,201 - steps.encdec - INFO - Epoch 6/500
2026-02-15 11:34:42,060 - steps.encdec - INFO - New best val_score=0.033966 | saved ckpt -> cvae_model.pkl
2026-02-15 11:34:42,060 - steps.encdec - INFO - Epoch 7/500
2026-02-15 11:35:46,069 - steps.encdec - INFO - New best val_score=0.031311 | saved ckpt -> cvae_model.pkl
2026-02-15 11:35:46,070 - steps.encdec - INFO - Epoch 8/500
2026-02-15 11:36:50,633 - steps.encdec - INFO - No improve (1/50)
2026-02-15 11:36:50,633 - steps.encdec - INFO - Epoch 9/500
2026-02-15 11:37:55,037 - steps.encdec - INFO - New best val_score=0.030127 | saved ckpt -> cvae_model.pkl
2026-02-15 11:37:55,037 - steps.encdec - INFO - Epoch 10/500
2026-02-15 11:38:59,558 - steps.encdec - INFO - New best val_score=0.028765 | saved ckpt -> cvae_model.pkl
2026-02-15 11:38:59,559 - steps.encdec - INFO - Epoch 11/500
2026-02-15 11:40:04,229 - steps.encdec - INFO - New best val_score=0.028140 | saved ckpt -> cvae_model.pkl
2026-02-15 11:40:04,229 - steps.encdec - INFO - Epoch 12/500
2026-02-15 11:41:08,024 - steps.encdec - INFO - No improve (1/50)
2026-02-15 11:41:08,024 - steps.encdec - INFO - Epoch 13/500
2026-02-15 11:42:11,884 - steps.encdec - INFO - New best val_score=0.027731 | saved ckpt -> cvae_model.pkl
2026-02-15 11:42:11,884 - steps.encdec - INFO - Epoch 14/500
2026-02-15 11:43:15,608 - steps.encdec - INFO - No improve (1/50)
2026-02-15 11:43:15,609 - steps.encdec - INFO - Epoch 15/500
2026-02-15 11:44:19,433 - steps.encdec - INFO - New best val_score=0.027321 | saved ckpt -> cvae_model.pkl
2026-02-15 11:44:19,433 - steps.encdec - INFO - Epoch 16/500
2026-02-15 11:45:24,385 - steps.encdec - INFO - New best val_score=0.026958 | saved ckpt -> cvae_model.pkl
2026-02-15 11:45:24,386 - steps.encdec - INFO - Epoch 17/500
2026-02-15 11:46:28,812 - steps.encdec - INFO - No improve (1/50)
2026-02-15 11:46:28,812 - steps.encdec - INFO - Epoch 18/500
2026-02-15 11:47:32,678 - steps.encdec - INFO - No improve (2/50)
2026-02-15 11:47:32,678 - steps.encdec - INFO - Epoch 19/500
2026-02-15 11:48:36,571 - steps.encdec - INFO - No improve (3/50)
2026-02-15 11:48:36,571 - steps.encdec - INFO - Epoch 20/500
2026-02-15 11:49:40,724 - steps.encdec - INFO - No improve (4/50)
2026-02-15 11:49:40,725 - steps.encdec - INFO - Epoch 21/500
2026-02-15 11:50:45,387 - steps.encdec - INFO - No improve (5/50)
2026-02-15 11:50:45,388 - steps.encdec - INFO - Epoch 22/500
2026-02-15 11:51:49,610 - steps.encdec - INFO - No improve (6/50)
2026-02-15 11:51:49,611 - steps.encdec - INFO - Epoch 23/500
2026-02-15 11:52:53,801 - steps.encdec - INFO - No improve (7/50)
2026-02-15 11:52:53,801 - steps.encdec - INFO - Epoch 24/500
2026-02-15 11:53:58,212 - steps.encdec - INFO - No improve (8/50)
2026-02-15 11:53:58,212 - steps.encdec - INFO - Epoch 25/500
2026-02-15 11:55:02,278 - steps.encdec - INFO - No improve (9/50)
2026-02-15 11:55:02,278 - steps.encdec - INFO - Epoch 26/500
2026-02-15 11:56:07,010 - steps.encdec - INFO - No improve (10/50)
2026-02-15 11:56:07,011 - steps.encdec - INFO - Epoch 27/500
2026-02-15 11:57:10,857 - steps.encdec - INFO - No improve (11/50)
2026-02-15 11:57:10,857 - steps.encdec - INFO - Epoch 28/500
2026-02-15 11:58:14,703 - steps.encdec - INFO - No improve (12/50)
2026-02-15 11:58:14,703 - steps.encdec - INFO - Epoch 29/500
2026-02-15 11:59:18,321 - steps.encdec - INFO - No improve (13/50)
2026-02-15 11:59:18,322 - steps.encdec - INFO - Epoch 30/500
2026-02-15 12:00:21,439 - steps.encdec - INFO - No improve (14/50)
2026-02-15 12:00:21,439 - steps.encdec - INFO - Epoch 31/500
2026-02-15 12:01:25,422 - steps.encdec - INFO - No improve (15/50)
2026-02-15 12:01:25,422 - steps.encdec - INFO - Epoch 32/500
2026-02-15 12:02:28,822 - steps.encdec - INFO - No improve (16/50)
2026-02-15 12:02:28,822 - steps.encdec - INFO - Epoch 33/500
2026-02-15 12:03:31,956 - steps.encdec - INFO - No improve (17/50)
2026-02-15 12:03:31,957 - steps.encdec - INFO - Epoch 34/500
2026-02-15 12:04:35,102 - steps.encdec - INFO - No improve (18/50)
2026-02-15 12:04:35,102 - steps.encdec - INFO - Epoch 35/500
2026-02-15 12:05:38,372 - steps.encdec - INFO - No improve (19/50)
2026-02-15 12:05:38,372 - steps.encdec - INFO - Epoch 36/500
2026-02-15 12:06:42,718 - steps.encdec - INFO - No improve (20/50)
2026-02-15 12:06:42,718 - steps.encdec - INFO - Epoch 37/500
2026-02-15 12:07:46,534 - steps.encdec - INFO - No improve (21/50)
2026-02-15 12:07:46,534 - steps.encdec - INFO - Epoch 38/500
2026-02-15 12:08:49,552 - steps.encdec - INFO - No improve (22/50)
2026-02-15 12:08:49,552 - steps.encdec - INFO - Epoch 39/500
2026-02-15 12:09:52,662 - steps.encdec - INFO - No improve (23/50)
2026-02-15 12:09:52,662 - steps.encdec - INFO - Epoch 40/500
2026-02-15 12:10:55,830 - steps.encdec - INFO - No improve (24/50)
2026-02-15 12:10:55,831 - steps.encdec - INFO - Epoch 41/500
2026-02-15 12:11:59,432 - steps.encdec - INFO - No improve (25/50)
2026-02-15 12:11:59,432 - steps.encdec - INFO - Epoch 42/500
2026-02-15 12:13:02,721 - steps.encdec - INFO - No improve (26/50)
2026-02-15 12:13:02,721 - steps.encdec - INFO - Epoch 43/500
2026-02-15 12:14:06,211 - steps.encdec - INFO - No improve (27/50)
2026-02-15 12:14:06,211 - steps.encdec - INFO - Epoch 44/500
2026-02-15 12:15:09,389 - steps.encdec - INFO - No improve (28/50)
2026-02-15 12:15:09,390 - steps.encdec - INFO - Epoch 45/500
2026-02-15 12:16:12,743 - steps.encdec - INFO - No improve (29/50)
2026-02-15 12:16:12,743 - steps.encdec - INFO - Epoch 46/500
2026-02-15 12:17:16,445 - steps.encdec - INFO - No improve (30/50)
2026-02-15 12:17:16,445 - steps.encdec - INFO - Epoch 47/500
2026-02-15 12:18:19,857 - steps.encdec - INFO - No improve (31/50)
2026-02-15 12:18:19,857 - steps.encdec - INFO - Epoch 48/500
2026-02-15 12:19:23,195 - steps.encdec - INFO - No improve (32/50)
2026-02-15 12:19:23,195 - steps.encdec - INFO - Epoch 49/500
2026-02-15 12:20:26,320 - steps.encdec - INFO - No improve (33/50)
2026-02-15 12:20:26,320 - steps.encdec - INFO - Epoch 50/500
2026-02-15 12:21:29,240 - steps.encdec - INFO - No improve (34/50)
2026-02-15 12:21:29,240 - steps.encdec - INFO - Epoch 51/500
2026-02-15 12:22:32,724 - steps.encdec - INFO - No improve (35/50)
2026-02-15 12:22:32,724 - steps.encdec - INFO - Epoch 52/500
2026-02-15 12:23:35,738 - steps.encdec - INFO - No improve (36/50)
2026-02-15 12:23:35,738 - steps.encdec - INFO - Epoch 53/500
2026-02-15 12:24:38,633 - steps.encdec - INFO - No improve (37/50)
2026-02-15 12:24:38,633 - steps.encdec - INFO - Epoch 54/500
2026-02-15 12:25:41,277 - steps.encdec - INFO - No improve (38/50)
2026-02-15 12:25:41,277 - steps.encdec - INFO - Epoch 55/500
2026-02-15 12:26:43,924 - steps.encdec - INFO - No improve (39/50)
2026-02-15 12:26:43,924 - steps.encdec - INFO - Epoch 56/500
2026-02-15 12:27:47,430 - steps.encdec - INFO - No improve (40/50)
2026-02-15 12:27:47,430 - steps.encdec - INFO - Epoch 57/500
2026-02-15 12:28:50,446 - steps.encdec - INFO - No improve (41/50)
2026-02-15 12:28:50,446 - steps.encdec - INFO - Epoch 58/500
2026-02-15 12:29:53,496 - steps.encdec - INFO - No improve (42/50)
2026-02-15 12:29:53,497 - steps.encdec - INFO - Epoch 59/500
2026-02-15 12:30:56,601 - steps.encdec - INFO - No improve (43/50)
2026-02-15 12:30:56,602 - steps.encdec - INFO - Epoch 60/500
2026-02-15 12:31:59,655 - steps.encdec - INFO - No improve (44/50)
2026-02-15 12:31:59,655 - steps.encdec - INFO - Epoch 61/500
2026-02-15 12:33:03,408 - steps.encdec - INFO - No improve (45/50)
2026-02-15 12:33:03,408 - steps.encdec - INFO - Epoch 62/500
2026-02-15 12:34:06,376 - steps.encdec - INFO - No improve (46/50)
2026-02-15 12:34:06,376 - steps.encdec - INFO - Epoch 63/500
2026-02-15 12:35:09,584 - steps.encdec - INFO - No improve (47/50)
2026-02-15 12:35:09,584 - steps.encdec - INFO - Epoch 64/500
2026-02-15 12:36:13,083 - steps.encdec - INFO - No improve (48/50)
2026-02-15 12:36:13,083 - steps.encdec - INFO - Epoch 65/500
2026-02-15 12:37:16,211 - steps.encdec - INFO - No improve (49/50)
2026-02-15 12:37:16,211 - steps.encdec - INFO - Epoch 66/500
2026-02-15 12:38:19,997 - steps.encdec - INFO - No improve (50/50)
2026-02-15 12:38:19,998 - steps.encdec - INFO - Early stopping triggered
2026-02-15 12:38:19,998 - steps.encdec - INFO - ==================================================
2026-02-15 12:38:19,998 - steps.encdec - INFO - TRAINING FINISHED
2026-02-15 12:38:19,998 - steps.encdec - INFO - Best Epoch: 16
2026-02-15 12:38:19,998 - steps.encdec - INFO - Best Validation Metrics:
2026-02-15 12:38:19,998 - steps.encdec - INFO -   - total_loss: 0.026958
2026-02-15 12:38:19,998 - steps.encdec - INFO -   - recon_loss: 0.016116
2026-02-15 12:38:19,998 - steps.encdec - INFO -   - recon_data_loss: 0.015649
2026-02-15 12:38:19,998 - steps.encdec - INFO -   - recon_mask_loss: 0.000467
2026-02-15 12:38:19,998 - steps.encdec - INFO -   - kld_loss: 453.016557
2026-02-15 12:38:19,998 - steps.encdec - INFO -   - kld_free: 453.016557
2026-02-15 12:38:19,998 - steps.encdec - INFO -   - causal_loss: 0.005421
2026-02-15 12:38:19,998 - steps.encdec - INFO -   - current_beta: 0.000000
2026-02-15 12:38:19,998 - steps.encdec - INFO - Best Validation Score (recon + gamma*causal): 0.026958
2026-02-15 12:38:19,998 - steps.encdec - INFO - ==================================================
2026-02-15 12:38:21,334 - steps.encdec - INFO - Saved loss curves -> cvae_loss_curves.png
2026-02-15 12:38:38,797 - steps.encdec - INFO - Saved encoded data (shape=(540000, 64)) -> cvae_encoded_data.pkl
2026-02-15 13:33:46,453 - steps.encdec - INFO - Step: encdec | training CausalVAE
2026-02-15 13:33:46,454 - steps.encdec - INFO - Device: cuda
2026-02-15 13:35:26,781 - steps.encdec - INFO - Dims | input_dim=29 seq_len=60 num_total_features=29
2026-02-15 13:35:43,916 - steps.encdec - INFO - Start from scratch | resume=False | ckpt_exists=False
2026-02-15 13:35:43,916 - steps.encdec - INFO - Epoch 1/500
2026-02-15 13:36:53,545 - steps.encdec - INFO - New best val_score=0.081623 | saved ckpt -> cvae_model_v2.pkl
2026-02-15 13:36:53,545 - steps.encdec - INFO - Epoch 2/500
2026-02-15 13:37:57,819 - steps.encdec - INFO - New best val_score=0.059223 | saved ckpt -> cvae_model_v2.pkl
2026-02-15 13:37:57,819 - steps.encdec - INFO - Epoch 3/500
2026-02-15 13:39:02,190 - steps.encdec - INFO - New best val_score=0.038125 | saved ckpt -> cvae_model_v2.pkl
2026-02-15 13:39:02,190 - steps.encdec - INFO - Epoch 4/500
2026-02-15 13:40:06,745 - steps.encdec - INFO - New best val_score=0.033072 | saved ckpt -> cvae_model_v2.pkl
2026-02-15 13:40:06,745 - steps.encdec - INFO - Epoch 5/500
2026-02-15 13:41:11,188 - steps.encdec - INFO - New best val_score=0.030227 | saved ckpt -> cvae_model_v2.pkl
2026-02-15 13:41:11,189 - steps.encdec - INFO - Epoch 6/500
2026-02-15 13:42:16,006 - steps.encdec - INFO - New best val_score=0.028596 | saved ckpt -> cvae_model_v2.pkl
2026-02-15 13:42:16,006 - steps.encdec - INFO - Epoch 7/500
2026-02-15 13:43:20,200 - steps.encdec - INFO - New best val_score=0.027350 | saved ckpt -> cvae_model_v2.pkl
2026-02-15 13:43:20,200 - steps.encdec - INFO - Epoch 8/500
2026-02-15 13:44:24,384 - steps.encdec - INFO - New best val_score=0.026627 | saved ckpt -> cvae_model_v2.pkl
2026-02-15 13:44:24,386 - steps.encdec - INFO - Epoch 9/500
2026-02-15 13:45:29,085 - steps.encdec - INFO - New best val_score=0.026250 | saved ckpt -> cvae_model_v2.pkl
2026-02-15 13:45:29,086 - steps.encdec - INFO - Epoch 10/500
2026-02-15 13:46:33,373 - steps.encdec - INFO - New best val_score=0.025557 | saved ckpt -> cvae_model_v2.pkl
2026-02-15 13:46:33,374 - steps.encdec - INFO - Epoch 11/500
2026-02-15 13:47:38,377 - steps.encdec - INFO - New best val_score=0.025455 | saved ckpt -> cvae_model_v2.pkl
2026-02-15 13:47:38,378 - steps.encdec - INFO - Epoch 12/500
2026-02-15 13:48:42,895 - steps.encdec - INFO - New best val_score=0.025109 | saved ckpt -> cvae_model_v2.pkl
2026-02-15 13:48:42,895 - steps.encdec - INFO - Epoch 13/500
2026-02-15 13:49:46,873 - steps.encdec - INFO - No improve (1/60)
2026-02-15 13:49:46,873 - steps.encdec - INFO - Epoch 14/500
2026-02-15 13:50:51,219 - steps.encdec - INFO - No improve (2/60)
2026-02-15 13:50:51,219 - steps.encdec - INFO - Epoch 15/500
2026-02-15 13:51:55,609 - steps.encdec - INFO - New best val_score=0.024937 | saved ckpt -> cvae_model_v2.pkl
2026-02-15 13:51:55,610 - steps.encdec - INFO - Epoch 16/500
2026-02-15 13:53:00,401 - steps.encdec - INFO - New best val_score=0.024857 | saved ckpt -> cvae_model_v2.pkl
2026-02-15 13:53:00,401 - steps.encdec - INFO - Epoch 17/500
2026-02-15 13:54:04,711 - steps.encdec - INFO - No improve (1/60)
2026-02-15 13:54:04,711 - steps.encdec - INFO - Epoch 18/500
2026-02-15 13:55:09,024 - steps.encdec - INFO - No improve (2/60)
2026-02-15 13:55:09,025 - steps.encdec - INFO - Epoch 19/500
2026-02-15 13:56:13,433 - steps.encdec - INFO - No improve (3/60)
2026-02-15 13:56:13,433 - steps.encdec - INFO - Epoch 20/500
2026-02-15 13:57:17,487 - steps.encdec - INFO - No improve (4/60)
2026-02-15 13:57:17,487 - steps.encdec - INFO - Epoch 21/500
2026-02-15 13:58:22,254 - steps.encdec - INFO - No improve (5/60)
2026-02-15 13:58:22,254 - steps.encdec - INFO - Epoch 22/500
2026-02-15 13:59:26,492 - steps.encdec - INFO - No improve (6/60)
2026-02-15 13:59:26,492 - steps.encdec - INFO - Epoch 23/500
2026-02-15 14:00:30,863 - steps.encdec - INFO - No improve (7/60)
2026-02-15 14:00:30,863 - steps.encdec - INFO - Epoch 24/500
2026-02-15 14:01:34,935 - steps.encdec - INFO - No improve (8/60)
2026-02-15 14:01:34,936 - steps.encdec - INFO - Epoch 25/500
2026-02-15 14:02:38,942 - steps.encdec - INFO - No improve (9/60)
2026-02-15 14:02:38,943 - steps.encdec - INFO - Epoch 26/500
2026-02-15 14:03:43,625 - steps.encdec - INFO - No improve (10/60)
2026-02-15 14:03:43,625 - steps.encdec - INFO - Epoch 27/500
2026-02-15 14:04:47,835 - steps.encdec - INFO - No improve (11/60)
2026-02-15 14:04:47,835 - steps.encdec - INFO - Epoch 28/500
2026-02-15 14:05:52,209 - steps.encdec - INFO - No improve (12/60)
2026-02-15 14:05:52,209 - steps.encdec - INFO - Epoch 29/500
2026-02-15 14:06:56,256 - steps.encdec - INFO - No improve (13/60)
2026-02-15 14:06:56,256 - steps.encdec - INFO - Epoch 30/500
2026-02-15 14:08:00,503 - steps.encdec - INFO - No improve (14/60)
2026-02-15 14:08:00,504 - steps.encdec - INFO - Epoch 31/500
2026-02-15 14:09:05,233 - steps.encdec - INFO - No improve (15/60)
2026-02-15 14:09:05,233 - steps.encdec - INFO - Epoch 32/500
2026-02-15 14:10:09,438 - steps.encdec - INFO - No improve (16/60)
2026-02-15 14:10:09,438 - steps.encdec - INFO - Epoch 33/500
2026-02-15 14:11:13,785 - steps.encdec - INFO - No improve (17/60)
2026-02-15 14:11:13,786 - steps.encdec - INFO - Epoch 34/500
2026-02-15 14:12:17,993 - steps.encdec - INFO - No improve (18/60)
2026-02-15 14:12:17,993 - steps.encdec - INFO - Epoch 35/500
2026-02-15 14:13:22,141 - steps.encdec - INFO - No improve (19/60)
2026-02-15 14:13:22,141 - steps.encdec - INFO - Epoch 36/500
2026-02-15 14:14:27,090 - steps.encdec - INFO - No improve (20/60)
2026-02-15 14:14:27,090 - steps.encdec - INFO - Epoch 37/500
2026-02-15 14:15:31,317 - steps.encdec - INFO - No improve (21/60)
2026-02-15 14:15:31,317 - steps.encdec - INFO - Epoch 38/500
2026-02-15 14:16:35,477 - steps.encdec - INFO - No improve (22/60)
2026-02-15 14:16:35,478 - steps.encdec - INFO - Epoch 39/500
2026-02-15 14:17:39,812 - steps.encdec - INFO - No improve (23/60)
2026-02-15 14:17:39,812 - steps.encdec - INFO - Epoch 40/500
2026-02-15 14:18:44,142 - steps.encdec - INFO - No improve (24/60)
2026-02-15 14:18:44,142 - steps.encdec - INFO - Epoch 41/500
2026-02-15 14:19:49,168 - steps.encdec - INFO - No improve (25/60)
2026-02-15 14:19:49,168 - steps.encdec - INFO - Epoch 42/500
2026-02-15 14:20:53,270 - steps.encdec - INFO - No improve (26/60)
2026-02-15 14:20:53,270 - steps.encdec - INFO - Epoch 43/500
2026-02-15 14:21:57,689 - steps.encdec - INFO - No improve (27/60)
2026-02-15 14:21:57,689 - steps.encdec - INFO - Epoch 44/500
2026-02-15 14:23:02,030 - steps.encdec - INFO - No improve (28/60)
2026-02-15 14:23:02,031 - steps.encdec - INFO - Epoch 45/500
2026-02-15 14:24:06,183 - steps.encdec - INFO - No improve (29/60)
2026-02-15 14:24:06,183 - steps.encdec - INFO - Epoch 46/500
2026-02-15 14:25:11,116 - steps.encdec - INFO - No improve (30/60)
2026-02-15 14:25:11,116 - steps.encdec - INFO - Epoch 47/500
2026-02-15 14:26:15,919 - steps.encdec - INFO - No improve (31/60)
2026-02-15 14:26:15,919 - steps.encdec - INFO - Epoch 48/500
2026-02-15 14:27:20,715 - steps.encdec - INFO - No improve (32/60)
2026-02-15 14:27:20,715 - steps.encdec - INFO - Epoch 49/500
2026-02-15 14:28:25,222 - steps.encdec - INFO - No improve (33/60)
2026-02-15 14:28:25,222 - steps.encdec - INFO - Epoch 50/500
2026-02-15 14:29:29,457 - steps.encdec - INFO - No improve (34/60)
2026-02-15 14:29:29,457 - steps.encdec - INFO - Epoch 51/500
2026-02-15 14:30:34,391 - steps.encdec - INFO - No improve (35/60)
2026-02-15 14:30:34,391 - steps.encdec - INFO - Epoch 52/500
2026-02-15 14:31:38,771 - steps.encdec - INFO - No improve (36/60)
2026-02-15 14:31:38,772 - steps.encdec - INFO - Epoch 53/500
2026-02-15 14:32:42,986 - steps.encdec - INFO - No improve (37/60)
2026-02-15 14:32:42,986 - steps.encdec - INFO - Epoch 54/500
2026-02-15 14:33:47,729 - steps.encdec - INFO - No improve (38/60)
2026-02-15 14:33:47,729 - steps.encdec - INFO - Epoch 55/500
2026-02-15 14:34:52,064 - steps.encdec - INFO - No improve (39/60)
2026-02-15 14:34:52,064 - steps.encdec - INFO - Epoch 56/500
2026-02-15 14:35:57,037 - steps.encdec - INFO - No improve (40/60)
2026-02-15 14:35:57,038 - steps.encdec - INFO - Epoch 57/500
2026-02-15 14:37:01,240 - steps.encdec - INFO - No improve (41/60)
2026-02-15 14:37:01,240 - steps.encdec - INFO - Epoch 58/500
2026-02-15 14:38:05,501 - steps.encdec - INFO - No improve (42/60)
2026-02-15 14:38:05,502 - steps.encdec - INFO - Epoch 59/500
2026-02-15 14:39:10,160 - steps.encdec - INFO - No improve (43/60)
2026-02-15 14:39:10,160 - steps.encdec - INFO - Epoch 60/500
2026-02-15 14:40:14,824 - steps.encdec - INFO - No improve (44/60)
2026-02-15 14:40:14,824 - steps.encdec - INFO - Epoch 61/500
2026-02-15 14:41:19,589 - steps.encdec - INFO - No improve (45/60)
2026-02-15 14:41:19,589 - steps.encdec - INFO - Epoch 62/500
2026-02-15 14:42:23,608 - steps.encdec - INFO - No improve (46/60)
2026-02-15 14:42:23,608 - steps.encdec - INFO - Epoch 63/500
2026-02-15 14:43:27,756 - steps.encdec - INFO - No improve (47/60)
2026-02-15 14:43:27,757 - steps.encdec - INFO - Epoch 64/500
2026-02-15 14:44:32,052 - steps.encdec - INFO - No improve (48/60)
2026-02-15 14:44:32,052 - steps.encdec - INFO - Epoch 65/500
2026-02-15 14:45:36,282 - steps.encdec - INFO - No improve (49/60)
2026-02-15 14:45:36,282 - steps.encdec - INFO - Epoch 66/500
2026-02-15 14:46:41,279 - steps.encdec - INFO - No improve (50/60)
2026-02-15 14:46:41,279 - steps.encdec - INFO - Epoch 67/500
2026-02-15 14:47:45,670 - steps.encdec - INFO - No improve (51/60)
2026-02-15 14:47:45,670 - steps.encdec - INFO - Epoch 68/500
2026-02-15 14:48:50,099 - steps.encdec - INFO - No improve (52/60)
2026-02-15 14:48:50,099 - steps.encdec - INFO - Epoch 69/500
2026-02-15 14:49:54,509 - steps.encdec - INFO - No improve (53/60)
2026-02-15 14:49:54,509 - steps.encdec - INFO - Epoch 70/500
2026-02-15 14:50:58,779 - steps.encdec - INFO - No improve (54/60)
2026-02-15 14:50:58,779 - steps.encdec - INFO - Epoch 71/500
2026-02-15 14:52:03,592 - steps.encdec - INFO - No improve (55/60)
2026-02-15 14:52:03,592 - steps.encdec - INFO - Epoch 72/500
2026-02-15 14:53:07,670 - steps.encdec - INFO - No improve (56/60)
2026-02-15 14:53:07,670 - steps.encdec - INFO - Epoch 73/500
2026-02-15 14:54:12,034 - steps.encdec - INFO - No improve (57/60)
2026-02-15 14:54:12,034 - steps.encdec - INFO - Epoch 74/500
2026-02-15 14:55:16,249 - steps.encdec - INFO - No improve (58/60)
2026-02-15 14:55:16,249 - steps.encdec - INFO - Epoch 75/500
2026-02-15 14:56:20,635 - steps.encdec - INFO - No improve (59/60)
2026-02-15 14:56:20,635 - steps.encdec - INFO - Epoch 76/500
2026-02-15 14:57:25,823 - steps.encdec - INFO - No improve (60/60)
2026-02-15 14:57:25,823 - steps.encdec - INFO - Early stopping triggered
2026-02-15 14:57:25,823 - steps.encdec - INFO - ==================================================
2026-02-15 14:57:25,823 - steps.encdec - INFO - TRAINING FINISHED
2026-02-15 14:57:25,823 - steps.encdec - INFO - Best Epoch: 16
2026-02-15 14:57:25,823 - steps.encdec - INFO - Best Validation Metrics:
2026-02-15 14:57:25,823 - steps.encdec - INFO -   - total_loss: 0.024857
2026-02-15 14:57:25,823 - steps.encdec - INFO -   - recon_loss: 0.014802
2026-02-15 14:57:25,823 - steps.encdec - INFO -   - recon_data_loss: 0.014726
2026-02-15 14:57:25,823 - steps.encdec - INFO -   - recon_mask_loss: 0.000077
2026-02-15 14:57:25,823 - steps.encdec - INFO -   - kld_loss: 462.883716
2026-02-15 14:57:25,823 - steps.encdec - INFO -   - kld_free: 462.883716
2026-02-15 14:57:25,824 - steps.encdec - INFO -   - causal_loss: 0.010055
2026-02-15 14:57:25,824 - steps.encdec - INFO -   - current_beta: 0.000000
2026-02-15 14:57:25,824 - steps.encdec - INFO - Best Validation Score (recon + gamma*causal): 0.024857
2026-02-15 14:57:25,824 - steps.encdec - INFO - ==================================================
2026-02-15 14:57:27,556 - steps.encdec - INFO - Saved loss curves -> cvae_loss_curves.png
2026-02-15 14:57:45,904 - steps.encdec - INFO - Saved encoded data (shape=(540000, 64)) -> cvae_encoded_data_v2.pkl
2026-02-15 16:06:41,390 - steps.encdec - INFO - Step: encdec | training CausalVAE
2026-02-15 16:06:41,414 - steps.encdec - INFO - Device: cuda
2026-02-15 16:08:27,347 - steps.encdec - INFO - Dims | input_dim=29 seq_len=60 num_total_features=29
2026-02-15 16:08:37,478 - steps.encdec - INFO - Start from scratch | resume=False | ckpt_exists=False
2026-02-15 16:08:37,478 - steps.encdec - INFO - Epoch 1/500
2026-02-15 16:09:49,671 - steps.encdec - INFO - New best val_score=0.164866 | saved ckpt -> cvae_model_v3.pkl
2026-02-15 16:09:49,671 - steps.encdec - INFO - Epoch 2/500
2026-02-15 16:10:53,430 - steps.encdec - INFO - New best val_score=0.087986 | saved ckpt -> cvae_model_v3.pkl
2026-02-15 16:10:53,430 - steps.encdec - INFO - Epoch 3/500
2026-02-15 16:11:57,228 - steps.encdec - INFO - No improve (1/60)
2026-02-15 16:11:57,228 - steps.encdec - INFO - Epoch 4/500
2026-02-15 16:13:00,875 - steps.encdec - INFO - New best val_score=0.062161 | saved ckpt -> cvae_model_v3.pkl
2026-02-15 16:13:00,875 - steps.encdec - INFO - Epoch 5/500
2026-02-15 16:14:04,716 - steps.encdec - INFO - New best val_score=0.052406 | saved ckpt -> cvae_model_v3.pkl
2026-02-15 16:14:04,716 - steps.encdec - INFO - Epoch 6/500
2026-02-15 16:15:09,310 - steps.encdec - INFO - New best val_score=0.045590 | saved ckpt -> cvae_model_v3.pkl
2026-02-15 16:15:09,310 - steps.encdec - INFO - Epoch 7/500
2026-02-15 16:16:13,574 - steps.encdec - INFO - New best val_score=0.045077 | saved ckpt -> cvae_model_v3.pkl
2026-02-15 16:16:13,574 - steps.encdec - INFO - Epoch 8/500
2026-02-15 16:17:17,680 - steps.encdec - INFO - No improve (1/60)
2026-02-15 16:17:17,680 - steps.encdec - INFO - Epoch 9/500
2026-02-15 16:18:21,519 - steps.encdec - INFO - New best val_score=0.041400 | saved ckpt -> cvae_model_v3.pkl
2026-02-15 16:18:21,519 - steps.encdec - INFO - Epoch 10/500
2026-02-15 16:19:25,439 - steps.encdec - INFO - New best val_score=0.040531 | saved ckpt -> cvae_model_v3.pkl
2026-02-15 16:19:25,439 - steps.encdec - INFO - Epoch 11/500
2026-02-15 16:20:29,698 - steps.encdec - INFO - No improve (1/60)
2026-02-15 16:20:29,699 - steps.encdec - INFO - Epoch 12/500
2026-02-15 16:21:33,391 - steps.encdec - INFO - New best val_score=0.037280 | saved ckpt -> cvae_model_v3.pkl
2026-02-15 16:21:33,391 - steps.encdec - INFO - Epoch 13/500
2026-02-15 16:22:36,906 - steps.encdec - INFO - New best val_score=0.034581 | saved ckpt -> cvae_model_v3.pkl
2026-02-15 16:22:36,906 - steps.encdec - INFO - Epoch 14/500
2026-02-15 16:23:40,352 - steps.encdec - INFO - New best val_score=0.034165 | saved ckpt -> cvae_model_v3.pkl
2026-02-15 16:23:40,352 - steps.encdec - INFO - Epoch 15/500
2026-02-15 16:24:43,959 - steps.encdec - INFO - New best val_score=0.032085 | saved ckpt -> cvae_model_v3.pkl
2026-02-15 16:24:43,959 - steps.encdec - INFO - Epoch 16/500
2026-02-15 16:25:48,048 - steps.encdec - INFO - New best val_score=0.032019 | saved ckpt -> cvae_model_v3.pkl
2026-02-15 16:25:48,048 - steps.encdec - INFO - Epoch 17/500
2026-02-15 16:26:51,375 - steps.encdec - INFO - New best val_score=0.030371 | saved ckpt -> cvae_model_v3.pkl
2026-02-15 16:26:51,375 - steps.encdec - INFO - Epoch 18/500
2026-02-15 16:27:54,547 - steps.encdec - INFO - New best val_score=0.029529 | saved ckpt -> cvae_model_v3.pkl
2026-02-15 16:27:54,547 - steps.encdec - INFO - Epoch 19/500
2026-02-15 16:28:57,736 - steps.encdec - INFO - New best val_score=0.028455 | saved ckpt -> cvae_model_v3.pkl
2026-02-15 16:28:57,736 - steps.encdec - INFO - Epoch 20/500
2026-02-15 16:30:00,861 - steps.encdec - INFO - New best val_score=0.027566 | saved ckpt -> cvae_model_v3.pkl
2026-02-15 16:30:00,861 - steps.encdec - INFO - Epoch 21/500
2026-02-15 16:31:04,678 - steps.encdec - INFO - No improve (1/60)
2026-02-15 16:31:04,678 - steps.encdec - INFO - Epoch 22/500
2026-02-15 16:32:08,042 - steps.encdec - INFO - New best val_score=0.027275 | saved ckpt -> cvae_model_v3.pkl
2026-02-15 16:32:08,042 - steps.encdec - INFO - Epoch 23/500
2026-02-15 16:33:11,091 - steps.encdec - INFO - New best val_score=0.026706 | saved ckpt -> cvae_model_v3.pkl
2026-02-15 16:33:11,091 - steps.encdec - INFO - Epoch 24/500
2026-02-15 16:34:14,098 - steps.encdec - INFO - New best val_score=0.026043 | saved ckpt -> cvae_model_v3.pkl
2026-02-15 16:34:14,099 - steps.encdec - INFO - Epoch 25/500
2026-02-15 16:35:16,941 - steps.encdec - INFO - New best val_score=0.025655 | saved ckpt -> cvae_model_v3.pkl
2026-02-15 16:35:16,941 - steps.encdec - INFO - Epoch 26/500
2026-02-15 16:36:20,981 - steps.encdec - INFO - No improve (1/60)
2026-02-15 16:36:20,981 - steps.encdec - INFO - Epoch 27/500
2026-02-15 16:37:24,385 - steps.encdec - INFO - New best val_score=0.024429 | saved ckpt -> cvae_model_v3.pkl
2026-02-15 16:37:24,385 - steps.encdec - INFO - Epoch 28/500
2026-02-15 16:38:27,479 - steps.encdec - INFO - No improve (1/60)
2026-02-15 16:38:27,479 - steps.encdec - INFO - Epoch 29/500
2026-02-15 16:39:30,464 - steps.encdec - INFO - No improve (2/60)
2026-02-15 16:39:30,464 - steps.encdec - INFO - Epoch 30/500
2026-02-15 16:40:33,675 - steps.encdec - INFO - New best val_score=0.023904 | saved ckpt -> cvae_model_v3.pkl
2026-02-15 16:40:33,675 - steps.encdec - INFO - Epoch 31/500
2026-02-15 16:41:37,663 - steps.encdec - INFO - New best val_score=0.023500 | saved ckpt -> cvae_model_v3.pkl
2026-02-15 16:41:37,663 - steps.encdec - INFO - Epoch 32/500
2026-02-15 16:42:40,850 - steps.encdec - INFO - No improve (1/60)
2026-02-15 16:42:40,850 - steps.encdec - INFO - Epoch 33/500
2026-02-15 16:43:44,167 - steps.encdec - INFO - No improve (2/60)
2026-02-15 16:43:44,167 - steps.encdec - INFO - Epoch 34/500
2026-02-15 16:44:47,282 - steps.encdec - INFO - No improve (3/60)
2026-02-15 16:44:47,282 - steps.encdec - INFO - Epoch 35/500
2026-02-15 16:45:50,434 - steps.encdec - INFO - No improve (4/60)
2026-02-15 16:45:50,434 - steps.encdec - INFO - Epoch 36/500
2026-02-15 16:46:53,984 - steps.encdec - INFO - No improve (5/60)
2026-02-15 16:46:53,985 - steps.encdec - INFO - Epoch 37/500
2026-02-15 16:47:57,363 - steps.encdec - INFO - No improve (6/60)
2026-02-15 16:47:57,364 - steps.encdec - INFO - Epoch 38/500
2026-02-15 16:49:00,426 - steps.encdec - INFO - No improve (7/60)
2026-02-15 16:49:00,427 - steps.encdec - INFO - Epoch 39/500
2026-02-15 16:50:03,267 - steps.encdec - INFO - No improve (8/60)
2026-02-15 16:50:03,267 - steps.encdec - INFO - Epoch 40/500
2026-02-15 16:51:06,181 - steps.encdec - INFO - No improve (9/60)
2026-02-15 16:51:06,181 - steps.encdec - INFO - Epoch 41/500
2026-02-15 16:52:09,803 - steps.encdec - INFO - No improve (10/60)
2026-02-15 16:52:09,804 - steps.encdec - INFO - Epoch 42/500
2026-02-15 16:53:12,750 - steps.encdec - INFO - New best val_score=0.023029 | saved ckpt -> cvae_model_v3.pkl
2026-02-15 16:53:12,750 - steps.encdec - INFO - Epoch 43/500
2026-02-15 16:54:15,670 - steps.encdec - INFO - New best val_score=0.022605 | saved ckpt -> cvae_model_v3.pkl
2026-02-15 16:54:15,670 - steps.encdec - INFO - Epoch 44/500
2026-02-15 16:55:18,810 - steps.encdec - INFO - No improve (1/60)
2026-02-15 16:55:18,810 - steps.encdec - INFO - Epoch 45/500
2026-02-15 16:56:21,842 - steps.encdec - INFO - No improve (2/60)
2026-02-15 16:56:21,842 - steps.encdec - INFO - Epoch 46/500
2026-02-15 16:57:25,403 - steps.encdec - INFO - No improve (3/60)
2026-02-15 16:57:25,403 - steps.encdec - INFO - Epoch 47/500
2026-02-15 16:58:28,393 - steps.encdec - INFO - No improve (4/60)
2026-02-15 16:58:28,393 - steps.encdec - INFO - Epoch 48/500
2026-02-15 16:59:31,561 - steps.encdec - INFO - No improve (5/60)
2026-02-15 16:59:31,561 - steps.encdec - INFO - Epoch 49/500
2026-02-15 17:00:34,533 - steps.encdec - INFO - No improve (6/60)
2026-02-15 17:00:34,533 - steps.encdec - INFO - Epoch 50/500
2026-02-15 17:01:37,798 - steps.encdec - INFO - No improve (7/60)
2026-02-15 17:01:37,798 - steps.encdec - INFO - Epoch 51/500
2026-02-15 17:02:41,268 - steps.encdec - INFO - No improve (8/60)
2026-02-15 17:02:41,269 - steps.encdec - INFO - Epoch 52/500
2026-02-15 17:03:44,386 - steps.encdec - INFO - No improve (9/60)
2026-02-15 17:03:44,387 - steps.encdec - INFO - Epoch 53/500
2026-02-15 17:04:47,624 - steps.encdec - INFO - No improve (10/60)
2026-02-15 17:04:47,624 - steps.encdec - INFO - Epoch 54/500
2026-02-15 17:05:50,549 - steps.encdec - INFO - No improve (11/60)
2026-02-15 17:05:50,549 - steps.encdec - INFO - Epoch 55/500
2026-02-15 17:06:53,513 - steps.encdec - INFO - No improve (12/60)
2026-02-15 17:06:53,513 - steps.encdec - INFO - Epoch 56/500
2026-02-15 17:07:57,223 - steps.encdec - INFO - No improve (13/60)
2026-02-15 17:07:57,223 - steps.encdec - INFO - Epoch 57/500
2026-02-15 17:09:00,419 - steps.encdec - INFO - No improve (14/60)
2026-02-15 17:09:00,419 - steps.encdec - INFO - Epoch 58/500
2026-02-15 17:10:03,489 - steps.encdec - INFO - No improve (15/60)
2026-02-15 17:10:03,490 - steps.encdec - INFO - Epoch 59/500
2026-02-15 17:11:06,505 - steps.encdec - INFO - No improve (16/60)
2026-02-15 17:11:06,505 - steps.encdec - INFO - Epoch 60/500
2026-02-15 17:12:09,518 - steps.encdec - INFO - No improve (17/60)
2026-02-15 17:12:09,518 - steps.encdec - INFO - Epoch 61/500
2026-02-15 17:13:13,275 - steps.encdec - INFO - No improve (18/60)
2026-02-15 17:13:13,275 - steps.encdec - INFO - Epoch 62/500
2026-02-15 17:14:16,468 - steps.encdec - INFO - No improve (19/60)
2026-02-15 17:14:16,468 - steps.encdec - INFO - Epoch 63/500
2026-02-15 17:15:19,481 - steps.encdec - INFO - No improve (20/60)
2026-02-15 17:15:19,481 - steps.encdec - INFO - Epoch 64/500
2026-02-15 17:16:22,646 - steps.encdec - INFO - No improve (21/60)
2026-02-15 17:16:22,646 - steps.encdec - INFO - Epoch 65/500
2026-02-15 17:17:25,825 - steps.encdec - INFO - No improve (22/60)
2026-02-15 17:17:25,825 - steps.encdec - INFO - Epoch 66/500
2026-02-15 17:18:29,615 - steps.encdec - INFO - No improve (23/60)
2026-02-15 17:18:29,616 - steps.encdec - INFO - Epoch 67/500
2026-02-15 17:19:32,912 - steps.encdec - INFO - No improve (24/60)
2026-02-15 17:19:32,913 - steps.encdec - INFO - Epoch 68/500
2026-02-15 17:20:36,004 - steps.encdec - INFO - No improve (25/60)
2026-02-15 17:20:36,005 - steps.encdec - INFO - Epoch 69/500
2026-02-15 17:21:38,723 - steps.encdec - INFO - No improve (26/60)
2026-02-15 17:21:38,724 - steps.encdec - INFO - Epoch 70/500
2026-02-15 17:22:41,780 - steps.encdec - INFO - No improve (27/60)
2026-02-15 17:22:41,781 - steps.encdec - INFO - Epoch 71/500
2026-02-15 17:23:45,118 - steps.encdec - INFO - No improve (28/60)
2026-02-15 17:23:45,118 - steps.encdec - INFO - Epoch 72/500
2026-02-15 17:24:47,762 - steps.encdec - INFO - No improve (29/60)
2026-02-15 17:24:47,763 - steps.encdec - INFO - Epoch 73/500
2026-02-15 17:25:50,489 - steps.encdec - INFO - No improve (30/60)
2026-02-15 17:25:50,489 - steps.encdec - INFO - Epoch 74/500
2026-02-15 17:26:53,316 - steps.encdec - INFO - No improve (31/60)
2026-02-15 17:26:53,316 - steps.encdec - INFO - Epoch 75/500
2026-02-15 17:27:55,839 - steps.encdec - INFO - No improve (32/60)
2026-02-15 17:27:55,839 - steps.encdec - INFO - Epoch 76/500
2026-02-15 17:28:59,438 - steps.encdec - INFO - No improve (33/60)
2026-02-15 17:28:59,438 - steps.encdec - INFO - Epoch 77/500
2026-02-15 17:30:02,105 - steps.encdec - INFO - No improve (34/60)
2026-02-15 17:30:02,105 - steps.encdec - INFO - Epoch 78/500
2026-02-15 17:31:04,701 - steps.encdec - INFO - No improve (35/60)
2026-02-15 17:31:04,701 - steps.encdec - INFO - Epoch 79/500
2026-02-15 17:32:07,319 - steps.encdec - INFO - No improve (36/60)
2026-02-15 17:32:07,320 - steps.encdec - INFO - Epoch 80/500
2026-02-15 17:33:10,218 - steps.encdec - INFO - No improve (37/60)
2026-02-15 17:33:10,218 - steps.encdec - INFO - Epoch 81/500
2026-02-15 17:34:13,430 - steps.encdec - INFO - No improve (38/60)
2026-02-15 17:34:13,430 - steps.encdec - INFO - Epoch 82/500
2026-02-15 17:35:16,035 - steps.encdec - INFO - No improve (39/60)
2026-02-15 17:35:16,035 - steps.encdec - INFO - Epoch 83/500
2026-02-15 17:36:18,689 - steps.encdec - INFO - No improve (40/60)
2026-02-15 17:36:18,689 - steps.encdec - INFO - Epoch 84/500
2026-02-15 17:37:21,332 - steps.encdec - INFO - No improve (41/60)
2026-02-15 17:37:21,332 - steps.encdec - INFO - Epoch 85/500
2026-02-15 17:38:23,730 - steps.encdec - INFO - No improve (42/60)
2026-02-15 17:38:23,731 - steps.encdec - INFO - Epoch 86/500
2026-02-15 17:39:27,006 - steps.encdec - INFO - No improve (43/60)
2026-02-15 17:39:27,006 - steps.encdec - INFO - Epoch 87/500
2026-02-15 17:40:29,606 - steps.encdec - INFO - No improve (44/60)
2026-02-15 17:40:29,607 - steps.encdec - INFO - Epoch 88/500
2026-02-15 17:41:32,207 - steps.encdec - INFO - No improve (45/60)
2026-02-15 17:41:32,207 - steps.encdec - INFO - Epoch 89/500
2026-02-15 17:42:34,792 - steps.encdec - INFO - No improve (46/60)
2026-02-15 17:42:34,792 - steps.encdec - INFO - Epoch 90/500
2026-02-15 17:43:37,793 - steps.encdec - INFO - No improve (47/60)
2026-02-15 17:43:37,793 - steps.encdec - INFO - Epoch 91/500
2026-02-15 17:44:41,124 - steps.encdec - INFO - No improve (48/60)
2026-02-15 17:44:41,124 - steps.encdec - INFO - Epoch 92/500
2026-02-15 17:45:43,632 - steps.encdec - INFO - No improve (49/60)
2026-02-15 17:45:43,632 - steps.encdec - INFO - Epoch 93/500
2026-02-15 17:46:46,381 - steps.encdec - INFO - No improve (50/60)
2026-02-15 17:46:46,381 - steps.encdec - INFO - Epoch 94/500
2026-02-15 17:47:48,936 - steps.encdec - INFO - No improve (51/60)
2026-02-15 17:47:48,936 - steps.encdec - INFO - Epoch 95/500
2026-02-15 17:48:51,480 - steps.encdec - INFO - No improve (52/60)
2026-02-15 17:48:51,480 - steps.encdec - INFO - Epoch 96/500
2026-02-15 17:49:54,731 - steps.encdec - INFO - No improve (53/60)
2026-02-15 17:49:54,731 - steps.encdec - INFO - Epoch 97/500
2026-02-15 17:50:57,075 - steps.encdec - INFO - No improve (54/60)
2026-02-15 17:50:57,075 - steps.encdec - INFO - Epoch 98/500
2026-02-15 17:51:59,752 - steps.encdec - INFO - No improve (55/60)
2026-02-15 17:51:59,752 - steps.encdec - INFO - Epoch 99/500
2026-02-15 17:53:02,257 - steps.encdec - INFO - No improve (56/60)
2026-02-15 17:53:02,257 - steps.encdec - INFO - Epoch 100/500
2026-02-15 17:54:04,853 - steps.encdec - INFO - No improve (57/60)
2026-02-15 17:54:04,854 - steps.encdec - INFO - Epoch 101/500
2026-02-15 17:55:08,159 - steps.encdec - INFO - No improve (58/60)
2026-02-15 17:55:08,159 - steps.encdec - INFO - Epoch 102/500
2026-02-15 17:56:10,793 - steps.encdec - INFO - No improve (59/60)
2026-02-15 17:56:10,793 - steps.encdec - INFO - Epoch 103/500
2026-02-15 17:57:13,819 - steps.encdec - INFO - No improve (60/60)
2026-02-15 17:57:13,819 - steps.encdec - INFO - Early stopping triggered
2026-02-15 17:57:13,819 - steps.encdec - INFO - ==================================================
2026-02-15 17:57:13,819 - steps.encdec - INFO - TRAINING FINISHED
2026-02-15 17:57:13,819 - steps.encdec - INFO - Best Epoch: 43
2026-02-15 17:57:13,819 - steps.encdec - INFO - Best Validation Metrics:
2026-02-15 17:57:13,819 - steps.encdec - INFO -   - total_loss: 0.030167
2026-02-15 17:57:13,819 - steps.encdec - INFO -   - recon_loss: 0.017725
2026-02-15 17:57:13,819 - steps.encdec - INFO -   - recon_data_loss: 0.017413
2026-02-15 17:57:13,819 - steps.encdec - INFO -   - recon_mask_loss: 0.000312
2026-02-15 17:57:13,819 - steps.encdec - INFO -   - kld_loss: 2.520693
2026-02-15 17:57:13,819 - steps.encdec - INFO -   - kld_free: 2.520693
2026-02-15 17:57:13,819 - steps.encdec - INFO -   - causal_loss: 0.009759
2026-02-15 17:57:13,819 - steps.encdec - INFO -   - current_beta: 0.003000
2026-02-15 17:57:13,819 - steps.encdec - INFO - Best Validation Score (recon + gamma*causal): 0.022605
2026-02-15 17:57:13,819 - steps.encdec - INFO - ==================================================
2026-02-15 17:57:15,023 - steps.encdec - INFO - Saved loss curves -> cvae_loss_curves.png
2026-02-15 17:57:32,245 - steps.encdec - INFO - Saved encoded data (shape=(540000, 64)) -> cvae_encoded_data_v3.pkl
2026-02-15 18:20:14,119 - steps.encdec - INFO - Step: encdec | training CausalVAE
2026-02-15 18:20:14,122 - steps.encdec - INFO - Device: cuda
2026-02-15 18:22:09,833 - steps.encdec - INFO - Dims | input_dim=29 seq_len=60 num_total_features=29
2026-02-15 18:22:18,549 - steps.encdec - INFO - Start from scratch | resume=False | ckpt_exists=False
2026-02-15 18:22:18,550 - steps.encdec - INFO - Epoch 1/500
2026-02-15 18:23:22,228 - steps.encdec - INFO - New best val_score=0.387381 | saved ckpt -> cvae_model_v4.pkl
2026-02-15 18:23:22,229 - steps.encdec - INFO - Epoch 2/500
2026-02-15 18:24:22,358 - steps.encdec - INFO - New best val_score=0.256857 | saved ckpt -> cvae_model_v4.pkl
2026-02-15 18:24:22,358 - steps.encdec - INFO - Epoch 3/500
2026-02-15 18:25:22,548 - steps.encdec - INFO - No improve (1/60)
2026-02-15 18:25:22,548 - steps.encdec - INFO - Epoch 4/500
2026-02-15 18:26:22,813 - steps.encdec - INFO - No improve (2/60)
2026-02-15 18:26:22,814 - steps.encdec - INFO - Epoch 5/500
2026-02-15 18:27:23,099 - steps.encdec - INFO - New best val_score=0.251927 | saved ckpt -> cvae_model_v4.pkl
2026-02-15 18:27:23,100 - steps.encdec - INFO - Epoch 6/500
2026-02-15 18:28:24,162 - steps.encdec - INFO - New best val_score=0.219772 | saved ckpt -> cvae_model_v4.pkl
2026-02-15 18:28:24,162 - steps.encdec - INFO - Epoch 7/500
2026-02-15 18:29:24,468 - steps.encdec - INFO - New best val_score=0.069805 | saved ckpt -> cvae_model_v4.pkl
2026-02-15 18:29:24,468 - steps.encdec - INFO - Epoch 8/500
2026-02-15 18:30:24,856 - steps.encdec - INFO - New best val_score=0.044560 | saved ckpt -> cvae_model_v4.pkl
2026-02-15 18:30:24,857 - steps.encdec - INFO - Epoch 9/500
2026-02-15 18:31:25,020 - steps.encdec - INFO - No improve (1/60)
2026-02-15 18:31:25,020 - steps.encdec - INFO - Epoch 10/500
2026-02-15 18:32:25,294 - steps.encdec - INFO - No improve (2/60)
2026-02-15 18:32:25,294 - steps.encdec - INFO - Epoch 11/500
2026-02-15 18:33:26,238 - steps.encdec - INFO - New best val_score=0.038061 | saved ckpt -> cvae_model_v4.pkl
2026-02-15 18:33:26,239 - steps.encdec - INFO - Epoch 12/500
2026-02-15 18:34:27,055 - steps.encdec - INFO - New best val_score=0.032181 | saved ckpt -> cvae_model_v4.pkl
2026-02-15 18:34:27,056 - steps.encdec - INFO - Epoch 13/500
2026-02-15 18:35:27,836 - steps.encdec - INFO - New best val_score=0.030379 | saved ckpt -> cvae_model_v4.pkl
2026-02-15 18:35:27,837 - steps.encdec - INFO - Epoch 14/500
2026-02-15 18:36:28,413 - steps.encdec - INFO - No improve (1/60)
2026-02-15 18:36:28,414 - steps.encdec - INFO - Epoch 15/500
2026-02-15 18:37:28,433 - steps.encdec - INFO - New best val_score=0.030378 | saved ckpt -> cvae_model_v4.pkl
2026-02-15 18:37:28,433 - steps.encdec - INFO - Epoch 16/500
2026-02-15 18:38:29,316 - steps.encdec - INFO - New best val_score=0.029744 | saved ckpt -> cvae_model_v4.pkl
2026-02-15 18:38:29,317 - steps.encdec - INFO - Epoch 17/500
2026-02-15 18:39:29,502 - steps.encdec - INFO - No improve (1/60)
2026-02-15 18:39:29,502 - steps.encdec - INFO - Epoch 18/500
2026-02-15 18:40:29,762 - steps.encdec - INFO - No improve (2/60)
2026-02-15 18:40:29,762 - steps.encdec - INFO - Epoch 19/500
2026-02-15 18:41:30,005 - steps.encdec - INFO - No improve (3/60)
2026-02-15 18:41:30,005 - steps.encdec - INFO - Epoch 20/500
2026-02-15 18:42:30,125 - steps.encdec - INFO - No improve (4/60)
2026-02-15 18:42:30,125 - steps.encdec - INFO - Epoch 21/500
2026-02-15 18:43:31,012 - steps.encdec - INFO - No improve (5/60)
2026-02-15 18:43:31,013 - steps.encdec - INFO - Epoch 22/500
2026-02-15 18:44:31,050 - steps.encdec - INFO - No improve (6/60)
2026-02-15 18:44:31,051 - steps.encdec - INFO - Epoch 23/500
2026-02-15 18:45:31,352 - steps.encdec - INFO - No improve (7/60)
2026-02-15 18:45:31,352 - steps.encdec - INFO - Epoch 24/500
2026-02-15 18:46:31,619 - steps.encdec - INFO - No improve (8/60)
2026-02-15 18:46:31,620 - steps.encdec - INFO - Epoch 25/500
2026-02-15 18:47:31,934 - steps.encdec - INFO - No improve (9/60)
2026-02-15 18:47:31,934 - steps.encdec - INFO - Epoch 26/500
2026-02-15 18:48:32,754 - steps.encdec - INFO - No improve (10/60)
2026-02-15 18:48:32,754 - steps.encdec - INFO - Epoch 27/500
2026-02-15 18:49:33,133 - steps.encdec - INFO - No improve (11/60)
2026-02-15 18:49:33,133 - steps.encdec - INFO - Epoch 28/500
2026-02-15 18:50:33,334 - steps.encdec - INFO - No improve (12/60)
2026-02-15 18:50:33,334 - steps.encdec - INFO - Epoch 29/500
2026-02-15 18:51:33,434 - steps.encdec - INFO - No improve (13/60)
2026-02-15 18:51:33,434 - steps.encdec - INFO - Epoch 30/500
2026-02-15 18:52:33,543 - steps.encdec - INFO - No improve (14/60)
2026-02-15 18:52:33,543 - steps.encdec - INFO - Epoch 31/500
2026-02-15 18:53:34,405 - steps.encdec - INFO - No improve (15/60)
2026-02-15 18:53:34,405 - steps.encdec - INFO - Epoch 32/500
2026-02-15 18:54:34,568 - steps.encdec - INFO - No improve (16/60)
2026-02-15 18:54:34,568 - steps.encdec - INFO - Epoch 33/500
2026-02-15 18:55:34,797 - steps.encdec - INFO - No improve (17/60)
2026-02-15 18:55:34,798 - steps.encdec - INFO - Epoch 34/500
2026-02-15 18:56:34,782 - steps.encdec - INFO - No improve (18/60)
2026-02-15 18:56:34,782 - steps.encdec - INFO - Epoch 35/500
2026-02-15 18:57:34,880 - steps.encdec - INFO - No improve (19/60)
2026-02-15 18:57:34,881 - steps.encdec - INFO - Epoch 36/500
2026-02-15 18:58:35,716 - steps.encdec - INFO - No improve (20/60)
2026-02-15 18:58:35,716 - steps.encdec - INFO - Epoch 37/500
2026-02-15 18:59:35,781 - steps.encdec - INFO - No improve (21/60)
2026-02-15 18:59:35,781 - steps.encdec - INFO - Epoch 38/500
2026-02-15 19:00:35,996 - steps.encdec - INFO - No improve (22/60)
2026-02-15 19:00:35,996 - steps.encdec - INFO - Epoch 39/500
2026-02-15 19:01:36,464 - steps.encdec - INFO - No improve (23/60)
2026-02-15 19:01:36,465 - steps.encdec - INFO - Epoch 40/500
2026-02-15 19:02:36,818 - steps.encdec - INFO - No improve (24/60)
2026-02-15 19:02:36,818 - steps.encdec - INFO - Epoch 41/500
2026-02-15 19:03:37,830 - steps.encdec - INFO - No improve (25/60)
2026-02-15 19:03:37,830 - steps.encdec - INFO - Epoch 42/500
2026-02-15 19:04:38,149 - steps.encdec - INFO - No improve (26/60)
2026-02-15 19:04:38,149 - steps.encdec - INFO - Epoch 43/500
2026-02-15 19:05:38,317 - steps.encdec - INFO - No improve (27/60)
2026-02-15 19:05:38,317 - steps.encdec - INFO - Epoch 44/500
2026-02-15 19:06:38,654 - steps.encdec - INFO - No improve (28/60)
2026-02-15 19:06:38,658 - steps.encdec - INFO - Epoch 45/500
2026-02-15 19:07:38,874 - steps.encdec - INFO - No improve (29/60)
2026-02-15 19:07:38,874 - steps.encdec - INFO - Epoch 46/500
2026-02-15 19:08:39,547 - steps.encdec - INFO - No improve (30/60)
2026-02-15 19:08:39,547 - steps.encdec - INFO - Epoch 47/500
2026-02-15 19:09:39,839 - steps.encdec - INFO - No improve (31/60)
2026-02-15 19:09:39,840 - steps.encdec - INFO - Epoch 48/500
2026-02-15 19:10:40,320 - steps.encdec - INFO - No improve (32/60)
2026-02-15 19:10:40,320 - steps.encdec - INFO - Epoch 49/500
2026-02-15 19:11:40,777 - steps.encdec - INFO - No improve (33/60)
2026-02-15 19:11:40,777 - steps.encdec - INFO - Epoch 50/500
2026-02-15 19:12:41,095 - steps.encdec - INFO - No improve (34/60)
2026-02-15 19:12:41,095 - steps.encdec - INFO - Epoch 51/500
2026-02-15 19:13:42,172 - steps.encdec - INFO - No improve (35/60)
2026-02-15 19:13:42,173 - steps.encdec - INFO - Epoch 52/500
2026-02-15 19:14:42,552 - steps.encdec - INFO - No improve (36/60)
2026-02-15 19:14:42,553 - steps.encdec - INFO - Epoch 53/500
2026-02-15 19:15:42,748 - steps.encdec - INFO - No improve (37/60)
2026-02-15 19:15:42,748 - steps.encdec - INFO - Epoch 54/500
2026-02-15 19:16:42,894 - steps.encdec - INFO - No improve (38/60)
2026-02-15 19:16:42,894 - steps.encdec - INFO - Epoch 55/500
2026-02-15 19:17:42,886 - steps.encdec - INFO - No improve (39/60)
2026-02-15 19:17:42,887 - steps.encdec - INFO - Epoch 56/500
2026-02-15 19:18:43,508 - steps.encdec - INFO - No improve (40/60)
2026-02-15 19:18:43,509 - steps.encdec - INFO - Epoch 57/500
2026-02-15 19:19:43,924 - steps.encdec - INFO - No improve (41/60)
2026-02-15 19:19:43,924 - steps.encdec - INFO - Epoch 58/500
2026-02-15 19:20:44,079 - steps.encdec - INFO - No improve (42/60)
2026-02-15 19:20:44,079 - steps.encdec - INFO - Epoch 59/500
2026-02-15 19:21:44,322 - steps.encdec - INFO - No improve (43/60)
2026-02-15 19:21:44,323 - steps.encdec - INFO - Epoch 60/500
2026-02-15 19:22:44,507 - steps.encdec - INFO - No improve (44/60)
2026-02-15 19:22:44,507 - steps.encdec - INFO - Epoch 61/500
2026-02-15 19:23:45,220 - steps.encdec - INFO - No improve (45/60)
2026-02-15 19:23:45,220 - steps.encdec - INFO - Epoch 62/500
2026-02-15 19:24:45,507 - steps.encdec - INFO - No improve (46/60)
2026-02-15 19:24:45,507 - steps.encdec - INFO - Epoch 63/500
2026-02-15 19:25:45,588 - steps.encdec - INFO - No improve (47/60)
2026-02-15 19:25:45,588 - steps.encdec - INFO - Epoch 64/500
2026-02-15 19:26:45,781 - steps.encdec - INFO - No improve (48/60)
2026-02-15 19:26:45,781 - steps.encdec - INFO - Epoch 65/500
2026-02-15 19:27:46,232 - steps.encdec - INFO - No improve (49/60)
2026-02-15 19:27:46,232 - steps.encdec - INFO - Epoch 66/500
2026-02-15 19:28:47,221 - steps.encdec - INFO - No improve (50/60)
2026-02-15 19:28:47,221 - steps.encdec - INFO - Epoch 67/500
2026-02-15 19:29:47,380 - steps.encdec - INFO - No improve (51/60)
2026-02-15 19:29:47,380 - steps.encdec - INFO - Epoch 68/500
2026-02-15 19:30:47,577 - steps.encdec - INFO - No improve (52/60)
2026-02-15 19:30:47,577 - steps.encdec - INFO - Epoch 69/500
2026-02-15 19:31:47,746 - steps.encdec - INFO - No improve (53/60)
2026-02-15 19:31:47,747 - steps.encdec - INFO - Epoch 70/500
2026-02-15 19:32:48,236 - steps.encdec - INFO - No improve (54/60)
2026-02-15 19:32:48,236 - steps.encdec - INFO - Epoch 71/500
2026-02-15 19:33:48,967 - steps.encdec - INFO - No improve (55/60)
2026-02-15 19:33:48,967 - steps.encdec - INFO - Epoch 72/500
2026-02-15 19:34:49,350 - steps.encdec - INFO - No improve (56/60)
2026-02-15 19:34:49,350 - steps.encdec - INFO - Epoch 73/500
2026-02-15 19:35:49,863 - steps.encdec - INFO - No improve (57/60)
2026-02-15 19:35:49,864 - steps.encdec - INFO - Epoch 74/500
2026-02-15 19:36:49,993 - steps.encdec - INFO - No improve (58/60)
2026-02-15 19:36:49,993 - steps.encdec - INFO - Epoch 75/500
2026-02-15 19:37:50,204 - steps.encdec - INFO - No improve (59/60)
2026-02-15 19:37:50,204 - steps.encdec - INFO - Epoch 76/500
2026-02-15 19:38:50,953 - steps.encdec - INFO - No improve (60/60)
2026-02-15 19:38:50,954 - steps.encdec - INFO - Early stopping triggered
2026-02-15 19:38:50,954 - steps.encdec - INFO - ==================================================
2026-02-15 19:38:50,954 - steps.encdec - INFO - TRAINING FINISHED
2026-02-15 19:38:50,954 - steps.encdec - INFO - Best Epoch: 16
2026-02-15 19:38:50,954 - steps.encdec - INFO - Best Validation Metrics:
2026-02-15 19:38:50,954 - steps.encdec - INFO -   - total_loss: 0.029744
2026-02-15 19:38:50,954 - steps.encdec - INFO -   - recon_loss: 0.023784
2026-02-15 19:38:50,954 - steps.encdec - INFO -   - recon_data_loss: 0.023380
2026-02-15 19:38:50,954 - steps.encdec - INFO -   - recon_mask_loss: 0.000404
2026-02-15 19:38:50,954 - steps.encdec - INFO -   - kld_loss: 5265.615282
2026-02-15 19:38:50,954 - steps.encdec - INFO -   - kld_free: 5265.615282
2026-02-15 19:38:50,954 - steps.encdec - INFO -   - causal_loss: 0.011921
2026-02-15 19:38:50,954 - steps.encdec - INFO -   - current_beta: 0.000000
2026-02-15 19:38:50,954 - steps.encdec - INFO - Best Validation Score (recon + gamma*causal): 0.029744
2026-02-15 19:38:50,954 - steps.encdec - INFO - ==================================================
2026-02-15 19:38:52,343 - steps.encdec - INFO - Saved loss curves -> cvae_loss_curves.png
2026-02-15 19:39:09,946 - steps.encdec - INFO - Saved encoded data (shape=(540000, 32)) -> cvae_encoded_data_v4.pkl
2026-02-15 20:00:18,119 - steps.encdec - INFO - Step: encdec | training CausalVAE
2026-02-15 20:00:18,121 - steps.encdec - INFO - Device: cuda
2026-02-15 20:01:54,083 - steps.encdec - INFO - Dims | input_dim=29 seq_len=60 num_total_features=29
2026-02-15 20:02:01,565 - steps.encdec - INFO - Start from scratch | resume=False | ckpt_exists=False
2026-02-15 20:02:01,565 - steps.encdec - INFO - Epoch 1/500
2026-02-15 20:03:04,221 - steps.encdec - INFO - New best val_score=0.582755 | saved ckpt -> cvae_model_v5.pkl
2026-02-15 20:03:04,221 - steps.encdec - INFO - Epoch 2/500
2026-02-15 20:04:03,833 - steps.encdec - INFO - New best val_score=0.413946 | saved ckpt -> cvae_model_v5.pkl
2026-02-15 20:04:03,833 - steps.encdec - INFO - Epoch 3/500
2026-02-15 20:05:03,442 - steps.encdec - INFO - No improve (1/60)
2026-02-15 20:05:03,442 - steps.encdec - INFO - Epoch 4/500
2026-02-15 20:06:03,068 - steps.encdec - INFO - New best val_score=0.393246 | saved ckpt -> cvae_model_v5.pkl
2026-02-15 20:06:03,069 - steps.encdec - INFO - Epoch 5/500
2026-02-15 20:07:02,520 - steps.encdec - INFO - New best val_score=0.387091 | saved ckpt -> cvae_model_v5.pkl
2026-02-15 20:07:02,520 - steps.encdec - INFO - Epoch 6/500
2026-02-15 20:08:02,388 - steps.encdec - INFO - New best val_score=0.325138 | saved ckpt -> cvae_model_v5.pkl
2026-02-15 20:08:02,388 - steps.encdec - INFO - Epoch 7/500
2026-02-15 20:09:01,758 - steps.encdec - INFO - No improve (1/60)
2026-02-15 20:09:01,759 - steps.encdec - INFO - Epoch 8/500
2026-02-15 20:10:01,139 - steps.encdec - INFO - No improve (2/60)
2026-02-15 20:10:01,139 - steps.encdec - INFO - Epoch 9/500
2026-02-15 20:11:00,621 - steps.encdec - INFO - No improve (3/60)
2026-02-15 20:11:00,622 - steps.encdec - INFO - Epoch 10/500
2026-02-15 20:11:59,900 - steps.encdec - INFO - No improve (4/60)
2026-02-15 20:11:59,900 - steps.encdec - INFO - Epoch 11/500
2026-02-15 20:12:59,868 - steps.encdec - INFO - No improve (5/60)
2026-02-15 20:12:59,869 - steps.encdec - INFO - Epoch 12/500
2026-02-15 20:13:59,384 - steps.encdec - INFO - No improve (6/60)
2026-02-15 20:13:59,384 - steps.encdec - INFO - Epoch 13/500
2026-02-15 20:14:58,796 - steps.encdec - INFO - No improve (7/60)
2026-02-15 20:14:58,796 - steps.encdec - INFO - Epoch 14/500
2026-02-15 20:15:58,181 - steps.encdec - INFO - No improve (8/60)
2026-02-15 20:15:58,181 - steps.encdec - INFO - Epoch 15/500
2026-02-15 20:16:57,493 - steps.encdec - INFO - No improve (9/60)
2026-02-15 20:16:57,494 - steps.encdec - INFO - Epoch 16/500
2026-02-15 20:17:57,470 - steps.encdec - INFO - No improve (10/60)
2026-02-15 20:17:57,470 - steps.encdec - INFO - Epoch 17/500
2026-02-15 20:18:57,058 - steps.encdec - INFO - No improve (11/60)
2026-02-15 20:18:57,060 - steps.encdec - INFO - Epoch 18/500
2026-02-15 20:19:56,403 - steps.encdec - INFO - No improve (12/60)
2026-02-15 20:19:56,404 - steps.encdec - INFO - Epoch 19/500
2026-02-15 20:20:55,609 - steps.encdec - INFO - No improve (13/60)
2026-02-15 20:20:55,609 - steps.encdec - INFO - Epoch 20/500
2026-02-15 20:21:54,997 - steps.encdec - INFO - No improve (14/60)
2026-02-15 20:21:54,997 - steps.encdec - INFO - Epoch 21/500
2026-02-15 20:22:54,867 - steps.encdec - INFO - No improve (15/60)
2026-02-15 20:22:54,867 - steps.encdec - INFO - Epoch 22/500
2026-02-15 20:23:54,324 - steps.encdec - INFO - No improve (16/60)
2026-02-15 20:23:54,324 - steps.encdec - INFO - Epoch 23/500
2026-02-15 20:24:53,848 - steps.encdec - INFO - No improve (17/60)
2026-02-15 20:24:53,848 - steps.encdec - INFO - Epoch 24/500
2026-02-15 20:25:53,371 - steps.encdec - INFO - No improve (18/60)
2026-02-15 20:25:53,372 - steps.encdec - INFO - Epoch 25/500
2026-02-15 20:26:52,909 - steps.encdec - INFO - No improve (19/60)
2026-02-15 20:26:52,909 - steps.encdec - INFO - Epoch 26/500
2026-02-15 20:27:52,779 - steps.encdec - INFO - No improve (20/60)
2026-02-15 20:27:52,779 - steps.encdec - INFO - Epoch 27/500
2026-02-15 20:28:52,062 - steps.encdec - INFO - No improve (21/60)
2026-02-15 20:28:52,062 - steps.encdec - INFO - Epoch 28/500
2026-02-15 20:29:51,496 - steps.encdec - INFO - No improve (22/60)
2026-02-15 20:29:51,496 - steps.encdec - INFO - Epoch 29/500
2026-02-15 20:30:50,896 - steps.encdec - INFO - No improve (23/60)
2026-02-15 20:30:50,896 - steps.encdec - INFO - Epoch 30/500
2026-02-15 20:31:50,405 - steps.encdec - INFO - No improve (24/60)
2026-02-15 20:31:50,405 - steps.encdec - INFO - Epoch 31/500
2026-02-15 20:32:50,091 - steps.encdec - INFO - No improve (25/60)
2026-02-15 20:32:50,091 - steps.encdec - INFO - Epoch 32/500
2026-02-15 20:33:49,563 - steps.encdec - INFO - No improve (26/60)
2026-02-15 20:33:49,563 - steps.encdec - INFO - Epoch 33/500
2026-02-15 20:34:48,868 - steps.encdec - INFO - No improve (27/60)
2026-02-15 20:34:48,868 - steps.encdec - INFO - Epoch 34/500
2026-02-15 20:35:48,000 - steps.encdec - INFO - No improve (28/60)
2026-02-15 20:35:48,000 - steps.encdec - INFO - Epoch 35/500
2026-02-15 20:36:47,311 - steps.encdec - INFO - No improve (29/60)
2026-02-15 20:36:47,312 - steps.encdec - INFO - Epoch 36/500
2026-02-15 20:37:47,232 - steps.encdec - INFO - No improve (30/60)
2026-02-15 20:37:47,232 - steps.encdec - INFO - Epoch 37/500
2026-02-15 20:38:46,846 - steps.encdec - INFO - No improve (31/60)
2026-02-15 20:38:46,846 - steps.encdec - INFO - Epoch 38/500
2026-02-15 20:39:46,433 - steps.encdec - INFO - No improve (32/60)
2026-02-15 20:39:46,433 - steps.encdec - INFO - Epoch 39/500
2026-02-15 20:40:46,042 - steps.encdec - INFO - No improve (33/60)
2026-02-15 20:40:46,042 - steps.encdec - INFO - Epoch 40/500
2026-02-15 20:41:45,384 - steps.encdec - INFO - No improve (34/60)
2026-02-15 20:41:45,384 - steps.encdec - INFO - Epoch 41/500
2026-02-15 20:42:45,238 - steps.encdec - INFO - No improve (35/60)
2026-02-15 20:42:45,239 - steps.encdec - INFO - Epoch 42/500
2026-02-15 20:43:44,670 - steps.encdec - INFO - No improve (36/60)
2026-02-15 20:43:44,670 - steps.encdec - INFO - Epoch 43/500
2026-02-15 20:44:44,131 - steps.encdec - INFO - No improve (37/60)
2026-02-15 20:44:44,132 - steps.encdec - INFO - Epoch 44/500
2026-02-15 20:45:43,646 - steps.encdec - INFO - No improve (38/60)
2026-02-15 20:45:43,646 - steps.encdec - INFO - Epoch 45/500
2026-02-15 20:46:43,015 - steps.encdec - INFO - No improve (39/60)
2026-02-15 20:46:43,015 - steps.encdec - INFO - Epoch 46/500
2026-02-15 20:47:42,818 - steps.encdec - INFO - No improve (40/60)
2026-02-15 20:47:42,818 - steps.encdec - INFO - Epoch 47/500
2026-02-15 20:48:42,198 - steps.encdec - INFO - No improve (41/60)
2026-02-15 20:48:42,198 - steps.encdec - INFO - Epoch 48/500
2026-02-15 20:49:41,632 - steps.encdec - INFO - No improve (42/60)
2026-02-15 20:49:41,632 - steps.encdec - INFO - Epoch 49/500
2026-02-15 20:50:41,283 - steps.encdec - INFO - No improve (43/60)
2026-02-15 20:50:41,284 - steps.encdec - INFO - Epoch 50/500
2026-02-15 20:51:40,684 - steps.encdec - INFO - No improve (44/60)
2026-02-15 20:51:40,685 - steps.encdec - INFO - Epoch 51/500
2026-02-15 20:52:40,467 - steps.encdec - INFO - No improve (45/60)
2026-02-15 20:52:40,467 - steps.encdec - INFO - Epoch 52/500
2026-02-15 20:53:39,722 - steps.encdec - INFO - No improve (46/60)
2026-02-15 20:53:39,722 - steps.encdec - INFO - Epoch 53/500
2026-02-15 20:54:38,935 - steps.encdec - INFO - No improve (47/60)
2026-02-15 20:54:38,935 - steps.encdec - INFO - Epoch 54/500
2026-02-15 20:55:38,092 - steps.encdec - INFO - No improve (48/60)
2026-02-15 20:55:38,093 - steps.encdec - INFO - Epoch 55/500
2026-02-15 20:56:37,100 - steps.encdec - INFO - No improve (49/60)
2026-02-15 20:56:37,101 - steps.encdec - INFO - Epoch 56/500
2026-02-15 20:57:36,591 - steps.encdec - INFO - No improve (50/60)
2026-02-15 20:57:36,591 - steps.encdec - INFO - Epoch 57/500
2026-02-15 20:58:35,512 - steps.encdec - INFO - No improve (51/60)
2026-02-15 20:58:35,512 - steps.encdec - INFO - Epoch 58/500
2026-02-15 20:59:34,279 - steps.encdec - INFO - No improve (52/60)
2026-02-15 20:59:34,279 - steps.encdec - INFO - Epoch 59/500
2026-02-15 21:00:33,037 - steps.encdec - INFO - No improve (53/60)
2026-02-15 21:00:33,037 - steps.encdec - INFO - Epoch 60/500
2026-02-15 21:01:31,799 - steps.encdec - INFO - No improve (54/60)
2026-02-15 21:01:31,799 - steps.encdec - INFO - Epoch 61/500
2026-02-15 21:02:30,545 - steps.encdec - INFO - No improve (55/60)
2026-02-15 21:02:30,545 - steps.encdec - INFO - Epoch 62/500
2026-02-15 21:03:29,129 - steps.encdec - INFO - No improve (56/60)
2026-02-15 21:03:29,129 - steps.encdec - INFO - Epoch 63/500
2026-02-15 21:04:27,728 - steps.encdec - INFO - No improve (57/60)
2026-02-15 21:04:27,728 - steps.encdec - INFO - Epoch 64/500
2026-02-15 21:05:26,287 - steps.encdec - INFO - No improve (58/60)
2026-02-15 21:05:26,287 - steps.encdec - INFO - Epoch 65/500
2026-02-15 21:06:24,798 - steps.encdec - INFO - No improve (59/60)
2026-02-15 21:06:24,799 - steps.encdec - INFO - Epoch 66/500
2026-02-15 21:07:23,809 - steps.encdec - INFO - No improve (60/60)
2026-02-15 21:07:23,809 - steps.encdec - INFO - Early stopping triggered
2026-02-15 21:07:23,809 - steps.encdec - INFO - ==================================================
2026-02-15 21:07:23,809 - steps.encdec - INFO - TRAINING FINISHED
2026-02-15 21:07:23,809 - steps.encdec - INFO - Best Epoch: 6
2026-02-15 21:07:23,809 - steps.encdec - INFO - Best Validation Metrics:
2026-02-15 21:07:23,809 - steps.encdec - INFO -   - total_loss: 0.325138
2026-02-15 21:07:23,809 - steps.encdec - INFO -   - recon_loss: 0.307018
2026-02-15 21:07:23,809 - steps.encdec - INFO -   - recon_data_loss: 0.095599
2026-02-15 21:07:23,809 - steps.encdec - INFO -   - recon_mask_loss: 0.211419
2026-02-15 21:07:23,809 - steps.encdec - INFO -   - kld_loss: 4196.085066
2026-02-15 21:07:23,809 - steps.encdec - INFO -   - kld_free: 4196.085066
2026-02-15 21:07:23,809 - steps.encdec - INFO -   - causal_loss: 0.036240
2026-02-15 21:07:23,809 - steps.encdec - INFO -   - current_beta: 0.000000
2026-02-15 21:07:23,809 - steps.encdec - INFO - Best Validation Score (recon + gamma*causal): 0.325138
2026-02-15 21:07:23,809 - steps.encdec - INFO - ==================================================
2026-02-15 21:07:24,962 - steps.encdec - INFO - Saved loss curves -> cvae_loss_curves.png
2026-02-15 21:07:41,548 - steps.encdec - INFO - Saved encoded data (shape=(540000, 16)) -> cvae_encoded_data_v5.pkl
2026-02-15 23:20:27,286 - steps.encdec - INFO - Step: encdec | training CausalVAE
2026-02-15 23:20:27,286 - steps.encdec - INFO - Device: cuda
2026-02-15 23:23:25,635 - steps.encdec - INFO - Dims | input_dim=29 seq_len=60 num_total_features=29
2026-02-15 23:23:37,225 - steps.encdec - INFO - Start from scratch | resume=False | ckpt_exists=False
2026-02-15 23:23:37,225 - steps.encdec - INFO - Epoch 1/500
2026-02-15 23:24:41,459 - steps.encdec - INFO - New best val_score=0.442984 | saved ckpt -> cvae_model_v6.pkl
2026-02-15 23:24:41,459 - steps.encdec - INFO - Epoch 2/500
2026-02-15 23:25:40,467 - steps.encdec - INFO - New best val_score=0.367799 | saved ckpt -> cvae_model_v6.pkl
2026-02-15 23:25:40,467 - steps.encdec - INFO - Epoch 3/500
2026-02-15 23:26:39,597 - steps.encdec - INFO - New best val_score=0.339667 | saved ckpt -> cvae_model_v6.pkl
2026-02-15 23:26:39,598 - steps.encdec - INFO - Epoch 4/500
2026-02-15 23:27:38,444 - steps.encdec - INFO - New best val_score=0.317912 | saved ckpt -> cvae_model_v6.pkl
2026-02-15 23:27:38,444 - steps.encdec - INFO - Epoch 5/500
2026-02-15 23:28:37,503 - steps.encdec - INFO - New best val_score=0.285994 | saved ckpt -> cvae_model_v6.pkl
2026-02-15 23:28:37,503 - steps.encdec - INFO - Epoch 6/500
2026-02-15 23:29:37,283 - steps.encdec - INFO - New best val_score=0.245760 | saved ckpt -> cvae_model_v6.pkl
2026-02-15 23:29:37,283 - steps.encdec - INFO - Epoch 7/500
2026-02-15 23:30:36,345 - steps.encdec - INFO - No improve (1/60)
2026-02-15 23:30:36,345 - steps.encdec - INFO - Epoch 8/500
2026-02-15 23:31:35,626 - steps.encdec - INFO - No improve (2/60)
2026-02-15 23:31:35,626 - steps.encdec - INFO - Epoch 9/500
2026-02-15 23:32:34,743 - steps.encdec - INFO - No improve (3/60)
2026-02-15 23:32:34,744 - steps.encdec - INFO - Epoch 10/500
2026-02-15 23:33:33,754 - steps.encdec - INFO - New best val_score=0.212981 | saved ckpt -> cvae_model_v6.pkl
2026-02-15 23:33:33,754 - steps.encdec - INFO - Epoch 11/500
2026-02-15 23:34:33,500 - steps.encdec - INFO - New best val_score=0.164618 | saved ckpt -> cvae_model_v6.pkl
2026-02-15 23:34:33,500 - steps.encdec - INFO - Epoch 12/500
2026-02-15 23:35:32,773 - steps.encdec - INFO - New best val_score=0.130142 | saved ckpt -> cvae_model_v6.pkl
2026-02-15 23:35:32,774 - steps.encdec - INFO - Epoch 13/500
2026-02-15 23:36:32,037 - steps.encdec - INFO - No improve (1/60)
2026-02-15 23:36:32,037 - steps.encdec - INFO - Epoch 14/500
2026-02-15 23:37:31,167 - steps.encdec - INFO - No improve (2/60)
2026-02-15 23:37:31,168 - steps.encdec - INFO - Epoch 15/500
2026-02-15 23:38:30,305 - steps.encdec - INFO - No improve (3/60)
2026-02-15 23:38:30,306 - steps.encdec - INFO - Epoch 16/500
2026-02-15 23:39:30,115 - steps.encdec - INFO - No improve (4/60)
2026-02-15 23:39:30,115 - steps.encdec - INFO - Epoch 17/500
2026-02-15 23:40:29,008 - steps.encdec - INFO - No improve (5/60)
2026-02-15 23:40:29,008 - steps.encdec - INFO - Epoch 18/500
2026-02-15 23:41:27,908 - steps.encdec - INFO - No improve (6/60)
2026-02-15 23:41:27,908 - steps.encdec - INFO - Epoch 19/500
2026-02-15 23:42:27,135 - steps.encdec - INFO - No improve (7/60)
2026-02-15 23:42:27,135 - steps.encdec - INFO - Epoch 20/500
2026-02-15 23:43:26,167 - steps.encdec - INFO - No improve (8/60)
2026-02-15 23:43:26,167 - steps.encdec - INFO - Epoch 21/500
2026-02-15 23:44:25,409 - steps.encdec - INFO - No improve (9/60)
2026-02-15 23:44:25,409 - steps.encdec - INFO - Epoch 22/500
2026-02-15 23:45:24,010 - steps.encdec - INFO - No improve (10/60)
2026-02-15 23:45:24,010 - steps.encdec - INFO - Epoch 23/500
2026-02-15 23:46:22,783 - steps.encdec - INFO - No improve (11/60)
2026-02-15 23:46:22,783 - steps.encdec - INFO - Epoch 24/500
2026-02-15 23:47:21,848 - steps.encdec - INFO - No improve (12/60)
2026-02-15 23:47:21,848 - steps.encdec - INFO - Epoch 25/500
2026-02-15 23:48:21,201 - steps.encdec - INFO - No improve (13/60)
2026-02-15 23:48:21,201 - steps.encdec - INFO - Epoch 26/500
2026-02-15 23:49:20,928 - steps.encdec - INFO - No improve (14/60)
2026-02-15 23:49:20,929 - steps.encdec - INFO - Epoch 27/500
2026-02-15 23:50:20,244 - steps.encdec - INFO - No improve (15/60)
2026-02-15 23:50:20,244 - steps.encdec - INFO - Epoch 28/500
2026-02-15 23:51:19,366 - steps.encdec - INFO - No improve (16/60)
2026-02-15 23:51:19,366 - steps.encdec - INFO - Epoch 29/500
2026-02-15 23:52:18,277 - steps.encdec - INFO - No improve (17/60)
2026-02-15 23:52:18,277 - steps.encdec - INFO - Epoch 30/500
2026-02-15 23:53:17,265 - steps.encdec - INFO - No improve (18/60)
2026-02-15 23:53:17,265 - steps.encdec - INFO - Epoch 31/500
2026-02-15 23:54:16,797 - steps.encdec - INFO - No improve (19/60)
2026-02-15 23:54:16,797 - steps.encdec - INFO - Epoch 32/500
2026-02-15 23:55:15,888 - steps.encdec - INFO - No improve (20/60)
2026-02-15 23:55:15,888 - steps.encdec - INFO - Epoch 33/500
2026-02-15 23:56:14,994 - steps.encdec - INFO - No improve (21/60)
2026-02-15 23:56:14,994 - steps.encdec - INFO - Epoch 34/500
2026-02-15 23:57:13,957 - steps.encdec - INFO - No improve (22/60)
2026-02-15 23:57:13,957 - steps.encdec - INFO - Epoch 35/500
2026-02-15 23:58:13,184 - steps.encdec - INFO - No improve (23/60)
2026-02-15 23:58:13,184 - steps.encdec - INFO - Epoch 36/500
2026-02-15 23:59:12,494 - steps.encdec - INFO - No improve (24/60)
2026-02-15 23:59:12,494 - steps.encdec - INFO - Epoch 37/500
2026-02-16 00:00:11,207 - steps.encdec - INFO - No improve (25/60)
2026-02-16 00:00:11,207 - steps.encdec - INFO - Epoch 38/500
2026-02-16 00:01:09,910 - steps.encdec - INFO - No improve (26/60)
2026-02-16 00:01:09,910 - steps.encdec - INFO - Epoch 39/500
2026-02-16 00:02:08,612 - steps.encdec - INFO - No improve (27/60)
2026-02-16 00:02:08,612 - steps.encdec - INFO - Epoch 40/500
2026-02-16 00:03:07,248 - steps.encdec - INFO - No improve (28/60)
2026-02-16 00:03:07,248 - steps.encdec - INFO - Epoch 41/500
2026-02-16 00:04:06,236 - steps.encdec - INFO - No improve (29/60)
2026-02-16 00:04:06,236 - steps.encdec - INFO - Epoch 42/500
2026-02-16 00:05:04,780 - steps.encdec - INFO - No improve (30/60)
2026-02-16 00:05:04,780 - steps.encdec - INFO - Epoch 43/500
2026-02-16 00:06:03,067 - steps.encdec - INFO - No improve (31/60)
2026-02-16 00:06:03,068 - steps.encdec - INFO - Epoch 44/500
2026-02-16 00:07:01,448 - steps.encdec - INFO - No improve (32/60)
2026-02-16 00:07:01,448 - steps.encdec - INFO - Epoch 45/500
2026-02-16 00:07:59,938 - steps.encdec - INFO - No improve (33/60)
2026-02-16 00:07:59,939 - steps.encdec - INFO - Epoch 46/500
2026-02-16 00:08:58,985 - steps.encdec - INFO - No improve (34/60)
2026-02-16 00:08:58,985 - steps.encdec - INFO - Epoch 47/500
2026-02-16 00:09:57,630 - steps.encdec - INFO - No improve (35/60)
2026-02-16 00:09:57,630 - steps.encdec - INFO - Epoch 48/500
2026-02-16 00:10:56,169 - steps.encdec - INFO - No improve (36/60)
2026-02-16 00:10:56,169 - steps.encdec - INFO - Epoch 49/500
2026-02-16 00:11:54,793 - steps.encdec - INFO - No improve (37/60)
2026-02-16 00:11:54,794 - steps.encdec - INFO - Epoch 50/500
2026-02-16 00:12:53,222 - steps.encdec - INFO - No improve (38/60)
2026-02-16 00:12:53,222 - steps.encdec - INFO - Epoch 51/500
2026-02-16 00:13:52,330 - steps.encdec - INFO - No improve (39/60)
2026-02-16 00:13:52,330 - steps.encdec - INFO - Epoch 52/500
2026-02-16 00:14:50,441 - steps.encdec - INFO - No improve (40/60)
2026-02-16 00:14:50,441 - steps.encdec - INFO - Epoch 53/500
2026-02-16 00:15:48,787 - steps.encdec - INFO - No improve (41/60)
2026-02-16 00:15:48,788 - steps.encdec - INFO - Epoch 54/500
2026-02-16 00:16:47,072 - steps.encdec - INFO - No improve (42/60)
2026-02-16 00:16:47,072 - steps.encdec - INFO - Epoch 55/500
2026-02-16 00:17:45,320 - steps.encdec - INFO - No improve (43/60)
2026-02-16 00:17:45,320 - steps.encdec - INFO - Epoch 56/500
2026-02-16 00:18:44,499 - steps.encdec - INFO - No improve (44/60)
2026-02-16 00:18:44,499 - steps.encdec - INFO - Epoch 57/500
2026-02-16 00:19:42,848 - steps.encdec - INFO - No improve (45/60)
2026-02-16 00:19:42,848 - steps.encdec - INFO - Epoch 58/500
2026-02-16 00:20:41,234 - steps.encdec - INFO - No improve (46/60)
2026-02-16 00:20:41,234 - steps.encdec - INFO - Epoch 59/500
2026-02-16 00:21:39,346 - steps.encdec - INFO - No improve (47/60)
2026-02-16 00:21:39,346 - steps.encdec - INFO - Epoch 60/500
2026-02-16 00:22:37,276 - steps.encdec - INFO - No improve (48/60)
2026-02-16 00:22:37,276 - steps.encdec - INFO - Epoch 61/500
2026-02-16 00:23:35,756 - steps.encdec - INFO - No improve (49/60)
2026-02-16 00:23:35,757 - steps.encdec - INFO - Epoch 62/500
2026-02-16 00:24:33,837 - steps.encdec - INFO - No improve (50/60)
2026-02-16 00:24:33,837 - steps.encdec - INFO - Epoch 63/500
2026-02-16 00:25:31,853 - steps.encdec - INFO - No improve (51/60)
2026-02-16 00:25:31,853 - steps.encdec - INFO - Epoch 64/500
2026-02-16 00:26:29,913 - steps.encdec - INFO - No improve (52/60)
2026-02-16 00:26:29,914 - steps.encdec - INFO - Epoch 65/500
2026-02-16 00:27:27,895 - steps.encdec - INFO - No improve (53/60)
2026-02-16 00:27:27,896 - steps.encdec - INFO - Epoch 66/500
2026-02-16 00:28:26,650 - steps.encdec - INFO - No improve (54/60)
2026-02-16 00:28:26,650 - steps.encdec - INFO - Epoch 67/500
2026-02-16 00:29:24,860 - steps.encdec - INFO - No improve (55/60)
2026-02-16 00:29:24,860 - steps.encdec - INFO - Epoch 68/500
2026-02-16 00:30:22,927 - steps.encdec - INFO - No improve (56/60)
2026-02-16 00:30:22,927 - steps.encdec - INFO - Epoch 69/500
2026-02-16 00:31:20,852 - steps.encdec - INFO - No improve (57/60)
2026-02-16 00:31:20,852 - steps.encdec - INFO - Epoch 70/500
2026-02-16 00:32:18,730 - steps.encdec - INFO - No improve (58/60)
2026-02-16 00:32:18,730 - steps.encdec - INFO - Epoch 71/500
2026-02-16 00:33:17,356 - steps.encdec - INFO - No improve (59/60)
2026-02-16 00:33:17,356 - steps.encdec - INFO - Epoch 72/500
2026-02-16 00:34:15,498 - steps.encdec - INFO - No improve (60/60)
2026-02-16 00:34:15,498 - steps.encdec - INFO - Early stopping triggered
2026-02-16 00:34:15,498 - steps.encdec - INFO - ==================================================
2026-02-16 00:34:15,498 - steps.encdec - INFO - TRAINING FINISHED
2026-02-16 00:34:15,498 - steps.encdec - INFO - Best Epoch: 12
2026-02-16 00:34:15,498 - steps.encdec - INFO - Best Validation Metrics:
2026-02-16 00:34:15,498 - steps.encdec - INFO -   - total_loss: 0.143246
2026-02-16 00:34:15,498 - steps.encdec - INFO -   - recon_loss: 0.104048
2026-02-16 00:34:15,498 - steps.encdec - INFO -   - recon_data_loss: 0.043607
2026-02-16 00:34:15,498 - steps.encdec - INFO -   - recon_mask_loss: 0.060441
2026-02-16 00:34:15,498 - steps.encdec - INFO -   - kld_loss: 13.103811
2026-02-16 00:34:15,498 - steps.encdec - INFO -   - kld_free: 13.103811
2026-02-16 00:34:15,498 - steps.encdec - INFO -   - causal_loss: 0.052189
2026-02-16 00:34:15,498 - steps.encdec - INFO -   - current_beta: 0.001000
2026-02-16 00:34:15,498 - steps.encdec - INFO - Best Validation Score (recon + gamma*causal): 0.130142
2026-02-16 00:34:15,498 - steps.encdec - INFO - ==================================================
2026-02-16 00:34:16,831 - steps.encdec - INFO - Saved loss curves -> cvae_loss_curves.png
2026-02-16 00:34:33,462 - steps.encdec - INFO - Saved encoded data (shape=(540000, 32)) -> cvae_encoded_data_v6.pkl
2026-02-16 10:15:39,399 - steps.encdec - INFO - Step: encdec | training CausalVAE
2026-02-16 10:15:39,418 - steps.encdec - INFO - Device: cuda
2026-02-16 10:18:35,758 - steps.encdec - INFO - Dims | input_dim=29 seq_len=60 num_total_features=29
2026-02-16 10:18:45,647 - steps.encdec - INFO - Start from scratch | resume=False | ckpt_exists=False
2026-02-16 10:18:45,647 - steps.encdec - INFO - Epoch 1/500
2026-02-16 10:19:52,416 - steps.encdec - INFO - New best val_score=0.554111 | saved ckpt -> cvae_model_stable.pkl
2026-02-16 10:19:52,416 - steps.encdec - INFO - Epoch 2/500
2026-02-16 10:20:52,253 - steps.encdec - INFO - New best val_score=0.459630 | saved ckpt -> cvae_model_stable.pkl
2026-02-16 10:20:52,253 - steps.encdec - INFO - Epoch 3/500
2026-02-16 10:21:52,355 - steps.encdec - INFO - New best val_score=0.364809 | saved ckpt -> cvae_model_stable.pkl
2026-02-16 10:21:52,356 - steps.encdec - INFO - Epoch 4/500
2026-02-16 10:22:52,430 - steps.encdec - INFO - New best val_score=0.314587 | saved ckpt -> cvae_model_stable.pkl
2026-02-16 10:22:52,431 - steps.encdec - INFO - Epoch 5/500
2026-02-16 10:23:52,270 - steps.encdec - INFO - New best val_score=0.293418 | saved ckpt -> cvae_model_stable.pkl
2026-02-16 10:23:52,270 - steps.encdec - INFO - Epoch 6/500
2026-02-16 10:24:52,854 - steps.encdec - INFO - New best val_score=0.274244 | saved ckpt -> cvae_model_stable.pkl
2026-02-16 10:24:52,854 - steps.encdec - INFO - Epoch 7/500
2026-02-16 10:25:52,918 - steps.encdec - INFO - New best val_score=0.263587 | saved ckpt -> cvae_model_stable.pkl
2026-02-16 10:25:52,919 - steps.encdec - INFO - Epoch 8/500
2026-02-16 10:26:52,723 - steps.encdec - INFO - New best val_score=0.251820 | saved ckpt -> cvae_model_stable.pkl
2026-02-16 10:26:52,723 - steps.encdec - INFO - Epoch 9/500
2026-02-16 10:27:52,482 - steps.encdec - INFO - New best val_score=0.236721 | saved ckpt -> cvae_model_stable.pkl
2026-02-16 10:27:52,482 - steps.encdec - INFO - Epoch 10/500
2026-02-16 10:28:52,332 - steps.encdec - INFO - New best val_score=0.233367 | saved ckpt -> cvae_model_stable.pkl
2026-02-16 10:28:52,332 - steps.encdec - INFO - Epoch 11/500
2026-02-16 10:29:53,276 - steps.encdec - INFO - New best val_score=0.218931 | saved ckpt -> cvae_model_stable.pkl
2026-02-16 10:29:53,276 - steps.encdec - INFO - Epoch 12/500
2026-02-16 10:30:53,508 - steps.encdec - INFO - New best val_score=0.212757 | saved ckpt -> cvae_model_stable.pkl
2026-02-16 10:30:53,509 - steps.encdec - INFO - Epoch 13/500
2026-02-16 10:31:53,824 - steps.encdec - INFO - New best val_score=0.202446 | saved ckpt -> cvae_model_stable.pkl
2026-02-16 10:31:53,824 - steps.encdec - INFO - Epoch 14/500
2026-02-16 10:32:54,174 - steps.encdec - INFO - New best val_score=0.192878 | saved ckpt -> cvae_model_stable.pkl
2026-02-16 10:32:54,174 - steps.encdec - INFO - Epoch 15/500
2026-02-16 10:33:54,295 - steps.encdec - INFO - New best val_score=0.192461 | saved ckpt -> cvae_model_stable.pkl
2026-02-16 10:33:54,295 - steps.encdec - INFO - Epoch 16/500
2026-02-16 10:34:54,776 - steps.encdec - INFO - New best val_score=0.180505 | saved ckpt -> cvae_model_stable.pkl
2026-02-16 10:34:54,777 - steps.encdec - INFO - Epoch 17/500
2026-02-16 10:35:54,747 - steps.encdec - INFO - New best val_score=0.169833 | saved ckpt -> cvae_model_stable.pkl
2026-02-16 10:35:54,747 - steps.encdec - INFO - Epoch 18/500
2026-02-16 10:36:54,757 - steps.encdec - INFO - New best val_score=0.158421 | saved ckpt -> cvae_model_stable.pkl
2026-02-16 10:36:54,758 - steps.encdec - INFO - Epoch 19/500
2026-02-16 10:37:54,783 - steps.encdec - INFO - No improve (1/80)
2026-02-16 10:37:54,783 - steps.encdec - INFO - Epoch 20/500
2026-02-16 10:38:54,791 - steps.encdec - INFO - New best val_score=0.151420 | saved ckpt -> cvae_model_stable.pkl
2026-02-16 10:38:54,792 - steps.encdec - INFO - Epoch 21/500
2026-02-16 10:39:55,363 - steps.encdec - INFO - New best val_score=0.142795 | saved ckpt -> cvae_model_stable.pkl
2026-02-16 10:39:55,363 - steps.encdec - INFO - Epoch 22/500
2026-02-16 10:40:55,578 - steps.encdec - INFO - No improve (1/80)
2026-02-16 10:40:55,578 - steps.encdec - INFO - Epoch 23/500
2026-02-16 10:41:55,372 - steps.encdec - INFO - No improve (2/80)
2026-02-16 10:41:55,372 - steps.encdec - INFO - Epoch 24/500
2026-02-16 10:42:55,155 - steps.encdec - INFO - No improve (3/80)
2026-02-16 10:42:55,156 - steps.encdec - INFO - Epoch 25/500
2026-02-16 10:43:54,998 - steps.encdec - INFO - No improve (4/80)
2026-02-16 10:43:54,998 - steps.encdec - INFO - Epoch 26/500
2026-02-16 10:44:55,266 - steps.encdec - INFO - No improve (5/80)
2026-02-16 10:44:55,266 - steps.encdec - INFO - Epoch 27/500
2026-02-16 10:45:55,191 - steps.encdec - INFO - No improve (6/80)
2026-02-16 10:45:55,191 - steps.encdec - INFO - Epoch 28/500
2026-02-16 10:46:55,444 - steps.encdec - INFO - No improve (7/80)
2026-02-16 10:46:55,444 - steps.encdec - INFO - Epoch 29/500
2026-02-16 10:47:55,773 - steps.encdec - INFO - No improve (8/80)
2026-02-16 10:47:55,773 - steps.encdec - INFO - Epoch 30/500
2026-02-16 10:48:55,942 - steps.encdec - INFO - No improve (9/80)
2026-02-16 10:48:55,942 - steps.encdec - INFO - Epoch 31/500
2026-02-16 10:49:56,261 - steps.encdec - INFO - No improve (10/80)
2026-02-16 10:49:56,261 - steps.encdec - INFO - Epoch 32/500
2026-02-16 10:50:55,916 - steps.encdec - INFO - No improve (11/80)
2026-02-16 10:50:55,916 - steps.encdec - INFO - Epoch 33/500
2026-02-16 10:51:55,662 - steps.encdec - INFO - No improve (12/80)
2026-02-16 10:51:55,662 - steps.encdec - INFO - Epoch 34/500
2026-02-16 10:52:55,528 - steps.encdec - INFO - No improve (13/80)
2026-02-16 10:52:55,544 - steps.encdec - INFO - Epoch 35/500
2026-02-16 10:53:55,809 - steps.encdec - INFO - No improve (14/80)
2026-02-16 10:53:55,809 - steps.encdec - INFO - Epoch 36/500
2026-02-16 10:54:56,904 - steps.encdec - INFO - No improve (15/80)
2026-02-16 10:54:56,904 - steps.encdec - INFO - Epoch 37/500
2026-02-16 10:55:57,231 - steps.encdec - INFO - No improve (16/80)
2026-02-16 10:55:57,231 - steps.encdec - INFO - Epoch 38/500
2026-02-16 10:56:57,319 - steps.encdec - INFO - No improve (17/80)
2026-02-16 10:56:57,319 - steps.encdec - INFO - Epoch 39/500
2026-02-16 10:57:57,117 - steps.encdec - INFO - No improve (18/80)
2026-02-16 10:57:57,117 - steps.encdec - INFO - Epoch 40/500
2026-02-16 10:58:56,873 - steps.encdec - INFO - No improve (19/80)
2026-02-16 10:58:56,873 - steps.encdec - INFO - Epoch 41/500
2026-02-16 10:59:58,299 - steps.encdec - INFO - No improve (20/80)
2026-02-16 10:59:58,299 - steps.encdec - INFO - Epoch 42/500
2026-02-16 11:00:59,011 - steps.encdec - INFO - No improve (21/80)
2026-02-16 11:00:59,011 - steps.encdec - INFO - Epoch 43/500
2026-02-16 11:01:58,882 - steps.encdec - INFO - No improve (22/80)
2026-02-16 11:01:58,882 - steps.encdec - INFO - Epoch 44/500
2026-02-16 11:02:58,820 - steps.encdec - INFO - No improve (23/80)
2026-02-16 11:02:58,820 - steps.encdec - INFO - Epoch 45/500
2026-02-16 11:03:58,575 - steps.encdec - INFO - No improve (24/80)
2026-02-16 11:03:58,575 - steps.encdec - INFO - Epoch 46/500
2026-02-16 11:04:59,415 - steps.encdec - INFO - No improve (25/80)
2026-02-16 11:04:59,415 - steps.encdec - INFO - Epoch 47/500
2026-02-16 11:05:59,560 - steps.encdec - INFO - No improve (26/80)
2026-02-16 11:05:59,560 - steps.encdec - INFO - Epoch 48/500
2026-02-16 11:06:59,445 - steps.encdec - INFO - No improve (27/80)
2026-02-16 11:06:59,445 - steps.encdec - INFO - Epoch 49/500
2026-02-16 11:07:59,337 - steps.encdec - INFO - New best val_score=0.135102 | saved ckpt -> cvae_model_stable.pkl
2026-02-16 11:07:59,337 - steps.encdec - INFO - Epoch 50/500
2026-02-16 11:08:59,159 - steps.encdec - INFO - New best val_score=0.106181 | saved ckpt -> cvae_model_stable.pkl
2026-02-16 11:08:59,159 - steps.encdec - INFO - Epoch 51/500
2026-02-16 11:09:59,655 - steps.encdec - INFO - No improve (1/80)
2026-02-16 11:09:59,655 - steps.encdec - INFO - Epoch 52/500
2026-02-16 11:10:59,924 - steps.encdec - INFO - No improve (2/80)
2026-02-16 11:10:59,925 - steps.encdec - INFO - Epoch 53/500
2026-02-16 11:12:00,071 - steps.encdec - INFO - No improve (3/80)
2026-02-16 11:12:00,072 - steps.encdec - INFO - Epoch 54/500
2026-02-16 11:12:59,942 - steps.encdec - INFO - No improve (4/80)
2026-02-16 11:12:59,942 - steps.encdec - INFO - Epoch 55/500
2026-02-16 11:13:59,990 - steps.encdec - INFO - No improve (5/80)
2026-02-16 11:13:59,990 - steps.encdec - INFO - Epoch 56/500
2026-02-16 11:15:00,773 - steps.encdec - INFO - No improve (6/80)
2026-02-16 11:15:00,774 - steps.encdec - INFO - Epoch 57/500
2026-02-16 11:16:00,660 - steps.encdec - INFO - No improve (7/80)
2026-02-16 11:16:00,661 - steps.encdec - INFO - Epoch 58/500
2026-02-16 11:17:00,453 - steps.encdec - INFO - No improve (8/80)
2026-02-16 11:17:00,453 - steps.encdec - INFO - Epoch 59/500
2026-02-16 11:18:00,065 - steps.encdec - INFO - No improve (9/80)
2026-02-16 11:18:00,065 - steps.encdec - INFO - Epoch 60/500
2026-02-16 11:18:59,733 - steps.encdec - INFO - No improve (10/80)
2026-02-16 11:18:59,733 - steps.encdec - INFO - Epoch 61/500
2026-02-16 11:20:00,046 - steps.encdec - INFO - No improve (11/80)
2026-02-16 11:20:00,046 - steps.encdec - INFO - Epoch 62/500
2026-02-16 11:21:00,216 - steps.encdec - INFO - No improve (12/80)
2026-02-16 11:21:00,216 - steps.encdec - INFO - Epoch 63/500
2026-02-16 11:22:00,184 - steps.encdec - INFO - No improve (13/80)
2026-02-16 11:22:00,184 - steps.encdec - INFO - Epoch 64/500
2026-02-16 11:23:00,358 - steps.encdec - INFO - No improve (14/80)
2026-02-16 11:23:00,358 - steps.encdec - INFO - Epoch 65/500
2026-02-16 11:24:01,649 - steps.encdec - INFO - No improve (15/80)
2026-02-16 11:24:01,649 - steps.encdec - INFO - Epoch 66/500
2026-02-16 11:25:03,089 - steps.encdec - INFO - No improve (16/80)
2026-02-16 11:25:03,089 - steps.encdec - INFO - Epoch 67/500
2026-02-16 11:26:04,294 - steps.encdec - INFO - No improve (17/80)
2026-02-16 11:26:04,294 - steps.encdec - INFO - Epoch 68/500
2026-02-16 11:27:05,302 - steps.encdec - INFO - No improve (18/80)
2026-02-16 11:27:05,302 - steps.encdec - INFO - Epoch 69/500
2026-02-16 11:28:05,842 - steps.encdec - INFO - No improve (19/80)
2026-02-16 11:28:05,842 - steps.encdec - INFO - Epoch 70/500
2026-02-16 11:29:06,081 - steps.encdec - INFO - No improve (20/80)
2026-02-16 11:29:06,082 - steps.encdec - INFO - Epoch 71/500
2026-02-16 11:30:06,823 - steps.encdec - INFO - No improve (21/80)
2026-02-16 11:30:06,823 - steps.encdec - INFO - Epoch 72/500
2026-02-16 11:31:07,101 - steps.encdec - INFO - No improve (22/80)
2026-02-16 11:31:07,101 - steps.encdec - INFO - Epoch 73/500
2026-02-16 11:32:07,445 - steps.encdec - INFO - No improve (23/80)
2026-02-16 11:32:07,446 - steps.encdec - INFO - Epoch 74/500
2026-02-16 11:33:07,918 - steps.encdec - INFO - No improve (24/80)
2026-02-16 11:33:07,918 - steps.encdec - INFO - Epoch 75/500
2026-02-16 11:34:08,518 - steps.encdec - INFO - No improve (25/80)
2026-02-16 11:34:08,518 - steps.encdec - INFO - Epoch 76/500
2026-02-16 11:35:09,707 - steps.encdec - INFO - No improve (26/80)
2026-02-16 11:35:09,707 - steps.encdec - INFO - Epoch 77/500
2026-02-16 11:36:10,317 - steps.encdec - INFO - No improve (27/80)
2026-02-16 11:36:10,317 - steps.encdec - INFO - Epoch 78/500
2026-02-16 11:37:10,807 - steps.encdec - INFO - No improve (28/80)
2026-02-16 11:37:10,807 - steps.encdec - INFO - Epoch 79/500
2026-02-16 11:38:10,979 - steps.encdec - INFO - No improve (29/80)
2026-02-16 11:38:10,979 - steps.encdec - INFO - Epoch 80/500
2026-02-16 11:39:10,989 - steps.encdec - INFO - No improve (30/80)
2026-02-16 11:39:10,989 - steps.encdec - INFO - Epoch 81/500
2026-02-16 11:40:11,735 - steps.encdec - INFO - No improve (31/80)
2026-02-16 11:40:11,735 - steps.encdec - INFO - Epoch 82/500
2026-02-16 11:41:12,176 - steps.encdec - INFO - No improve (32/80)
2026-02-16 11:41:12,176 - steps.encdec - INFO - Epoch 83/500
2026-02-16 11:42:13,066 - steps.encdec - INFO - No improve (33/80)
2026-02-16 11:42:13,067 - steps.encdec - INFO - Epoch 84/500
2026-02-16 11:43:13,697 - steps.encdec - INFO - No improve (34/80)
2026-02-16 11:43:13,698 - steps.encdec - INFO - Epoch 85/500
2026-02-16 11:44:14,112 - steps.encdec - INFO - No improve (35/80)
2026-02-16 11:44:14,113 - steps.encdec - INFO - Epoch 86/500
2026-02-16 11:45:15,549 - steps.encdec - INFO - No improve (36/80)
2026-02-16 11:45:15,550 - steps.encdec - INFO - Epoch 87/500
2026-02-16 11:46:16,247 - steps.encdec - INFO - No improve (37/80)
2026-02-16 11:46:16,247 - steps.encdec - INFO - Epoch 88/500
2026-02-16 11:47:16,827 - steps.encdec - INFO - No improve (38/80)
2026-02-16 11:47:16,827 - steps.encdec - INFO - Epoch 89/500
2026-02-16 11:48:17,169 - steps.encdec - INFO - No improve (39/80)
2026-02-16 11:48:17,170 - steps.encdec - INFO - Epoch 90/500
2026-02-16 11:49:17,982 - steps.encdec - INFO - No improve (40/80)
2026-02-16 11:49:17,982 - steps.encdec - INFO - Epoch 91/500
2026-02-16 11:50:19,105 - steps.encdec - INFO - No improve (41/80)
2026-02-16 11:50:19,105 - steps.encdec - INFO - Epoch 92/500
2026-02-16 11:51:19,645 - steps.encdec - INFO - No improve (42/80)
2026-02-16 11:51:19,645 - steps.encdec - INFO - Epoch 93/500
2026-02-16 11:52:20,454 - steps.encdec - INFO - No improve (43/80)
2026-02-16 11:52:20,454 - steps.encdec - INFO - Epoch 94/500
2026-02-16 11:53:21,255 - steps.encdec - INFO - No improve (44/80)
2026-02-16 11:53:21,255 - steps.encdec - INFO - Epoch 95/500
2026-02-16 11:54:22,037 - steps.encdec - INFO - No improve (45/80)
2026-02-16 11:54:22,037 - steps.encdec - INFO - Epoch 96/500
2026-02-16 11:55:23,178 - steps.encdec - INFO - No improve (46/80)
2026-02-16 11:55:23,179 - steps.encdec - INFO - Epoch 97/500
2026-02-16 11:56:23,473 - steps.encdec - INFO - No improve (47/80)
2026-02-16 11:56:23,473 - steps.encdec - INFO - Epoch 98/500
2026-02-16 11:57:23,752 - steps.encdec - INFO - No improve (48/80)
2026-02-16 11:57:23,753 - steps.encdec - INFO - Epoch 99/500
2026-02-16 11:58:24,552 - steps.encdec - INFO - No improve (49/80)
2026-02-16 11:58:24,552 - steps.encdec - INFO - Epoch 100/500
2026-02-16 11:59:25,107 - steps.encdec - INFO - No improve (50/80)
2026-02-16 11:59:25,107 - steps.encdec - INFO - Epoch 101/500
2026-02-16 12:00:26,142 - steps.encdec - INFO - No improve (51/80)
2026-02-16 12:00:26,143 - steps.encdec - INFO - Epoch 102/500
2026-02-16 12:01:27,509 - steps.encdec - INFO - No improve (52/80)
2026-02-16 12:01:27,510 - steps.encdec - INFO - Epoch 103/500
2026-02-16 12:02:28,726 - steps.encdec - INFO - No improve (53/80)
2026-02-16 12:02:28,726 - steps.encdec - INFO - Epoch 104/500
2026-02-16 12:03:29,835 - steps.encdec - INFO - No improve (54/80)
2026-02-16 12:03:29,835 - steps.encdec - INFO - Epoch 105/500
2026-02-16 12:04:30,502 - steps.encdec - INFO - No improve (55/80)
2026-02-16 12:04:30,503 - steps.encdec - INFO - Epoch 106/500
2026-02-16 12:05:31,700 - steps.encdec - INFO - No improve (56/80)
2026-02-16 12:05:31,700 - steps.encdec - INFO - Epoch 107/500
2026-02-16 12:06:32,538 - steps.encdec - INFO - No improve (57/80)
2026-02-16 12:06:32,538 - steps.encdec - INFO - Epoch 108/500
2026-02-16 12:07:33,107 - steps.encdec - INFO - No improve (58/80)
2026-02-16 12:07:33,107 - steps.encdec - INFO - Epoch 109/500
2026-02-16 12:08:33,639 - steps.encdec - INFO - No improve (59/80)
2026-02-16 12:08:33,639 - steps.encdec - INFO - Epoch 110/500
2026-02-16 12:09:34,198 - steps.encdec - INFO - No improve (60/80)
2026-02-16 12:09:34,198 - steps.encdec - INFO - Epoch 111/500
2026-02-16 12:10:35,869 - steps.encdec - INFO - No improve (61/80)
2026-02-16 12:10:35,870 - steps.encdec - INFO - Epoch 112/500
2026-02-16 12:11:37,116 - steps.encdec - INFO - No improve (62/80)
2026-02-16 12:11:37,116 - steps.encdec - INFO - Epoch 113/500
2026-02-16 12:12:38,060 - steps.encdec - INFO - No improve (63/80)
2026-02-16 12:12:38,060 - steps.encdec - INFO - Epoch 114/500
2026-02-16 12:13:38,345 - steps.encdec - INFO - No improve (64/80)
2026-02-16 12:13:38,345 - steps.encdec - INFO - Epoch 115/500
2026-02-16 12:14:38,675 - steps.encdec - INFO - No improve (65/80)
2026-02-16 12:14:38,675 - steps.encdec - INFO - Epoch 116/500
2026-02-16 12:15:39,376 - steps.encdec - INFO - No improve (66/80)
2026-02-16 12:15:39,377 - steps.encdec - INFO - Epoch 117/500
2026-02-16 12:16:39,292 - steps.encdec - INFO - No improve (67/80)
2026-02-16 12:16:39,292 - steps.encdec - INFO - Epoch 118/500
2026-02-16 12:17:39,372 - steps.encdec - INFO - No improve (68/80)
2026-02-16 12:17:39,372 - steps.encdec - INFO - Epoch 119/500
2026-02-16 12:18:38,977 - steps.encdec - INFO - No improve (69/80)
2026-02-16 12:18:38,977 - steps.encdec - INFO - Epoch 120/500
2026-02-16 12:19:38,371 - steps.encdec - INFO - No improve (70/80)
2026-02-16 12:19:38,371 - steps.encdec - INFO - Epoch 121/500
2026-02-16 12:20:38,337 - steps.encdec - INFO - No improve (71/80)
2026-02-16 12:20:38,337 - steps.encdec - INFO - Epoch 122/500
2026-02-16 12:21:37,654 - steps.encdec - INFO - No improve (72/80)
2026-02-16 12:21:37,655 - steps.encdec - INFO - Epoch 123/500
2026-02-16 12:22:37,012 - steps.encdec - INFO - No improve (73/80)
2026-02-16 12:22:37,012 - steps.encdec - INFO - Epoch 124/500
2026-02-16 12:23:36,548 - steps.encdec - INFO - No improve (74/80)
2026-02-16 12:23:36,548 - steps.encdec - INFO - Epoch 125/500
2026-02-16 12:24:36,175 - steps.encdec - INFO - No improve (75/80)
2026-02-16 12:24:36,176 - steps.encdec - INFO - Epoch 126/500
2026-02-16 12:25:36,303 - steps.encdec - INFO - No improve (76/80)
2026-02-16 12:25:36,303 - steps.encdec - INFO - Epoch 127/500
2026-02-16 12:26:35,794 - steps.encdec - INFO - No improve (77/80)
2026-02-16 12:26:35,794 - steps.encdec - INFO - Epoch 128/500
2026-02-16 12:27:35,332 - steps.encdec - INFO - No improve (78/80)
2026-02-16 12:27:35,332 - steps.encdec - INFO - Epoch 129/500
2026-02-16 12:28:34,755 - steps.encdec - INFO - No improve (79/80)
2026-02-16 12:28:34,756 - steps.encdec - INFO - Epoch 130/500
2026-02-16 12:29:34,470 - steps.encdec - INFO - No improve (80/80)
2026-02-16 12:29:34,471 - steps.encdec - INFO - Early stopping triggered
2026-02-16 12:29:34,471 - steps.encdec - INFO - ==================================================
2026-02-16 12:29:34,471 - steps.encdec - INFO - TRAINING FINISHED
2026-02-16 12:29:34,471 - steps.encdec - INFO - Best Epoch: 50
2026-02-16 12:29:34,471 - steps.encdec - INFO - Best Validation Metrics:
2026-02-16 12:29:34,471 - steps.encdec - INFO -   - total_loss: 0.113916
2026-02-16 12:29:34,471 - steps.encdec - INFO -   - recon_loss: 0.094480
2026-02-16 12:29:34,471 - steps.encdec - INFO -   - recon_data_loss: 0.034605
2026-02-16 12:29:34,471 - steps.encdec - INFO -   - recon_mask_loss: 0.059875
2026-02-16 12:29:34,471 - steps.encdec - INFO -   - kld_loss: 8.001567
2026-02-16 12:29:34,471 - steps.encdec - INFO -   - kld_free: 8.001567
2026-02-16 12:29:34,471 - steps.encdec - INFO -   - causal_loss: 0.058506
2026-02-16 12:29:34,471 - steps.encdec - INFO -   - current_beta: 0.000967
2026-02-16 12:29:34,471 - steps.encdec - INFO - Best Validation Score (recon + gamma*causal): 0.106181
2026-02-16 12:29:34,471 - steps.encdec - INFO - ==================================================
2026-02-16 12:29:36,085 - steps.encdec - INFO - Saved loss curves -> cvae_loss_curves.png
2026-02-16 12:29:53,082 - steps.encdec - INFO - Saved encoded data (shape=(540000, 32)) -> cvae_encoded_data_stable.pkl
2026-02-16 15:57:13,298 - steps.encdec - INFO - Step: encdec | training CausalVAE
2026-02-16 15:57:13,299 - steps.encdec - INFO - Device: cuda
2026-02-16 15:58:55,144 - steps.encdec - INFO - Dims | input_dim=29 seq_len=60 num_total_features=29
2026-02-16 15:58:56,554 - steps.encdec - INFO - Start from scratch | resume=False | ckpt_exists=False
2026-02-16 15:58:56,554 - steps.encdec - INFO - Epoch 1/500
2026-02-16 15:59:58,537 - steps.encdec - INFO - New best val_score=0.577559 | saved ckpt -> cvae_model_super_stable.pkl
2026-02-16 15:59:58,537 - steps.encdec - INFO - Epoch 2/500
2026-02-16 16:00:57,616 - steps.encdec - INFO - New best val_score=0.565255 | saved ckpt -> cvae_model_super_stable.pkl
2026-02-16 16:00:57,617 - steps.encdec - INFO - Epoch 3/500
2026-02-16 16:01:56,562 - steps.encdec - INFO - New best val_score=0.559731 | saved ckpt -> cvae_model_super_stable.pkl
2026-02-16 16:01:56,562 - steps.encdec - INFO - Epoch 4/500
2026-02-16 16:02:55,523 - steps.encdec - INFO - New best val_score=0.540531 | saved ckpt -> cvae_model_super_stable.pkl
2026-02-16 16:02:55,524 - steps.encdec - INFO - Epoch 5/500
2026-02-16 16:03:54,160 - steps.encdec - INFO - New best val_score=0.488589 | saved ckpt -> cvae_model_super_stable.pkl
2026-02-16 16:03:54,160 - steps.encdec - INFO - Epoch 6/500
2026-02-16 16:04:53,579 - steps.encdec - INFO - New best val_score=0.447421 | saved ckpt -> cvae_model_super_stable.pkl
2026-02-16 16:04:53,579 - steps.encdec - INFO - Epoch 7/500
2026-02-16 16:05:52,313 - steps.encdec - INFO - New best val_score=0.425767 | saved ckpt -> cvae_model_super_stable.pkl
2026-02-16 16:05:52,313 - steps.encdec - INFO - Epoch 8/500
2026-02-16 16:06:51,074 - steps.encdec - INFO - New best val_score=0.417137 | saved ckpt -> cvae_model_super_stable.pkl
2026-02-16 16:06:51,075 - steps.encdec - INFO - Epoch 9/500
2026-02-16 16:07:50,014 - steps.encdec - INFO - New best val_score=0.405442 | saved ckpt -> cvae_model_super_stable.pkl
2026-02-16 16:07:50,015 - steps.encdec - INFO - Epoch 10/500
2026-02-16 16:08:48,618 - steps.encdec - INFO - New best val_score=0.388060 | saved ckpt -> cvae_model_super_stable.pkl
2026-02-16 16:08:48,618 - steps.encdec - INFO - Epoch 11/500
2026-02-16 16:09:47,755 - steps.encdec - INFO - New best val_score=0.374948 | saved ckpt -> cvae_model_super_stable.pkl
2026-02-16 16:09:47,755 - steps.encdec - INFO - Epoch 12/500
2026-02-16 16:10:46,246 - steps.encdec - INFO - New best val_score=0.364672 | saved ckpt -> cvae_model_super_stable.pkl
2026-02-16 16:10:46,246 - steps.encdec - INFO - Epoch 13/500
2026-02-16 16:11:45,097 - steps.encdec - INFO - New best val_score=0.351326 | saved ckpt -> cvae_model_super_stable.pkl
2026-02-16 16:11:45,098 - steps.encdec - INFO - Epoch 14/500
2026-02-16 16:12:43,933 - steps.encdec - INFO - New best val_score=0.343514 | saved ckpt -> cvae_model_super_stable.pkl
2026-02-16 16:12:43,933 - steps.encdec - INFO - Epoch 15/500
2026-02-16 16:13:42,701 - steps.encdec - INFO - No improve (1/80)
2026-02-16 16:13:42,701 - steps.encdec - INFO - Epoch 16/500
2026-02-16 16:14:42,034 - steps.encdec - INFO - New best val_score=0.322410 | saved ckpt -> cvae_model_super_stable.pkl
2026-02-16 16:14:42,035 - steps.encdec - INFO - Epoch 17/500
2026-02-16 16:15:40,760 - steps.encdec - INFO - No improve (1/80)
2026-02-16 16:15:40,761 - steps.encdec - INFO - Epoch 18/500
2026-02-16 16:16:39,551 - steps.encdec - INFO - New best val_score=0.318775 | saved ckpt -> cvae_model_super_stable.pkl
2026-02-16 16:16:39,551 - steps.encdec - INFO - Epoch 19/500
2026-02-16 16:17:38,088 - steps.encdec - INFO - New best val_score=0.303168 | saved ckpt -> cvae_model_super_stable.pkl
2026-02-16 16:17:38,088 - steps.encdec - INFO - Epoch 20/500
2026-02-16 16:18:36,704 - steps.encdec - INFO - New best val_score=0.298624 | saved ckpt -> cvae_model_super_stable.pkl
2026-02-16 16:18:36,704 - steps.encdec - INFO - Epoch 21/500
2026-02-16 16:19:36,034 - steps.encdec - INFO - New best val_score=0.296151 | saved ckpt -> cvae_model_super_stable.pkl
2026-02-16 16:19:36,034 - steps.encdec - INFO - Epoch 22/500
2026-02-16 16:20:34,804 - steps.encdec - INFO - New best val_score=0.288241 | saved ckpt -> cvae_model_super_stable.pkl
2026-02-16 16:20:34,805 - steps.encdec - INFO - Epoch 23/500
2026-02-16 16:21:33,817 - steps.encdec - INFO - New best val_score=0.277760 | saved ckpt -> cvae_model_super_stable.pkl
2026-02-16 16:21:33,818 - steps.encdec - INFO - Epoch 24/500
2026-02-16 16:22:32,708 - steps.encdec - INFO - New best val_score=0.271635 | saved ckpt -> cvae_model_super_stable.pkl
2026-02-16 16:22:32,708 - steps.encdec - INFO - Epoch 25/500
2026-02-16 16:23:31,548 - steps.encdec - INFO - New best val_score=0.255850 | saved ckpt -> cvae_model_super_stable.pkl
2026-02-16 16:23:31,549 - steps.encdec - INFO - Epoch 26/500
2026-02-16 16:24:31,047 - steps.encdec - INFO - New best val_score=0.255608 | saved ckpt -> cvae_model_super_stable.pkl
2026-02-16 16:24:31,047 - steps.encdec - INFO - Epoch 27/500
2026-02-16 16:25:30,247 - steps.encdec - INFO - New best val_score=0.253337 | saved ckpt -> cvae_model_super_stable.pkl
2026-02-16 16:25:30,247 - steps.encdec - INFO - Epoch 28/500
2026-02-16 16:26:29,216 - steps.encdec - INFO - New best val_score=0.250802 | saved ckpt -> cvae_model_super_stable.pkl
2026-02-16 16:26:29,216 - steps.encdec - INFO - Epoch 29/500
2026-02-16 16:27:28,314 - steps.encdec - INFO - No improve (1/80)
2026-02-16 16:27:28,314 - steps.encdec - INFO - Epoch 30/500
2026-02-16 16:28:27,120 - steps.encdec - INFO - New best val_score=0.236468 | saved ckpt -> cvae_model_super_stable.pkl
2026-02-16 16:28:27,121 - steps.encdec - INFO - Epoch 31/500
2026-02-16 16:29:26,372 - steps.encdec - INFO - New best val_score=0.233039 | saved ckpt -> cvae_model_super_stable.pkl
2026-02-16 16:29:26,372 - steps.encdec - INFO - Epoch 32/500
2026-02-16 16:30:24,919 - steps.encdec - INFO - New best val_score=0.229390 | saved ckpt -> cvae_model_super_stable.pkl
2026-02-16 16:30:24,919 - steps.encdec - INFO - Epoch 33/500
2026-02-16 16:31:23,455 - steps.encdec - INFO - No improve (1/80)
2026-02-16 16:31:23,456 - steps.encdec - INFO - Epoch 34/500
2026-02-16 16:32:21,977 - steps.encdec - INFO - New best val_score=0.221138 | saved ckpt -> cvae_model_super_stable.pkl
2026-02-16 16:32:21,978 - steps.encdec - INFO - Epoch 35/500
2026-02-16 16:33:20,471 - steps.encdec - INFO - New best val_score=0.217374 | saved ckpt -> cvae_model_super_stable.pkl
2026-02-16 16:33:20,471 - steps.encdec - INFO - Epoch 36/500
2026-02-16 16:34:19,822 - steps.encdec - INFO - New best val_score=0.210946 | saved ckpt -> cvae_model_super_stable.pkl
2026-02-16 16:34:19,823 - steps.encdec - INFO - Epoch 37/500
2026-02-16 16:35:18,436 - steps.encdec - INFO - No improve (1/80)
2026-02-16 16:35:18,436 - steps.encdec - INFO - Epoch 38/500
2026-02-16 16:36:17,504 - steps.encdec - INFO - New best val_score=0.202586 | saved ckpt -> cvae_model_super_stable.pkl
2026-02-16 16:36:17,504 - steps.encdec - INFO - Epoch 39/500
2026-02-16 16:37:16,413 - steps.encdec - INFO - No improve (1/80)
2026-02-16 16:37:16,414 - steps.encdec - INFO - Epoch 40/500
2026-02-16 16:38:15,289 - steps.encdec - INFO - No improve (2/80)
2026-02-16 16:38:15,290 - steps.encdec - INFO - Epoch 41/500
2026-02-16 16:39:14,672 - steps.encdec - INFO - New best val_score=0.200838 | saved ckpt -> cvae_model_super_stable.pkl
2026-02-16 16:39:14,673 - steps.encdec - INFO - Epoch 42/500
2026-02-16 16:40:13,634 - steps.encdec - INFO - No improve (1/80)
2026-02-16 16:40:13,634 - steps.encdec - INFO - Epoch 43/500
2026-02-16 16:41:12,370 - steps.encdec - INFO - No improve (2/80)
2026-02-16 16:41:12,370 - steps.encdec - INFO - Epoch 44/500
2026-02-16 16:42:11,021 - steps.encdec - INFO - No improve (3/80)
2026-02-16 16:42:11,022 - steps.encdec - INFO - Epoch 45/500
2026-02-16 16:43:09,688 - steps.encdec - INFO - New best val_score=0.196121 | saved ckpt -> cvae_model_super_stable.pkl
2026-02-16 16:43:09,689 - steps.encdec - INFO - Epoch 46/500
2026-02-16 16:44:09,030 - steps.encdec - INFO - No improve (1/80)
2026-02-16 16:44:09,030 - steps.encdec - INFO - Epoch 47/500
2026-02-16 16:45:08,026 - steps.encdec - INFO - No improve (2/80)
2026-02-16 16:45:08,026 - steps.encdec - INFO - Epoch 48/500
2026-02-16 16:46:06,869 - steps.encdec - INFO - No improve (3/80)
2026-02-16 16:46:06,869 - steps.encdec - INFO - Epoch 49/500
2026-02-16 16:47:05,352 - steps.encdec - INFO - New best val_score=0.192700 | saved ckpt -> cvae_model_super_stable.pkl
2026-02-16 16:47:05,352 - steps.encdec - INFO - Epoch 50/500
2026-02-16 16:48:04,347 - steps.encdec - INFO - No improve (1/80)
2026-02-16 16:48:04,347 - steps.encdec - INFO - Epoch 51/500
2026-02-16 16:49:03,928 - steps.encdec - INFO - No improve (2/80)
2026-02-16 16:49:03,928 - steps.encdec - INFO - Epoch 52/500
2026-02-16 16:50:02,972 - steps.encdec - INFO - New best val_score=0.188997 | saved ckpt -> cvae_model_super_stable.pkl
2026-02-16 16:50:02,972 - steps.encdec - INFO - Epoch 53/500
2026-02-16 16:51:01,784 - steps.encdec - INFO - New best val_score=0.183305 | saved ckpt -> cvae_model_super_stable.pkl
2026-02-16 16:51:01,784 - steps.encdec - INFO - Epoch 54/500
2026-02-16 16:52:00,576 - steps.encdec - INFO - No improve (1/80)
2026-02-16 16:52:00,576 - steps.encdec - INFO - Epoch 55/500
2026-02-16 16:52:59,603 - steps.encdec - INFO - No improve (2/80)
2026-02-16 16:52:59,604 - steps.encdec - INFO - Epoch 56/500
2026-02-16 16:53:59,046 - steps.encdec - INFO - No improve (3/80)
2026-02-16 16:53:59,046 - steps.encdec - INFO - Epoch 57/500
2026-02-16 16:54:57,764 - steps.encdec - INFO - New best val_score=0.178753 | saved ckpt -> cvae_model_super_stable.pkl
2026-02-16 16:54:57,764 - steps.encdec - INFO - Epoch 58/500
2026-02-16 16:55:56,626 - steps.encdec - INFO - New best val_score=0.175390 | saved ckpt -> cvae_model_super_stable.pkl
2026-02-16 16:55:56,626 - steps.encdec - INFO - Epoch 59/500
2026-02-16 16:56:55,224 - steps.encdec - INFO - New best val_score=0.174308 | saved ckpt -> cvae_model_super_stable.pkl
2026-02-16 16:56:55,224 - steps.encdec - INFO - Epoch 60/500
2026-02-16 16:57:53,919 - steps.encdec - INFO - No improve (1/80)
2026-02-16 16:57:53,919 - steps.encdec - INFO - Epoch 61/500
2026-02-16 16:58:53,125 - steps.encdec - INFO - New best val_score=0.173005 | saved ckpt -> cvae_model_super_stable.pkl
2026-02-16 16:58:53,126 - steps.encdec - INFO - Epoch 62/500
2026-02-16 16:59:52,104 - steps.encdec - INFO - No improve (1/80)
2026-02-16 16:59:52,105 - steps.encdec - INFO - Epoch 63/500
2026-02-16 17:00:50,998 - steps.encdec - INFO - No improve (2/80)
2026-02-16 17:00:50,998 - steps.encdec - INFO - Epoch 64/500
2026-02-16 17:01:49,985 - steps.encdec - INFO - New best val_score=0.166120 | saved ckpt -> cvae_model_super_stable.pkl
2026-02-16 17:01:49,986 - steps.encdec - INFO - Epoch 65/500
2026-02-16 17:02:48,900 - steps.encdec - INFO - New best val_score=0.162659 | saved ckpt -> cvae_model_super_stable.pkl
2026-02-16 17:02:48,900 - steps.encdec - INFO - Epoch 66/500
2026-02-16 17:03:48,181 - steps.encdec - INFO - No improve (1/80)
2026-02-16 17:03:48,181 - steps.encdec - INFO - Epoch 67/500
2026-02-16 17:04:46,947 - steps.encdec - INFO - New best val_score=0.162472 | saved ckpt -> cvae_model_super_stable.pkl
2026-02-16 17:04:46,947 - steps.encdec - INFO - Epoch 68/500
2026-02-16 17:05:45,445 - steps.encdec - INFO - New best val_score=0.161103 | saved ckpt -> cvae_model_super_stable.pkl
2026-02-16 17:05:45,445 - steps.encdec - INFO - Epoch 69/500
2026-02-16 17:06:43,704 - steps.encdec - INFO - No improve (1/80)
2026-02-16 17:06:43,705 - steps.encdec - INFO - Epoch 70/500
2026-02-16 17:07:41,819 - steps.encdec - INFO - No improve (2/80)
2026-02-16 17:07:41,820 - steps.encdec - INFO - Epoch 71/500
2026-02-16 17:08:40,749 - steps.encdec - INFO - No improve (3/80)
2026-02-16 17:08:40,749 - steps.encdec - INFO - Epoch 72/500
2026-02-16 17:09:39,110 - steps.encdec - INFO - New best val_score=0.150990 | saved ckpt -> cvae_model_super_stable.pkl
2026-02-16 17:09:39,110 - steps.encdec - INFO - Epoch 73/500
2026-02-16 17:10:37,320 - steps.encdec - INFO - New best val_score=0.143583 | saved ckpt -> cvae_model_super_stable.pkl
2026-02-16 17:10:37,320 - steps.encdec - INFO - Epoch 74/500
2026-02-16 17:11:35,422 - steps.encdec - INFO - New best val_score=0.137383 | saved ckpt -> cvae_model_super_stable.pkl
2026-02-16 17:11:35,422 - steps.encdec - INFO - Epoch 75/500
2026-02-16 17:12:33,396 - steps.encdec - INFO - No improve (1/80)
2026-02-16 17:12:33,396 - steps.encdec - INFO - Epoch 76/500
2026-02-16 17:13:31,824 - steps.encdec - INFO - No improve (2/80)
2026-02-16 17:13:31,824 - steps.encdec - INFO - Epoch 77/500
2026-02-16 17:14:29,726 - steps.encdec - INFO - No improve (3/80)
2026-02-16 17:14:29,726 - steps.encdec - INFO - Epoch 78/500
2026-02-16 17:15:27,573 - steps.encdec - INFO - New best val_score=0.129903 | saved ckpt -> cvae_model_super_stable.pkl
2026-02-16 17:15:27,573 - steps.encdec - INFO - Epoch 79/500
2026-02-16 17:16:25,517 - steps.encdec - INFO - No improve (1/80)
2026-02-16 17:16:25,517 - steps.encdec - INFO - Epoch 80/500
2026-02-16 17:17:23,441 - steps.encdec - INFO - No improve (2/80)
2026-02-16 17:17:23,442 - steps.encdec - INFO - Epoch 81/500
2026-02-16 17:18:21,987 - steps.encdec - INFO - No improve (3/80)
2026-02-16 17:18:21,987 - steps.encdec - INFO - Epoch 82/500
2026-02-16 17:19:19,984 - steps.encdec - INFO - No improve (4/80)
2026-02-16 17:19:19,985 - steps.encdec - INFO - Epoch 83/500
2026-02-16 17:20:17,982 - steps.encdec - INFO - No improve (5/80)
2026-02-16 17:20:17,982 - steps.encdec - INFO - Epoch 84/500
2026-02-16 17:21:16,051 - steps.encdec - INFO - No improve (6/80)
2026-02-16 17:21:16,051 - steps.encdec - INFO - Epoch 85/500
2026-02-16 17:22:13,851 - steps.encdec - INFO - New best val_score=0.120997 | saved ckpt -> cvae_model_super_stable.pkl
2026-02-16 17:22:13,851 - steps.encdec - INFO - Epoch 86/500
2026-02-16 17:23:12,337 - steps.encdec - INFO - No improve (1/80)
2026-02-16 17:23:12,338 - steps.encdec - INFO - Epoch 87/500
2026-02-16 17:24:10,345 - steps.encdec - INFO - No improve (2/80)
2026-02-16 17:24:10,345 - steps.encdec - INFO - Epoch 88/500
2026-02-16 17:25:08,252 - steps.encdec - INFO - No improve (3/80)
2026-02-16 17:25:08,252 - steps.encdec - INFO - Epoch 89/500
2026-02-16 17:26:06,482 - steps.encdec - INFO - New best val_score=0.112634 | saved ckpt -> cvae_model_super_stable.pkl
2026-02-16 17:26:06,482 - steps.encdec - INFO - Epoch 90/500
2026-02-16 17:27:04,704 - steps.encdec - INFO - New best val_score=0.111591 | saved ckpt -> cvae_model_super_stable.pkl
2026-02-16 17:27:04,704 - steps.encdec - INFO - Epoch 91/500
2026-02-16 17:28:03,290 - steps.encdec - INFO - No improve (1/80)
2026-02-16 17:28:03,290 - steps.encdec - INFO - Epoch 92/500
2026-02-16 17:29:01,143 - steps.encdec - INFO - New best val_score=0.097832 | saved ckpt -> cvae_model_super_stable.pkl
2026-02-16 17:29:01,143 - steps.encdec - INFO - Epoch 93/500
2026-02-16 17:29:58,873 - steps.encdec - INFO - No improve (1/80)
2026-02-16 17:29:58,873 - steps.encdec - INFO - Epoch 94/500
2026-02-16 17:30:56,845 - steps.encdec - INFO - No improve (2/80)
2026-02-16 17:30:56,845 - steps.encdec - INFO - Epoch 95/500
2026-02-16 17:31:54,694 - steps.encdec - INFO - No improve (3/80)
2026-02-16 17:31:54,694 - steps.encdec - INFO - Epoch 96/500
2026-02-16 17:32:52,929 - steps.encdec - INFO - No improve (4/80)
2026-02-16 17:32:52,930 - steps.encdec - INFO - Epoch 97/500
2026-02-16 17:33:50,569 - steps.encdec - INFO - No improve (5/80)
2026-02-16 17:33:50,569 - steps.encdec - INFO - Epoch 98/500
2026-02-16 17:34:48,178 - steps.encdec - INFO - No improve (6/80)
2026-02-16 17:34:48,178 - steps.encdec - INFO - Epoch 99/500
2026-02-16 17:35:45,957 - steps.encdec - INFO - New best val_score=0.095414 | saved ckpt -> cvae_model_super_stable.pkl
2026-02-16 17:35:45,957 - steps.encdec - INFO - Epoch 100/500
2026-02-16 17:36:43,956 - steps.encdec - INFO - No improve (1/80)
2026-02-16 17:36:43,956 - steps.encdec - INFO - Epoch 101/500
2026-02-16 17:37:42,592 - steps.encdec - INFO - No improve (2/80)
2026-02-16 17:37:42,592 - steps.encdec - INFO - Epoch 102/500
2026-02-16 17:38:40,627 - steps.encdec - INFO - New best val_score=0.094955 | saved ckpt -> cvae_model_super_stable.pkl
2026-02-16 17:38:40,628 - steps.encdec - INFO - Epoch 103/500
2026-02-16 17:39:38,736 - steps.encdec - INFO - New best val_score=0.083506 | saved ckpt -> cvae_model_super_stable.pkl
2026-02-16 17:39:38,737 - steps.encdec - INFO - Epoch 104/500
2026-02-16 17:40:36,633 - steps.encdec - INFO - No improve (1/80)
2026-02-16 17:40:36,634 - steps.encdec - INFO - Epoch 105/500
2026-02-16 17:41:34,330 - steps.encdec - INFO - New best val_score=0.071793 | saved ckpt -> cvae_model_super_stable.pkl
2026-02-16 17:41:34,330 - steps.encdec - INFO - Epoch 106/500
2026-02-16 17:42:32,427 - steps.encdec - INFO - No improve (1/80)
2026-02-16 17:42:32,427 - steps.encdec - INFO - Epoch 107/500
2026-02-16 17:43:30,182 - steps.encdec - INFO - No improve (2/80)
2026-02-16 17:43:30,182 - steps.encdec - INFO - Epoch 108/500
2026-02-16 17:44:27,959 - steps.encdec - INFO - No improve (3/80)
2026-02-16 17:44:27,959 - steps.encdec - INFO - Epoch 109/500
2026-02-16 17:45:25,570 - steps.encdec - INFO - New best val_score=0.071467 | saved ckpt -> cvae_model_super_stable.pkl
2026-02-16 17:45:25,570 - steps.encdec - INFO - Epoch 110/500
2026-02-16 17:46:23,240 - steps.encdec - INFO - New best val_score=0.065098 | saved ckpt -> cvae_model_super_stable.pkl
2026-02-16 17:46:23,240 - steps.encdec - INFO - Epoch 111/500
2026-02-16 17:47:21,381 - steps.encdec - INFO - No improve (1/80)
2026-02-16 17:47:21,382 - steps.encdec - INFO - Epoch 112/500
2026-02-16 17:48:18,910 - steps.encdec - INFO - No improve (2/80)
2026-02-16 17:48:18,910 - steps.encdec - INFO - Epoch 113/500
2026-02-16 17:49:16,508 - steps.encdec - INFO - New best val_score=0.061024 | saved ckpt -> cvae_model_super_stable.pkl
2026-02-16 17:49:16,508 - steps.encdec - INFO - Epoch 114/500
2026-02-16 17:50:14,382 - steps.encdec - INFO - New best val_score=0.059244 | saved ckpt -> cvae_model_super_stable.pkl
2026-02-16 17:50:14,383 - steps.encdec - INFO - Epoch 115/500
2026-02-16 17:51:12,067 - steps.encdec - INFO - No improve (1/80)
2026-02-16 17:51:12,067 - steps.encdec - INFO - Epoch 116/500
2026-02-16 17:52:10,080 - steps.encdec - INFO - No improve (2/80)
2026-02-16 17:52:10,080 - steps.encdec - INFO - Epoch 117/500
2026-02-16 17:53:07,655 - steps.encdec - INFO - No improve (3/80)
2026-02-16 17:53:07,655 - steps.encdec - INFO - Epoch 118/500
2026-02-16 17:54:05,413 - steps.encdec - INFO - New best val_score=0.059078 | saved ckpt -> cvae_model_super_stable.pkl
2026-02-16 17:54:05,413 - steps.encdec - INFO - Epoch 119/500
2026-02-16 17:55:03,211 - steps.encdec - INFO - New best val_score=0.056307 | saved ckpt -> cvae_model_super_stable.pkl
2026-02-16 17:55:03,211 - steps.encdec - INFO - Epoch 120/500
2026-02-16 17:56:01,164 - steps.encdec - INFO - New best val_score=0.049340 | saved ckpt -> cvae_model_super_stable.pkl
2026-02-16 17:56:01,164 - steps.encdec - INFO - Epoch 121/500
2026-02-16 17:56:59,747 - steps.encdec - INFO - No improve (1/80)
2026-02-16 17:56:59,747 - steps.encdec - INFO - Epoch 122/500
2026-02-16 17:57:57,595 - steps.encdec - INFO - No improve (2/80)
2026-02-16 17:57:57,595 - steps.encdec - INFO - Epoch 123/500
2026-02-16 17:58:55,250 - steps.encdec - INFO - No improve (3/80)
2026-02-16 17:58:55,250 - steps.encdec - INFO - Epoch 124/500
2026-02-16 17:59:53,053 - steps.encdec - INFO - No improve (4/80)
2026-02-16 17:59:53,053 - steps.encdec - INFO - Epoch 125/500
2026-02-16 18:00:50,745 - steps.encdec - INFO - No improve (5/80)
2026-02-16 18:00:50,746 - steps.encdec - INFO - Epoch 126/500
2026-02-16 18:01:48,988 - steps.encdec - INFO - No improve (6/80)
2026-02-16 18:01:48,988 - steps.encdec - INFO - Epoch 127/500
2026-02-16 18:02:46,776 - steps.encdec - INFO - New best val_score=0.046615 | saved ckpt -> cvae_model_super_stable.pkl
2026-02-16 18:02:46,776 - steps.encdec - INFO - Epoch 128/500
2026-02-16 18:03:44,558 - steps.encdec - INFO - No improve (1/80)
2026-02-16 18:03:44,558 - steps.encdec - INFO - Epoch 129/500
2026-02-16 18:04:42,370 - steps.encdec - INFO - No improve (2/80)
2026-02-16 18:04:42,370 - steps.encdec - INFO - Epoch 130/500
2026-02-16 18:05:40,430 - steps.encdec - INFO - No improve (3/80)
2026-02-16 18:05:40,430 - steps.encdec - INFO - Epoch 131/500
2026-02-16 18:06:38,803 - steps.encdec - INFO - No improve (4/80)
2026-02-16 18:06:38,803 - steps.encdec - INFO - Epoch 132/500
2026-02-16 18:07:36,754 - steps.encdec - INFO - No improve (5/80)
2026-02-16 18:07:36,755 - steps.encdec - INFO - Epoch 133/500
2026-02-16 18:08:34,461 - steps.encdec - INFO - New best val_score=0.043472 | saved ckpt -> cvae_model_super_stable.pkl
2026-02-16 18:08:34,461 - steps.encdec - INFO - Epoch 134/500
2026-02-16 18:09:31,927 - steps.encdec - INFO - No improve (1/80)
2026-02-16 18:09:31,927 - steps.encdec - INFO - Epoch 135/500
2026-02-16 18:10:29,416 - steps.encdec - INFO - No improve (2/80)
2026-02-16 18:10:29,417 - steps.encdec - INFO - Epoch 136/500
2026-02-16 18:11:27,382 - steps.encdec - INFO - No improve (3/80)
2026-02-16 18:11:27,382 - steps.encdec - INFO - Epoch 137/500
2026-02-16 18:12:24,737 - steps.encdec - INFO - No improve (4/80)
2026-02-16 18:12:24,737 - steps.encdec - INFO - Epoch 138/500
2026-02-16 18:13:22,162 - steps.encdec - INFO - No improve (5/80)
2026-02-16 18:13:22,162 - steps.encdec - INFO - Epoch 139/500
2026-02-16 18:14:19,581 - steps.encdec - INFO - No improve (6/80)
2026-02-16 18:14:19,581 - steps.encdec - INFO - Epoch 140/500
2026-02-16 18:15:16,920 - steps.encdec - INFO - No improve (7/80)
2026-02-16 18:15:16,920 - steps.encdec - INFO - Epoch 141/500
2026-02-16 18:16:14,850 - steps.encdec - INFO - No improve (8/80)
2026-02-16 18:16:14,850 - steps.encdec - INFO - Epoch 142/500
2026-02-16 18:17:12,453 - steps.encdec - INFO - No improve (9/80)
2026-02-16 18:17:12,453 - steps.encdec - INFO - Epoch 143/500
2026-02-16 18:18:10,151 - steps.encdec - INFO - New best val_score=0.041383 | saved ckpt -> cvae_model_super_stable.pkl
2026-02-16 18:18:10,151 - steps.encdec - INFO - Epoch 144/500
2026-02-16 18:19:07,914 - steps.encdec - INFO - New best val_score=0.040725 | saved ckpt -> cvae_model_super_stable.pkl
2026-02-16 18:19:07,914 - steps.encdec - INFO - Epoch 145/500
2026-02-16 18:20:05,507 - steps.encdec - INFO - No improve (1/80)
2026-02-16 18:20:05,507 - steps.encdec - INFO - Epoch 146/500
2026-02-16 18:21:03,382 - steps.encdec - INFO - No improve (2/80)
2026-02-16 18:21:03,382 - steps.encdec - INFO - Epoch 147/500
2026-02-16 18:22:00,688 - steps.encdec - INFO - No improve (3/80)
2026-02-16 18:22:00,688 - steps.encdec - INFO - Epoch 148/500
2026-02-16 18:22:57,954 - steps.encdec - INFO - No improve (4/80)
2026-02-16 18:22:57,954 - steps.encdec - INFO - Epoch 149/500
2026-02-16 18:23:55,602 - steps.encdec - INFO - No improve (5/80)
2026-02-16 18:23:55,602 - steps.encdec - INFO - Epoch 150/500
2026-02-16 18:24:53,007 - steps.encdec - INFO - No improve (6/80)
2026-02-16 18:24:53,007 - steps.encdec - INFO - Epoch 151/500
2026-02-16 18:25:50,861 - steps.encdec - INFO - New best val_score=0.040175 | saved ckpt -> cvae_model_super_stable.pkl
2026-02-16 18:25:50,862 - steps.encdec - INFO - Epoch 152/500
2026-02-16 18:26:48,181 - steps.encdec - INFO - New best val_score=0.039660 | saved ckpt -> cvae_model_super_stable.pkl
2026-02-16 18:26:48,181 - steps.encdec - INFO - Epoch 153/500
2026-02-16 18:27:45,850 - steps.encdec - INFO - New best val_score=0.039316 | saved ckpt -> cvae_model_super_stable.pkl
2026-02-16 18:27:45,850 - steps.encdec - INFO - Epoch 154/500
2026-02-16 18:28:43,529 - steps.encdec - INFO - No improve (1/80)
2026-02-16 18:28:43,529 - steps.encdec - INFO - Epoch 155/500
2026-02-16 18:29:40,958 - steps.encdec - INFO - No improve (2/80)
2026-02-16 18:29:40,958 - steps.encdec - INFO - Epoch 156/500
2026-02-16 18:30:38,901 - steps.encdec - INFO - No improve (3/80)
2026-02-16 18:30:38,901 - steps.encdec - INFO - Epoch 157/500
2026-02-16 18:31:36,193 - steps.encdec - INFO - New best val_score=0.037737 | saved ckpt -> cvae_model_super_stable.pkl
2026-02-16 18:31:36,193 - steps.encdec - INFO - Epoch 158/500
2026-02-16 18:32:33,324 - steps.encdec - INFO - New best val_score=0.036973 | saved ckpt -> cvae_model_super_stable.pkl
2026-02-16 18:32:33,324 - steps.encdec - INFO - Epoch 159/500
2026-02-16 18:33:30,397 - steps.encdec - INFO - No improve (1/80)
2026-02-16 18:33:30,397 - steps.encdec - INFO - Epoch 160/500
2026-02-16 18:34:27,774 - steps.encdec - INFO - No improve (2/80)
2026-02-16 18:34:27,775 - steps.encdec - INFO - Epoch 161/500
2026-02-16 18:35:25,779 - steps.encdec - INFO - No improve (3/80)
2026-02-16 18:35:25,779 - steps.encdec - INFO - Epoch 162/500
2026-02-16 18:36:23,121 - steps.encdec - INFO - No improve (4/80)
2026-02-16 18:36:23,121 - steps.encdec - INFO - Epoch 163/500
2026-02-16 18:37:20,253 - steps.encdec - INFO - No improve (5/80)
2026-02-16 18:37:20,253 - steps.encdec - INFO - Epoch 164/500
2026-02-16 18:38:17,333 - steps.encdec - INFO - New best val_score=0.036128 | saved ckpt -> cvae_model_super_stable.pkl
2026-02-16 18:38:17,334 - steps.encdec - INFO - Epoch 165/500
2026-02-16 18:39:14,852 - steps.encdec - INFO - No improve (1/80)
2026-02-16 18:39:14,852 - steps.encdec - INFO - Epoch 166/500
2026-02-16 18:40:13,093 - steps.encdec - INFO - No improve (2/80)
2026-02-16 18:40:13,094 - steps.encdec - INFO - Epoch 167/500
2026-02-16 18:41:10,369 - steps.encdec - INFO - New best val_score=0.034864 | saved ckpt -> cvae_model_super_stable.pkl
2026-02-16 18:41:10,370 - steps.encdec - INFO - Epoch 168/500
2026-02-16 18:42:07,711 - steps.encdec - INFO - No improve (1/80)
2026-02-16 18:42:07,711 - steps.encdec - INFO - Epoch 169/500
2026-02-16 18:43:04,861 - steps.encdec - INFO - No improve (2/80)
2026-02-16 18:43:04,861 - steps.encdec - INFO - Epoch 170/500
2026-02-16 18:44:02,011 - steps.encdec - INFO - New best val_score=0.034694 | saved ckpt -> cvae_model_super_stable.pkl
2026-02-16 18:44:02,011 - steps.encdec - INFO - Epoch 171/500
2026-02-16 18:44:59,730 - steps.encdec - INFO - No improve (1/80)
2026-02-16 18:44:59,730 - steps.encdec - INFO - Epoch 172/500
2026-02-16 18:45:57,217 - steps.encdec - INFO - No improve (2/80)
2026-02-16 18:45:57,217 - steps.encdec - INFO - Epoch 173/500
2026-02-16 18:46:54,627 - steps.encdec - INFO - No improve (3/80)
2026-02-16 18:46:54,627 - steps.encdec - INFO - Epoch 174/500
2026-02-16 18:47:52,067 - steps.encdec - INFO - No improve (4/80)
2026-02-16 18:47:52,067 - steps.encdec - INFO - Epoch 175/500
2026-02-16 18:48:49,644 - steps.encdec - INFO - No improve (5/80)
2026-02-16 18:48:49,644 - steps.encdec - INFO - Epoch 176/500
2026-02-16 18:49:47,556 - steps.encdec - INFO - No improve (6/80)
2026-02-16 18:49:47,556 - steps.encdec - INFO - Epoch 177/500
2026-02-16 18:50:45,005 - steps.encdec - INFO - No improve (7/80)
2026-02-16 18:50:45,005 - steps.encdec - INFO - Epoch 178/500
2026-02-16 18:51:42,478 - steps.encdec - INFO - No improve (8/80)
2026-02-16 18:51:42,478 - steps.encdec - INFO - Epoch 179/500
2026-02-16 18:52:39,825 - steps.encdec - INFO - No improve (9/80)
2026-02-16 18:52:39,825 - steps.encdec - INFO - Epoch 180/500
2026-02-16 18:53:37,090 - steps.encdec - INFO - New best val_score=0.033883 | saved ckpt -> cvae_model_super_stable.pkl
2026-02-16 18:53:37,091 - steps.encdec - INFO - Epoch 181/500
2026-02-16 18:54:34,749 - steps.encdec - INFO - No improve (1/80)
2026-02-16 18:54:34,749 - steps.encdec - INFO - Epoch 182/500
2026-02-16 18:55:32,176 - steps.encdec - INFO - New best val_score=0.032466 | saved ckpt -> cvae_model_super_stable.pkl
2026-02-16 18:55:32,176 - steps.encdec - INFO - Epoch 183/500
2026-02-16 18:56:29,824 - steps.encdec - INFO - No improve (1/80)
2026-02-16 18:56:29,824 - steps.encdec - INFO - Epoch 184/500
2026-02-16 18:57:27,462 - steps.encdec - INFO - No improve (2/80)
2026-02-16 18:57:27,462 - steps.encdec - INFO - Epoch 185/500
2026-02-16 18:58:25,110 - steps.encdec - INFO - No improve (3/80)
2026-02-16 18:58:25,110 - steps.encdec - INFO - Epoch 186/500
2026-02-16 18:59:23,098 - steps.encdec - INFO - No improve (4/80)
2026-02-16 18:59:23,098 - steps.encdec - INFO - Epoch 187/500
2026-02-16 19:00:20,614 - steps.encdec - INFO - No improve (5/80)
2026-02-16 19:00:20,614 - steps.encdec - INFO - Epoch 188/500
2026-02-16 19:01:17,882 - steps.encdec - INFO - New best val_score=0.032317 | saved ckpt -> cvae_model_super_stable.pkl
2026-02-16 19:01:17,882 - steps.encdec - INFO - Epoch 189/500
2026-02-16 19:02:15,355 - steps.encdec - INFO - No improve (1/80)
2026-02-16 19:02:15,355 - steps.encdec - INFO - Epoch 190/500
2026-02-16 19:03:12,807 - steps.encdec - INFO - No improve (2/80)
2026-02-16 19:03:12,807 - steps.encdec - INFO - Epoch 191/500
2026-02-16 19:04:10,792 - steps.encdec - INFO - No improve (3/80)
2026-02-16 19:04:10,792 - steps.encdec - INFO - Epoch 192/500
2026-02-16 19:05:08,018 - steps.encdec - INFO - No improve (4/80)
2026-02-16 19:05:08,018 - steps.encdec - INFO - Epoch 193/500
2026-02-16 19:06:05,305 - steps.encdec - INFO - No improve (5/80)
2026-02-16 19:06:05,305 - steps.encdec - INFO - Epoch 194/500
2026-02-16 19:07:02,819 - steps.encdec - INFO - No improve (6/80)
2026-02-16 19:07:02,820 - steps.encdec - INFO - Epoch 195/500
2026-02-16 19:08:00,226 - steps.encdec - INFO - No improve (7/80)
2026-02-16 19:08:00,226 - steps.encdec - INFO - Epoch 196/500
2026-02-16 19:08:58,132 - steps.encdec - INFO - No improve (8/80)
2026-02-16 19:08:58,132 - steps.encdec - INFO - Epoch 197/500
2026-02-16 19:09:55,399 - steps.encdec - INFO - New best val_score=0.031564 | saved ckpt -> cvae_model_super_stable.pkl
2026-02-16 19:09:55,399 - steps.encdec - INFO - Epoch 198/500
2026-02-16 19:10:53,030 - steps.encdec - INFO - No improve (1/80)
2026-02-16 19:10:53,030 - steps.encdec - INFO - Epoch 199/500
2026-02-16 19:11:50,727 - steps.encdec - INFO - No improve (2/80)
2026-02-16 19:11:50,727 - steps.encdec - INFO - Epoch 200/500
2026-02-16 19:12:48,430 - steps.encdec - INFO - No improve (3/80)
2026-02-16 19:12:48,430 - steps.encdec - INFO - Epoch 201/500
2026-02-16 19:13:46,709 - steps.encdec - INFO - No improve (4/80)
2026-02-16 19:13:46,709 - steps.encdec - INFO - Epoch 202/500
2026-02-16 19:14:44,098 - steps.encdec - INFO - New best val_score=0.031074 | saved ckpt -> cvae_model_super_stable.pkl
2026-02-16 19:14:44,098 - steps.encdec - INFO - Epoch 203/500
2026-02-16 19:15:41,296 - steps.encdec - INFO - No improve (1/80)
2026-02-16 19:15:41,296 - steps.encdec - INFO - Epoch 204/500
2026-02-16 19:16:38,862 - steps.encdec - INFO - No improve (2/80)
2026-02-16 19:16:38,862 - steps.encdec - INFO - Epoch 205/500
2026-02-16 19:17:36,519 - steps.encdec - INFO - New best val_score=0.030371 | saved ckpt -> cvae_model_super_stable.pkl
2026-02-16 19:17:36,520 - steps.encdec - INFO - Epoch 206/500
2026-02-16 19:18:34,378 - steps.encdec - INFO - No improve (1/80)
2026-02-16 19:18:34,378 - steps.encdec - INFO - Epoch 207/500
2026-02-16 19:19:31,694 - steps.encdec - INFO - No improve (2/80)
2026-02-16 19:19:31,694 - steps.encdec - INFO - Epoch 208/500
2026-02-16 19:20:28,979 - steps.encdec - INFO - No improve (3/80)
2026-02-16 19:20:28,979 - steps.encdec - INFO - Epoch 209/500
2026-02-16 19:21:26,213 - steps.encdec - INFO - No improve (4/80)
2026-02-16 19:21:26,213 - steps.encdec - INFO - Epoch 210/500
2026-02-16 19:22:23,338 - steps.encdec - INFO - No improve (5/80)
2026-02-16 19:22:23,338 - steps.encdec - INFO - Epoch 211/500
2026-02-16 19:23:21,034 - steps.encdec - INFO - No improve (6/80)
2026-02-16 19:23:21,034 - steps.encdec - INFO - Epoch 212/500
2026-02-16 19:24:18,276 - steps.encdec - INFO - No improve (7/80)
2026-02-16 19:24:18,276 - steps.encdec - INFO - Epoch 213/500
2026-02-16 19:25:15,800 - steps.encdec - INFO - No improve (8/80)
2026-02-16 19:25:15,800 - steps.encdec - INFO - Epoch 214/500
2026-02-16 19:26:13,305 - steps.encdec - INFO - No improve (9/80)
2026-02-16 19:26:13,305 - steps.encdec - INFO - Epoch 215/500
2026-02-16 19:27:10,745 - steps.encdec - INFO - No improve (10/80)
2026-02-16 19:27:10,745 - steps.encdec - INFO - Epoch 216/500
2026-02-16 19:28:08,657 - steps.encdec - INFO - No improve (11/80)
2026-02-16 19:28:08,658 - steps.encdec - INFO - Epoch 217/500
2026-02-16 19:29:05,770 - steps.encdec - INFO - No improve (12/80)
2026-02-16 19:29:05,770 - steps.encdec - INFO - Epoch 218/500
2026-02-16 19:30:02,850 - steps.encdec - INFO - No improve (13/80)
2026-02-16 19:30:02,850 - steps.encdec - INFO - Epoch 219/500
2026-02-16 19:31:00,019 - steps.encdec - INFO - No improve (14/80)
2026-02-16 19:31:00,019 - steps.encdec - INFO - Epoch 220/500
2026-02-16 19:31:57,344 - steps.encdec - INFO - No improve (15/80)
2026-02-16 19:31:57,344 - steps.encdec - INFO - Epoch 221/500
2026-02-16 19:32:55,224 - steps.encdec - INFO - No improve (16/80)
2026-02-16 19:32:55,224 - steps.encdec - INFO - Epoch 222/500
2026-02-16 19:33:52,706 - steps.encdec - INFO - No improve (17/80)
2026-02-16 19:33:52,707 - steps.encdec - INFO - Epoch 223/500
2026-02-16 19:34:50,137 - steps.encdec - INFO - New best val_score=0.030343 | saved ckpt -> cvae_model_super_stable.pkl
2026-02-16 19:34:50,137 - steps.encdec - INFO - Epoch 224/500
2026-02-16 19:35:47,614 - steps.encdec - INFO - New best val_score=0.030228 | saved ckpt -> cvae_model_super_stable.pkl
2026-02-16 19:35:47,614 - steps.encdec - INFO - Epoch 225/500
2026-02-16 19:36:44,870 - steps.encdec - INFO - No improve (1/80)
2026-02-16 19:36:44,870 - steps.encdec - INFO - Epoch 226/500
2026-02-16 19:37:42,809 - steps.encdec - INFO - New best val_score=0.029991 | saved ckpt -> cvae_model_super_stable.pkl
2026-02-16 19:37:42,810 - steps.encdec - INFO - Epoch 227/500
2026-02-16 19:38:40,398 - steps.encdec - INFO - No improve (1/80)
2026-02-16 19:38:40,398 - steps.encdec - INFO - Epoch 228/500
2026-02-16 19:39:37,947 - steps.encdec - INFO - No improve (2/80)
2026-02-16 19:39:37,947 - steps.encdec - INFO - Epoch 229/500
2026-02-16 19:40:35,129 - steps.encdec - INFO - New best val_score=0.029339 | saved ckpt -> cvae_model_super_stable.pkl
2026-02-16 19:40:35,129 - steps.encdec - INFO - Epoch 230/500
2026-02-16 19:41:32,338 - steps.encdec - INFO - New best val_score=0.028782 | saved ckpt -> cvae_model_super_stable.pkl
2026-02-16 19:41:32,338 - steps.encdec - INFO - Epoch 231/500
2026-02-16 19:42:30,161 - steps.encdec - INFO - New best val_score=0.028489 | saved ckpt -> cvae_model_super_stable.pkl
2026-02-16 19:42:30,162 - steps.encdec - INFO - Epoch 232/500
2026-02-16 19:43:27,816 - steps.encdec - INFO - No improve (1/80)
2026-02-16 19:43:27,816 - steps.encdec - INFO - Epoch 233/500
2026-02-16 19:44:25,300 - steps.encdec - INFO - No improve (2/80)
2026-02-16 19:44:25,300 - steps.encdec - INFO - Epoch 234/500
2026-02-16 19:45:22,857 - steps.encdec - INFO - No improve (3/80)
2026-02-16 19:45:22,857 - steps.encdec - INFO - Epoch 235/500
2026-02-16 19:46:20,464 - steps.encdec - INFO - No improve (4/80)
2026-02-16 19:46:20,464 - steps.encdec - INFO - Epoch 236/500
2026-02-16 19:47:18,396 - steps.encdec - INFO - No improve (5/80)
2026-02-16 19:47:18,396 - steps.encdec - INFO - Epoch 237/500
2026-02-16 19:48:15,813 - steps.encdec - INFO - No improve (6/80)
2026-02-16 19:48:15,813 - steps.encdec - INFO - Epoch 238/500
2026-02-16 19:49:13,315 - steps.encdec - INFO - New best val_score=0.028415 | saved ckpt -> cvae_model_super_stable.pkl
2026-02-16 19:49:13,315 - steps.encdec - INFO - Epoch 239/500
2026-02-16 19:50:10,510 - steps.encdec - INFO - No improve (1/80)
2026-02-16 19:50:10,510 - steps.encdec - INFO - Epoch 240/500
2026-02-16 19:51:08,077 - steps.encdec - INFO - No improve (2/80)
2026-02-16 19:51:08,077 - steps.encdec - INFO - Epoch 241/500
2026-02-16 19:52:06,171 - steps.encdec - INFO - New best val_score=0.027125 | saved ckpt -> cvae_model_super_stable.pkl
2026-02-16 19:52:06,171 - steps.encdec - INFO - Epoch 242/500
2026-02-16 19:53:03,632 - steps.encdec - INFO - No improve (1/80)
2026-02-16 19:53:03,632 - steps.encdec - INFO - Epoch 243/500
2026-02-16 19:54:01,029 - steps.encdec - INFO - New best val_score=0.027115 | saved ckpt -> cvae_model_super_stable.pkl
2026-02-16 19:54:01,029 - steps.encdec - INFO - Epoch 244/500
2026-02-16 19:54:58,603 - steps.encdec - INFO - No improve (1/80)
2026-02-16 19:54:58,603 - steps.encdec - INFO - Epoch 245/500
2026-02-16 19:55:56,315 - steps.encdec - INFO - No improve (2/80)
2026-02-16 19:55:56,315 - steps.encdec - INFO - Epoch 246/500
2026-02-16 19:56:54,476 - steps.encdec - INFO - No improve (3/80)
2026-02-16 19:56:54,476 - steps.encdec - INFO - Epoch 247/500
2026-02-16 19:57:52,055 - steps.encdec - INFO - No improve (4/80)
2026-02-16 19:57:52,055 - steps.encdec - INFO - Epoch 248/500
2026-02-16 19:58:49,487 - steps.encdec - INFO - No improve (5/80)
2026-02-16 19:58:49,488 - steps.encdec - INFO - Epoch 249/500
2026-02-16 19:59:46,994 - steps.encdec - INFO - New best val_score=0.026920 | saved ckpt -> cvae_model_super_stable.pkl
2026-02-16 19:59:46,994 - steps.encdec - INFO - Epoch 250/500
2026-02-16 20:00:44,307 - steps.encdec - INFO - New best val_score=0.026629 | saved ckpt -> cvae_model_super_stable.pkl
2026-02-16 20:00:44,307 - steps.encdec - INFO - Epoch 251/500
2026-02-16 20:01:42,366 - steps.encdec - INFO - No improve (1/80)
2026-02-16 20:01:42,367 - steps.encdec - INFO - Epoch 252/500
2026-02-16 20:02:39,806 - steps.encdec - INFO - No improve (2/80)
2026-02-16 20:02:39,806 - steps.encdec - INFO - Epoch 253/500
2026-02-16 20:03:37,345 - steps.encdec - INFO - No improve (3/80)
2026-02-16 20:03:37,345 - steps.encdec - INFO - Epoch 254/500
2026-02-16 20:04:34,774 - steps.encdec - INFO - No improve (4/80)
2026-02-16 20:04:34,774 - steps.encdec - INFO - Epoch 255/500
2026-02-16 20:05:32,262 - steps.encdec - INFO - New best val_score=0.026216 | saved ckpt -> cvae_model_super_stable.pkl
2026-02-16 20:05:32,262 - steps.encdec - INFO - Epoch 256/500
2026-02-16 20:06:30,298 - steps.encdec - INFO - New best val_score=0.025423 | saved ckpt -> cvae_model_super_stable.pkl
2026-02-16 20:06:30,298 - steps.encdec - INFO - Epoch 257/500
2026-02-16 20:07:27,841 - steps.encdec - INFO - No improve (1/80)
2026-02-16 20:07:27,841 - steps.encdec - INFO - Epoch 258/500
2026-02-16 20:08:25,407 - steps.encdec - INFO - No improve (2/80)
2026-02-16 20:08:25,407 - steps.encdec - INFO - Epoch 259/500
2026-02-16 20:09:22,684 - steps.encdec - INFO - No improve (3/80)
2026-02-16 20:09:22,685 - steps.encdec - INFO - Epoch 260/500
2026-02-16 20:10:20,366 - steps.encdec - INFO - No improve (4/80)
2026-02-16 20:10:20,366 - steps.encdec - INFO - Epoch 261/500
2026-02-16 20:11:18,601 - steps.encdec - INFO - No improve (5/80)
2026-02-16 20:11:18,601 - steps.encdec - INFO - Epoch 262/500
2026-02-16 20:12:16,144 - steps.encdec - INFO - No improve (6/80)
2026-02-16 20:12:16,145 - steps.encdec - INFO - Epoch 263/500
2026-02-16 20:13:13,462 - steps.encdec - INFO - No improve (7/80)
2026-02-16 20:13:13,462 - steps.encdec - INFO - Epoch 264/500
2026-02-16 20:14:10,744 - steps.encdec - INFO - No improve (8/80)
2026-02-16 20:14:10,744 - steps.encdec - INFO - Epoch 265/500
2026-02-16 20:15:07,999 - steps.encdec - INFO - No improve (9/80)
2026-02-16 20:15:07,999 - steps.encdec - INFO - Epoch 266/500
2026-02-16 20:16:05,893 - steps.encdec - INFO - No improve (10/80)
2026-02-16 20:16:05,893 - steps.encdec - INFO - Epoch 267/500
2026-02-16 20:17:03,243 - steps.encdec - INFO - No improve (11/80)
2026-02-16 20:17:03,243 - steps.encdec - INFO - Epoch 268/500
2026-02-16 20:18:00,845 - steps.encdec - INFO - New best val_score=0.025162 | saved ckpt -> cvae_model_super_stable.pkl
2026-02-16 20:18:00,845 - steps.encdec - INFO - Epoch 269/500
2026-02-16 20:18:58,264 - steps.encdec - INFO - No improve (1/80)
2026-02-16 20:18:58,264 - steps.encdec - INFO - Epoch 270/500
2026-02-16 20:19:55,644 - steps.encdec - INFO - No improve (2/80)
2026-02-16 20:19:55,644 - steps.encdec - INFO - Epoch 271/500
2026-02-16 20:20:53,731 - steps.encdec - INFO - No improve (3/80)
2026-02-16 20:20:53,731 - steps.encdec - INFO - Epoch 272/500
2026-02-16 20:21:51,170 - steps.encdec - INFO - New best val_score=0.025052 | saved ckpt -> cvae_model_super_stable.pkl
2026-02-16 20:21:51,170 - steps.encdec - INFO - Epoch 273/500
2026-02-16 20:22:48,509 - steps.encdec - INFO - No improve (1/80)
2026-02-16 20:22:48,509 - steps.encdec - INFO - Epoch 274/500
2026-02-16 20:23:45,988 - steps.encdec - INFO - No improve (2/80)
2026-02-16 20:23:45,989 - steps.encdec - INFO - Epoch 275/500
2026-02-16 20:24:43,492 - steps.encdec - INFO - No improve (3/80)
2026-02-16 20:24:43,492 - steps.encdec - INFO - Epoch 276/500
2026-02-16 20:25:41,715 - steps.encdec - INFO - No improve (4/80)
2026-02-16 20:25:41,715 - steps.encdec - INFO - Epoch 277/500
2026-02-16 20:26:39,145 - steps.encdec - INFO - No improve (5/80)
2026-02-16 20:26:39,146 - steps.encdec - INFO - Epoch 278/500
2026-02-16 20:27:36,462 - steps.encdec - INFO - New best val_score=0.024696 | saved ckpt -> cvae_model_super_stable.pkl
2026-02-16 20:27:36,463 - steps.encdec - INFO - Epoch 279/500
2026-02-16 20:28:33,620 - steps.encdec - INFO - No improve (1/80)
2026-02-16 20:28:33,620 - steps.encdec - INFO - Epoch 280/500
2026-02-16 20:29:30,803 - steps.encdec - INFO - New best val_score=0.024591 | saved ckpt -> cvae_model_super_stable.pkl
2026-02-16 20:29:30,803 - steps.encdec - INFO - Epoch 281/500
2026-02-16 20:30:28,518 - steps.encdec - INFO - No improve (1/80)
2026-02-16 20:30:28,518 - steps.encdec - INFO - Epoch 282/500
2026-02-16 20:31:26,033 - steps.encdec - INFO - No improve (2/80)
2026-02-16 20:31:26,033 - steps.encdec - INFO - Epoch 283/500
2026-02-16 20:32:23,585 - steps.encdec - INFO - No improve (3/80)
2026-02-16 20:32:23,585 - steps.encdec - INFO - Epoch 284/500
2026-02-16 20:33:21,060 - steps.encdec - INFO - No improve (4/80)
2026-02-16 20:33:21,060 - steps.encdec - INFO - Epoch 285/500
2026-02-16 20:34:18,522 - steps.encdec - INFO - No improve (5/80)
2026-02-16 20:34:18,522 - steps.encdec - INFO - Epoch 286/500
2026-02-16 20:35:16,269 - steps.encdec - INFO - No improve (6/80)
2026-02-16 20:35:16,269 - steps.encdec - INFO - Epoch 287/500
2026-02-16 20:36:13,463 - steps.encdec - INFO - New best val_score=0.024402 | saved ckpt -> cvae_model_super_stable.pkl
2026-02-16 20:36:13,463 - steps.encdec - INFO - Epoch 288/500
2026-02-16 20:37:10,624 - steps.encdec - INFO - New best val_score=0.024129 | saved ckpt -> cvae_model_super_stable.pkl
2026-02-16 20:37:10,624 - steps.encdec - INFO - Epoch 289/500
2026-02-16 20:38:07,741 - steps.encdec - INFO - New best val_score=0.024091 | saved ckpt -> cvae_model_super_stable.pkl
2026-02-16 20:38:07,742 - steps.encdec - INFO - Epoch 290/500
2026-02-16 20:39:05,023 - steps.encdec - INFO - No improve (1/80)
2026-02-16 20:39:05,023 - steps.encdec - INFO - Epoch 291/500
2026-02-16 20:40:02,967 - steps.encdec - INFO - No improve (2/80)
2026-02-16 20:40:02,967 - steps.encdec - INFO - Epoch 292/500
2026-02-16 20:41:00,379 - steps.encdec - INFO - No improve (3/80)
2026-02-16 20:41:00,379 - steps.encdec - INFO - Epoch 293/500
2026-02-16 20:41:57,776 - steps.encdec - INFO - No improve (4/80)
2026-02-16 20:41:57,776 - steps.encdec - INFO - Epoch 294/500
2026-02-16 20:42:55,198 - steps.encdec - INFO - No improve (5/80)
2026-02-16 20:42:55,199 - steps.encdec - INFO - Epoch 295/500
2026-02-16 20:43:52,740 - steps.encdec - INFO - No improve (6/80)
2026-02-16 20:43:52,741 - steps.encdec - INFO - Epoch 296/500
2026-02-16 20:44:50,688 - steps.encdec - INFO - No improve (7/80)
2026-02-16 20:44:50,688 - steps.encdec - INFO - Epoch 297/500
2026-02-16 20:45:48,095 - steps.encdec - INFO - No improve (8/80)
2026-02-16 20:45:48,095 - steps.encdec - INFO - Epoch 298/500
2026-02-16 20:46:45,441 - steps.encdec - INFO - No improve (9/80)
2026-02-16 20:46:45,441 - steps.encdec - INFO - Epoch 299/500
2026-02-16 20:47:42,842 - steps.encdec - INFO - No improve (10/80)
2026-02-16 20:47:42,842 - steps.encdec - INFO - Epoch 300/500
2026-02-16 20:48:40,404 - steps.encdec - INFO - New best val_score=0.024071 | saved ckpt -> cvae_model_super_stable.pkl
2026-02-16 20:48:40,404 - steps.encdec - INFO - Epoch 301/500
2026-02-16 20:49:38,370 - steps.encdec - INFO - No improve (1/80)
2026-02-16 20:49:38,371 - steps.encdec - INFO - Epoch 302/500
2026-02-16 20:50:35,726 - steps.encdec - INFO - New best val_score=0.023961 | saved ckpt -> cvae_model_super_stable.pkl
2026-02-16 20:50:35,727 - steps.encdec - INFO - Epoch 303/500
2026-02-16 20:51:33,123 - steps.encdec - INFO - No improve (1/80)
2026-02-16 20:51:33,123 - steps.encdec - INFO - Epoch 304/500
2026-02-16 20:52:30,669 - steps.encdec - INFO - No improve (2/80)
2026-02-16 20:52:30,669 - steps.encdec - INFO - Epoch 305/500
2026-02-16 20:53:28,274 - steps.encdec - INFO - New best val_score=0.023958 | saved ckpt -> cvae_model_super_stable.pkl
2026-02-16 20:53:28,274 - steps.encdec - INFO - Epoch 306/500
2026-02-16 20:54:26,086 - steps.encdec - INFO - No improve (1/80)
2026-02-16 20:54:26,087 - steps.encdec - INFO - Epoch 307/500
2026-02-16 20:55:23,418 - steps.encdec - INFO - New best val_score=0.023683 | saved ckpt -> cvae_model_super_stable.pkl
2026-02-16 20:55:23,419 - steps.encdec - INFO - Epoch 308/500
2026-02-16 20:56:20,899 - steps.encdec - INFO - New best val_score=0.023523 | saved ckpt -> cvae_model_super_stable.pkl
2026-02-16 20:56:20,900 - steps.encdec - INFO - Epoch 309/500
2026-02-16 20:57:18,385 - steps.encdec - INFO - New best val_score=0.023301 | saved ckpt -> cvae_model_super_stable.pkl
2026-02-16 20:57:18,385 - steps.encdec - INFO - Epoch 310/500
2026-02-16 20:58:15,580 - steps.encdec - INFO - No improve (1/80)
2026-02-16 20:58:15,581 - steps.encdec - INFO - Epoch 311/500
2026-02-16 20:59:13,449 - steps.encdec - INFO - No improve (2/80)
2026-02-16 20:59:13,449 - steps.encdec - INFO - Epoch 312/500
2026-02-16 21:00:10,925 - steps.encdec - INFO - New best val_score=0.022897 | saved ckpt -> cvae_model_super_stable.pkl
2026-02-16 21:00:10,925 - steps.encdec - INFO - Epoch 313/500
2026-02-16 21:01:08,305 - steps.encdec - INFO - No improve (1/80)
2026-02-16 21:01:08,305 - steps.encdec - INFO - Epoch 314/500
2026-02-16 21:02:05,721 - steps.encdec - INFO - No improve (2/80)
2026-02-16 21:02:05,721 - steps.encdec - INFO - Epoch 315/500
2026-02-16 21:03:03,352 - steps.encdec - INFO - No improve (3/80)
2026-02-16 21:03:03,352 - steps.encdec - INFO - Epoch 316/500
2026-02-16 21:04:01,609 - steps.encdec - INFO - No improve (4/80)
2026-02-16 21:04:01,609 - steps.encdec - INFO - Epoch 317/500
2026-02-16 21:04:59,093 - steps.encdec - INFO - No improve (5/80)
2026-02-16 21:04:59,093 - steps.encdec - INFO - Epoch 318/500
2026-02-16 21:05:56,559 - steps.encdec - INFO - New best val_score=0.022440 | saved ckpt -> cvae_model_super_stable.pkl
2026-02-16 21:05:56,560 - steps.encdec - INFO - Epoch 319/500
2026-02-16 21:06:54,011 - steps.encdec - INFO - No improve (1/80)
2026-02-16 21:06:54,011 - steps.encdec - INFO - Epoch 320/500
2026-02-16 21:07:51,360 - steps.encdec - INFO - No improve (2/80)
2026-02-16 21:07:51,360 - steps.encdec - INFO - Epoch 321/500
2026-02-16 21:08:49,187 - steps.encdec - INFO - No improve (3/80)
2026-02-16 21:08:49,188 - steps.encdec - INFO - Epoch 322/500
2026-02-16 21:09:46,416 - steps.encdec - INFO - No improve (4/80)
2026-02-16 21:09:46,416 - steps.encdec - INFO - Epoch 323/500
2026-02-16 21:10:43,961 - steps.encdec - INFO - No improve (5/80)
2026-02-16 21:10:43,961 - steps.encdec - INFO - Epoch 324/500
2026-02-16 21:11:41,416 - steps.encdec - INFO - New best val_score=0.022260 | saved ckpt -> cvae_model_super_stable.pkl
2026-02-16 21:11:41,416 - steps.encdec - INFO - Epoch 325/500
2026-02-16 21:12:38,888 - steps.encdec - INFO - No improve (1/80)
2026-02-16 21:12:38,888 - steps.encdec - INFO - Epoch 326/500
2026-02-16 21:13:36,965 - steps.encdec - INFO - No improve (2/80)
2026-02-16 21:13:36,965 - steps.encdec - INFO - Epoch 327/500
2026-02-16 21:14:34,604 - steps.encdec - INFO - New best val_score=0.022244 | saved ckpt -> cvae_model_super_stable.pkl
2026-02-16 21:14:34,604 - steps.encdec - INFO - Epoch 328/500
2026-02-16 21:15:32,203 - steps.encdec - INFO - No improve (1/80)
2026-02-16 21:15:32,203 - steps.encdec - INFO - Epoch 329/500
2026-02-16 21:16:29,682 - steps.encdec - INFO - No improve (2/80)
2026-02-16 21:16:29,682 - steps.encdec - INFO - Epoch 330/500
2026-02-16 21:17:27,171 - steps.encdec - INFO - No improve (3/80)
2026-02-16 21:17:27,171 - steps.encdec - INFO - Epoch 331/500
2026-02-16 21:18:25,177 - steps.encdec - INFO - No improve (4/80)
2026-02-16 21:18:25,177 - steps.encdec - INFO - Epoch 332/500
2026-02-16 21:19:22,858 - steps.encdec - INFO - No improve (5/80)
2026-02-16 21:19:22,859 - steps.encdec - INFO - Epoch 333/500
2026-02-16 21:20:20,491 - steps.encdec - INFO - No improve (6/80)
2026-02-16 21:20:20,491 - steps.encdec - INFO - Epoch 334/500
2026-02-16 21:21:17,827 - steps.encdec - INFO - New best val_score=0.022161 | saved ckpt -> cvae_model_super_stable.pkl
2026-02-16 21:21:17,827 - steps.encdec - INFO - Epoch 335/500
2026-02-16 21:22:15,437 - steps.encdec - INFO - No improve (1/80)
2026-02-16 21:22:15,437 - steps.encdec - INFO - Epoch 336/500
2026-02-16 21:23:13,326 - steps.encdec - INFO - No improve (2/80)
2026-02-16 21:23:13,326 - steps.encdec - INFO - Epoch 337/500
2026-02-16 21:24:10,703 - steps.encdec - INFO - New best val_score=0.022010 | saved ckpt -> cvae_model_super_stable.pkl
2026-02-16 21:24:10,703 - steps.encdec - INFO - Epoch 338/500
2026-02-16 21:25:08,136 - steps.encdec - INFO - New best val_score=0.021862 | saved ckpt -> cvae_model_super_stable.pkl
2026-02-16 21:25:08,136 - steps.encdec - INFO - Epoch 339/500
2026-02-16 21:26:05,475 - steps.encdec - INFO - No improve (1/80)
2026-02-16 21:26:05,476 - steps.encdec - INFO - Epoch 340/500
2026-02-16 21:27:02,775 - steps.encdec - INFO - No improve (2/80)
2026-02-16 21:27:02,775 - steps.encdec - INFO - Epoch 341/500
2026-02-16 21:28:00,593 - steps.encdec - INFO - No improve (3/80)
2026-02-16 21:28:00,593 - steps.encdec - INFO - Epoch 342/500
2026-02-16 21:28:57,855 - steps.encdec - INFO - No improve (4/80)
2026-02-16 21:28:57,855 - steps.encdec - INFO - Epoch 343/500
2026-02-16 21:29:55,436 - steps.encdec - INFO - No improve (5/80)
2026-02-16 21:29:55,436 - steps.encdec - INFO - Epoch 344/500
2026-02-16 21:30:53,114 - steps.encdec - INFO - No improve (6/80)
2026-02-16 21:30:53,114 - steps.encdec - INFO - Epoch 345/500
2026-02-16 21:31:50,884 - steps.encdec - INFO - No improve (7/80)
2026-02-16 21:31:50,884 - steps.encdec - INFO - Epoch 346/500
2026-02-16 21:32:49,182 - steps.encdec - INFO - No improve (8/80)
2026-02-16 21:32:49,182 - steps.encdec - INFO - Epoch 347/500
2026-02-16 21:33:46,724 - steps.encdec - INFO - New best val_score=0.021678 | saved ckpt -> cvae_model_super_stable.pkl
2026-02-16 21:33:46,724 - steps.encdec - INFO - Epoch 348/500
2026-02-16 21:34:44,325 - steps.encdec - INFO - No improve (1/80)
2026-02-16 21:34:44,325 - steps.encdec - INFO - Epoch 349/500
2026-02-16 21:35:41,936 - steps.encdec - INFO - No improve (2/80)
2026-02-16 21:35:41,937 - steps.encdec - INFO - Epoch 350/500
2026-02-16 21:36:39,559 - steps.encdec - INFO - No improve (3/80)
2026-02-16 21:36:39,559 - steps.encdec - INFO - Epoch 351/500
2026-02-16 21:37:37,405 - steps.encdec - INFO - No improve (4/80)
2026-02-16 21:37:37,405 - steps.encdec - INFO - Epoch 352/500
2026-02-16 21:38:34,751 - steps.encdec - INFO - No improve (5/80)
2026-02-16 21:38:34,751 - steps.encdec - INFO - Epoch 353/500
2026-02-16 21:39:32,092 - steps.encdec - INFO - No improve (6/80)
2026-02-16 21:39:32,092 - steps.encdec - INFO - Epoch 354/500
2026-02-16 21:40:29,453 - steps.encdec - INFO - No improve (7/80)
2026-02-16 21:40:29,453 - steps.encdec - INFO - Epoch 355/500
2026-02-16 21:41:26,795 - steps.encdec - INFO - No improve (8/80)
2026-02-16 21:41:26,795 - steps.encdec - INFO - Epoch 356/500
2026-02-16 21:42:24,772 - steps.encdec - INFO - No improve (9/80)
2026-02-16 21:42:24,772 - steps.encdec - INFO - Epoch 357/500
2026-02-16 21:43:22,092 - steps.encdec - INFO - No improve (10/80)
2026-02-16 21:43:22,092 - steps.encdec - INFO - Epoch 358/500
2026-02-16 21:44:19,658 - steps.encdec - INFO - No improve (11/80)
2026-02-16 21:44:19,658 - steps.encdec - INFO - Epoch 359/500
2026-02-16 21:45:17,233 - steps.encdec - INFO - No improve (12/80)
2026-02-16 21:45:17,233 - steps.encdec - INFO - Epoch 360/500
2026-02-16 21:46:14,772 - steps.encdec - INFO - No improve (13/80)
2026-02-16 21:46:14,772 - steps.encdec - INFO - Epoch 361/500
2026-02-16 21:47:12,827 - steps.encdec - INFO - No improve (14/80)
2026-02-16 21:47:12,827 - steps.encdec - INFO - Epoch 362/500
2026-02-16 21:48:10,067 - steps.encdec - INFO - No improve (15/80)
2026-02-16 21:48:10,067 - steps.encdec - INFO - Epoch 363/500
2026-02-16 21:49:07,414 - steps.encdec - INFO - New best val_score=0.021430 | saved ckpt -> cvae_model_super_stable.pkl
2026-02-16 21:49:07,414 - steps.encdec - INFO - Epoch 364/500
2026-02-16 21:50:04,621 - steps.encdec - INFO - No improve (1/80)
2026-02-16 21:50:04,622 - steps.encdec - INFO - Epoch 365/500
2026-02-16 21:51:01,856 - steps.encdec - INFO - No improve (2/80)
2026-02-16 21:51:01,856 - steps.encdec - INFO - Epoch 366/500
2026-02-16 21:51:59,632 - steps.encdec - INFO - New best val_score=0.021078 | saved ckpt -> cvae_model_super_stable.pkl
2026-02-16 21:51:59,632 - steps.encdec - INFO - Epoch 367/500
2026-02-16 21:52:57,024 - steps.encdec - INFO - No improve (1/80)
2026-02-16 21:52:57,024 - steps.encdec - INFO - Epoch 368/500
2026-02-16 21:53:54,652 - steps.encdec - INFO - No improve (2/80)
2026-02-16 21:53:54,652 - steps.encdec - INFO - Epoch 369/500
2026-02-16 21:54:52,227 - steps.encdec - INFO - No improve (3/80)
2026-02-16 21:54:52,227 - steps.encdec - INFO - Epoch 370/500
2026-02-16 21:55:49,842 - steps.encdec - INFO - No improve (4/80)
2026-02-16 21:55:49,842 - steps.encdec - INFO - Epoch 371/500
2026-02-16 21:56:47,839 - steps.encdec - INFO - No improve (5/80)
2026-02-16 21:56:47,839 - steps.encdec - INFO - Epoch 372/500
2026-02-16 21:57:45,381 - steps.encdec - INFO - No improve (6/80)
2026-02-16 21:57:45,381 - steps.encdec - INFO - Epoch 373/500
2026-02-16 21:58:42,843 - steps.encdec - INFO - No improve (7/80)
2026-02-16 21:58:42,843 - steps.encdec - INFO - Epoch 374/500
2026-02-16 21:59:40,324 - steps.encdec - INFO - No improve (8/80)
2026-02-16 21:59:40,324 - steps.encdec - INFO - Epoch 375/500
2026-02-16 22:00:37,887 - steps.encdec - INFO - No improve (9/80)
2026-02-16 22:00:37,887 - steps.encdec - INFO - Epoch 376/500
2026-02-16 22:01:35,637 - steps.encdec - INFO - No improve (10/80)
2026-02-16 22:01:35,637 - steps.encdec - INFO - Epoch 377/500
2026-02-16 22:02:32,845 - steps.encdec - INFO - No improve (11/80)
2026-02-16 22:02:32,845 - steps.encdec - INFO - Epoch 378/500
2026-02-16 22:03:30,069 - steps.encdec - INFO - No improve (12/80)
2026-02-16 22:03:30,069 - steps.encdec - INFO - Epoch 379/500
2026-02-16 22:04:27,575 - steps.encdec - INFO - No improve (13/80)
2026-02-16 22:04:27,575 - steps.encdec - INFO - Epoch 380/500
2026-02-16 22:05:25,237 - steps.encdec - INFO - No improve (14/80)
2026-02-16 22:05:25,237 - steps.encdec - INFO - Epoch 381/500
2026-02-16 22:06:23,405 - steps.encdec - INFO - No improve (15/80)
2026-02-16 22:06:23,405 - steps.encdec - INFO - Epoch 382/500
2026-02-16 22:07:20,846 - steps.encdec - INFO - New best val_score=0.021062 | saved ckpt -> cvae_model_super_stable.pkl
2026-02-16 22:07:20,847 - steps.encdec - INFO - Epoch 383/500
2026-02-16 22:08:18,318 - steps.encdec - INFO - No improve (1/80)
2026-02-16 22:08:18,318 - steps.encdec - INFO - Epoch 384/500
2026-02-16 22:09:15,921 - steps.encdec - INFO - No improve (2/80)
2026-02-16 22:09:15,921 - steps.encdec - INFO - Epoch 385/500
2026-02-16 22:10:13,269 - steps.encdec - INFO - New best val_score=0.020757 | saved ckpt -> cvae_model_super_stable.pkl
2026-02-16 22:10:13,269 - steps.encdec - INFO - Epoch 386/500
2026-02-16 22:11:11,028 - steps.encdec - INFO - No improve (1/80)
2026-02-16 22:11:11,029 - steps.encdec - INFO - Epoch 387/500
2026-02-16 22:12:08,604 - steps.encdec - INFO - No improve (2/80)
2026-02-16 22:12:08,604 - steps.encdec - INFO - Epoch 388/500
2026-02-16 22:13:06,098 - steps.encdec - INFO - New best val_score=0.020720 | saved ckpt -> cvae_model_super_stable.pkl
2026-02-16 22:13:06,098 - steps.encdec - INFO - Epoch 389/500
2026-02-16 22:14:03,787 - steps.encdec - INFO - No improve (1/80)
2026-02-16 22:14:03,788 - steps.encdec - INFO - Epoch 390/500
2026-02-16 22:15:01,326 - steps.encdec - INFO - No improve (2/80)
2026-02-16 22:15:01,326 - steps.encdec - INFO - Epoch 391/500
2026-02-16 22:15:59,331 - steps.encdec - INFO - No improve (3/80)
2026-02-16 22:15:59,331 - steps.encdec - INFO - Epoch 392/500
2026-02-16 22:16:56,682 - steps.encdec - INFO - No improve (4/80)
2026-02-16 22:16:56,682 - steps.encdec - INFO - Epoch 393/500
2026-02-16 22:17:54,184 - steps.encdec - INFO - No improve (5/80)
2026-02-16 22:17:54,184 - steps.encdec - INFO - Epoch 394/500
2026-02-16 22:18:51,481 - steps.encdec - INFO - New best val_score=0.020620 | saved ckpt -> cvae_model_super_stable.pkl
2026-02-16 22:18:51,481 - steps.encdec - INFO - Epoch 395/500
2026-02-16 22:19:48,623 - steps.encdec - INFO - No improve (1/80)
2026-02-16 22:19:48,623 - steps.encdec - INFO - Epoch 396/500
2026-02-16 22:20:46,655 - steps.encdec - INFO - No improve (2/80)
2026-02-16 22:20:46,656 - steps.encdec - INFO - Epoch 397/500
2026-02-16 22:21:44,153 - steps.encdec - INFO - No improve (3/80)
2026-02-16 22:21:44,153 - steps.encdec - INFO - Epoch 398/500
2026-02-16 22:22:41,587 - steps.encdec - INFO - New best val_score=0.020605 | saved ckpt -> cvae_model_super_stable.pkl
2026-02-16 22:22:41,587 - steps.encdec - INFO - Epoch 399/500
2026-02-16 22:23:39,020 - steps.encdec - INFO - No improve (1/80)
2026-02-16 22:23:39,020 - steps.encdec - INFO - Epoch 400/500
2026-02-16 22:24:36,596 - steps.encdec - INFO - No improve (2/80)
2026-02-16 22:24:36,596 - steps.encdec - INFO - Epoch 401/500
2026-02-16 22:25:34,651 - steps.encdec - INFO - No improve (3/80)
2026-02-16 22:25:34,651 - steps.encdec - INFO - Epoch 402/500
2026-02-16 22:26:31,979 - steps.encdec - INFO - No improve (4/80)
2026-02-16 22:26:31,979 - steps.encdec - INFO - Epoch 403/500
2026-02-16 22:27:29,397 - steps.encdec - INFO - No improve (5/80)
2026-02-16 22:27:29,397 - steps.encdec - INFO - Epoch 404/500
2026-02-16 22:28:26,693 - steps.encdec - INFO - New best val_score=0.020509 | saved ckpt -> cvae_model_super_stable.pkl
2026-02-16 22:28:26,693 - steps.encdec - INFO - Epoch 405/500
2026-02-16 22:29:24,093 - steps.encdec - INFO - New best val_score=0.020437 | saved ckpt -> cvae_model_super_stable.pkl
2026-02-16 22:29:24,093 - steps.encdec - INFO - Epoch 406/500
2026-02-16 22:30:22,161 - steps.encdec - INFO - No improve (1/80)
2026-02-16 22:30:22,161 - steps.encdec - INFO - Epoch 407/500
2026-02-16 22:31:19,861 - steps.encdec - INFO - No improve (2/80)
2026-02-16 22:31:19,861 - steps.encdec - INFO - Epoch 408/500
2026-02-16 22:32:17,356 - steps.encdec - INFO - No improve (3/80)
2026-02-16 22:32:17,356 - steps.encdec - INFO - Epoch 409/500
2026-02-16 22:33:14,959 - steps.encdec - INFO - No improve (4/80)
2026-02-16 22:33:14,960 - steps.encdec - INFO - Epoch 410/500
2026-02-16 22:34:12,523 - steps.encdec - INFO - No improve (5/80)
2026-02-16 22:34:12,523 - steps.encdec - INFO - Epoch 411/500
2026-02-16 22:35:10,391 - steps.encdec - INFO - No improve (6/80)
2026-02-16 22:35:10,391 - steps.encdec - INFO - Epoch 412/500
2026-02-16 22:36:07,765 - steps.encdec - INFO - No improve (7/80)
2026-02-16 22:36:07,765 - steps.encdec - INFO - Epoch 413/500
2026-02-16 22:37:05,014 - steps.encdec - INFO - New best val_score=0.020323 | saved ckpt -> cvae_model_super_stable.pkl
2026-02-16 22:37:05,014 - steps.encdec - INFO - Epoch 414/500
2026-02-16 22:38:02,271 - steps.encdec - INFO - No improve (1/80)
2026-02-16 22:38:02,271 - steps.encdec - INFO - Epoch 415/500
2026-02-16 22:38:59,526 - steps.encdec - INFO - New best val_score=0.020289 | saved ckpt -> cvae_model_super_stable.pkl
2026-02-16 22:38:59,526 - steps.encdec - INFO - Epoch 416/500
2026-02-16 22:39:57,425 - steps.encdec - INFO - No improve (1/80)
2026-02-16 22:39:57,425 - steps.encdec - INFO - Epoch 417/500
2026-02-16 22:40:55,112 - steps.encdec - INFO - New best val_score=0.020263 | saved ckpt -> cvae_model_super_stable.pkl
2026-02-16 22:40:55,112 - steps.encdec - INFO - Epoch 418/500
2026-02-16 22:41:52,756 - steps.encdec - INFO - New best val_score=0.020173 | saved ckpt -> cvae_model_super_stable.pkl
2026-02-16 22:41:52,756 - steps.encdec - INFO - Epoch 419/500
2026-02-16 22:42:50,209 - steps.encdec - INFO - No improve (1/80)
2026-02-16 22:42:50,209 - steps.encdec - INFO - Epoch 420/500
2026-02-16 22:43:47,587 - steps.encdec - INFO - New best val_score=0.019937 | saved ckpt -> cvae_model_super_stable.pkl
2026-02-16 22:43:47,587 - steps.encdec - INFO - Epoch 421/500
2026-02-16 22:44:45,600 - steps.encdec - INFO - No improve (1/80)
2026-02-16 22:44:45,601 - steps.encdec - INFO - Epoch 422/500
2026-02-16 22:45:43,076 - steps.encdec - INFO - No improve (2/80)
2026-02-16 22:45:43,076 - steps.encdec - INFO - Epoch 423/500
2026-02-16 22:46:40,509 - steps.encdec - INFO - No improve (3/80)
2026-02-16 22:46:40,510 - steps.encdec - INFO - Epoch 424/500
2026-02-16 22:47:37,871 - steps.encdec - INFO - No improve (4/80)
2026-02-16 22:47:37,871 - steps.encdec - INFO - Epoch 425/500
2026-02-16 22:48:35,343 - steps.encdec - INFO - No improve (5/80)
2026-02-16 22:48:35,343 - steps.encdec - INFO - Epoch 426/500
2026-02-16 22:49:33,410 - steps.encdec - INFO - No improve (6/80)
2026-02-16 22:49:33,410 - steps.encdec - INFO - Epoch 427/500
2026-02-16 22:50:31,074 - steps.encdec - INFO - No improve (7/80)
2026-02-16 22:50:31,074 - steps.encdec - INFO - Epoch 428/500
2026-02-16 22:51:28,507 - steps.encdec - INFO - No improve (8/80)
2026-02-16 22:51:28,508 - steps.encdec - INFO - Epoch 429/500
2026-02-16 22:52:25,719 - steps.encdec - INFO - No improve (9/80)
2026-02-16 22:52:25,720 - steps.encdec - INFO - Epoch 430/500
2026-02-16 22:53:23,033 - steps.encdec - INFO - New best val_score=0.019872 | saved ckpt -> cvae_model_super_stable.pkl
2026-02-16 22:53:23,033 - steps.encdec - INFO - Epoch 431/500
2026-02-16 22:54:21,159 - steps.encdec - INFO - No improve (1/80)
2026-02-16 22:54:21,159 - steps.encdec - INFO - Epoch 432/500
2026-02-16 22:55:18,769 - steps.encdec - INFO - No improve (2/80)
2026-02-16 22:55:18,769 - steps.encdec - INFO - Epoch 433/500
2026-02-16 22:56:16,219 - steps.encdec - INFO - New best val_score=0.019852 | saved ckpt -> cvae_model_super_stable.pkl
2026-02-16 22:56:16,219 - steps.encdec - INFO - Epoch 434/500
2026-02-16 22:57:13,902 - steps.encdec - INFO - No improve (1/80)
2026-02-16 22:57:13,902 - steps.encdec - INFO - Epoch 435/500
2026-02-16 22:58:11,431 - steps.encdec - INFO - New best val_score=0.019785 | saved ckpt -> cvae_model_super_stable.pkl
2026-02-16 22:58:11,431 - steps.encdec - INFO - Epoch 436/500
2026-02-16 22:59:09,523 - steps.encdec - INFO - No improve (1/80)
2026-02-16 22:59:09,524 - steps.encdec - INFO - Epoch 437/500
2026-02-16 23:00:07,056 - steps.encdec - INFO - No improve (2/80)
2026-02-16 23:00:07,057 - steps.encdec - INFO - Epoch 438/500
2026-02-16 23:01:04,657 - steps.encdec - INFO - No improve (3/80)
2026-02-16 23:01:04,657 - steps.encdec - INFO - Epoch 439/500
2026-02-16 23:02:02,261 - steps.encdec - INFO - No improve (4/80)
2026-02-16 23:02:02,261 - steps.encdec - INFO - Epoch 440/500
2026-02-16 23:02:59,756 - steps.encdec - INFO - No improve (5/80)
2026-02-16 23:02:59,756 - steps.encdec - INFO - Epoch 441/500
2026-02-16 23:03:57,744 - steps.encdec - INFO - New best val_score=0.019515 | saved ckpt -> cvae_model_super_stable.pkl
2026-02-16 23:03:57,744 - steps.encdec - INFO - Epoch 442/500
2026-02-16 23:04:55,336 - steps.encdec - INFO - No improve (1/80)
2026-02-16 23:04:55,336 - steps.encdec - INFO - Epoch 443/500
2026-02-16 23:05:52,845 - steps.encdec - INFO - No improve (2/80)
2026-02-16 23:05:52,845 - steps.encdec - INFO - Epoch 444/500
2026-02-16 23:06:50,441 - steps.encdec - INFO - No improve (3/80)
2026-02-16 23:06:50,441 - steps.encdec - INFO - Epoch 445/500
2026-02-16 23:07:47,873 - steps.encdec - INFO - No improve (4/80)
2026-02-16 23:07:47,873 - steps.encdec - INFO - Epoch 446/500
2026-02-16 23:08:46,073 - steps.encdec - INFO - No improve (5/80)
2026-02-16 23:08:46,073 - steps.encdec - INFO - Epoch 447/500
2026-02-16 23:09:43,618 - steps.encdec - INFO - No improve (6/80)
2026-02-16 23:09:43,618 - steps.encdec - INFO - Epoch 448/500
2026-02-16 23:10:41,073 - steps.encdec - INFO - No improve (7/80)
2026-02-16 23:10:41,073 - steps.encdec - INFO - Epoch 449/500
2026-02-16 23:11:38,609 - steps.encdec - INFO - New best val_score=0.019402 | saved ckpt -> cvae_model_super_stable.pkl
2026-02-16 23:11:38,609 - steps.encdec - INFO - Epoch 450/500
2026-02-16 23:12:36,066 - steps.encdec - INFO - No improve (1/80)
2026-02-16 23:12:36,066 - steps.encdec - INFO - Epoch 451/500
2026-02-16 23:13:34,114 - steps.encdec - INFO - No improve (2/80)
2026-02-16 23:13:34,114 - steps.encdec - INFO - Epoch 452/500
2026-02-16 23:14:31,600 - steps.encdec - INFO - No improve (3/80)
2026-02-16 23:14:31,600 - steps.encdec - INFO - Epoch 453/500
2026-02-16 23:15:28,896 - steps.encdec - INFO - No improve (4/80)
2026-02-16 23:15:28,896 - steps.encdec - INFO - Epoch 454/500
2026-02-16 23:16:26,373 - steps.encdec - INFO - No improve (5/80)
2026-02-16 23:16:26,373 - steps.encdec - INFO - Epoch 455/500
2026-02-16 23:17:23,751 - steps.encdec - INFO - No improve (6/80)
2026-02-16 23:17:23,751 - steps.encdec - INFO - Epoch 456/500
2026-02-16 23:18:21,592 - steps.encdec - INFO - No improve (7/80)
2026-02-16 23:18:21,593 - steps.encdec - INFO - Epoch 457/500
2026-02-16 23:19:18,721 - steps.encdec - INFO - No improve (8/80)
2026-02-16 23:19:18,722 - steps.encdec - INFO - Epoch 458/500
2026-02-16 23:20:16,282 - steps.encdec - INFO - No improve (9/80)
2026-02-16 23:20:16,282 - steps.encdec - INFO - Epoch 459/500
2026-02-16 23:21:13,604 - steps.encdec - INFO - No improve (10/80)
2026-02-16 23:21:13,604 - steps.encdec - INFO - Epoch 460/500
2026-02-16 23:22:11,052 - steps.encdec - INFO - No improve (11/80)
2026-02-16 23:22:11,052 - steps.encdec - INFO - Epoch 461/500
2026-02-16 23:23:08,925 - steps.encdec - INFO - No improve (12/80)
2026-02-16 23:23:08,925 - steps.encdec - INFO - Epoch 462/500
2026-02-16 23:24:06,199 - steps.encdec - INFO - No improve (13/80)
2026-02-16 23:24:06,199 - steps.encdec - INFO - Epoch 463/500
2026-02-16 23:25:03,343 - steps.encdec - INFO - No improve (14/80)
2026-02-16 23:25:03,343 - steps.encdec - INFO - Epoch 464/500
2026-02-16 23:26:00,536 - steps.encdec - INFO - No improve (15/80)
2026-02-16 23:26:00,536 - steps.encdec - INFO - Epoch 465/500
2026-02-16 23:26:57,671 - steps.encdec - INFO - No improve (16/80)
2026-02-16 23:26:57,671 - steps.encdec - INFO - Epoch 466/500
2026-02-16 23:27:55,763 - steps.encdec - INFO - New best val_score=0.019151 | saved ckpt -> cvae_model_super_stable.pkl
2026-02-16 23:27:55,763 - steps.encdec - INFO - Epoch 467/500
2026-02-16 23:28:53,331 - steps.encdec - INFO - No improve (1/80)
2026-02-16 23:28:53,331 - steps.encdec - INFO - Epoch 468/500
2026-02-16 23:29:50,890 - steps.encdec - INFO - No improve (2/80)
2026-02-16 23:29:50,891 - steps.encdec - INFO - Epoch 469/500
2026-02-16 23:30:48,045 - steps.encdec - INFO - New best val_score=0.018899 | saved ckpt -> cvae_model_super_stable.pkl
2026-02-16 23:30:48,046 - steps.encdec - INFO - Epoch 470/500
2026-02-16 23:31:45,244 - steps.encdec - INFO - No improve (1/80)
2026-02-16 23:31:45,245 - steps.encdec - INFO - Epoch 471/500
2026-02-16 23:32:42,876 - steps.encdec - INFO - No improve (2/80)
2026-02-16 23:32:42,876 - steps.encdec - INFO - Epoch 472/500
2026-02-16 23:33:40,277 - steps.encdec - INFO - No improve (3/80)
2026-02-16 23:33:40,277 - steps.encdec - INFO - Epoch 473/500
2026-02-16 23:34:37,715 - steps.encdec - INFO - No improve (4/80)
2026-02-16 23:34:37,715 - steps.encdec - INFO - Epoch 474/500
2026-02-16 23:35:35,122 - steps.encdec - INFO - No improve (5/80)
2026-02-16 23:35:35,122 - steps.encdec - INFO - Epoch 475/500
2026-02-16 23:36:32,551 - steps.encdec - INFO - No improve (6/80)
2026-02-16 23:36:32,551 - steps.encdec - INFO - Epoch 476/500
2026-02-16 23:37:30,648 - steps.encdec - INFO - No improve (7/80)
2026-02-16 23:37:30,648 - steps.encdec - INFO - Epoch 477/500
2026-02-16 23:38:28,188 - steps.encdec - INFO - No improve (8/80)
2026-02-16 23:38:28,188 - steps.encdec - INFO - Epoch 478/500
2026-02-16 23:39:25,547 - steps.encdec - INFO - No improve (9/80)
2026-02-16 23:39:25,547 - steps.encdec - INFO - Epoch 479/500
2026-02-16 23:40:23,172 - steps.encdec - INFO - No improve (10/80)
2026-02-16 23:40:23,172 - steps.encdec - INFO - Epoch 480/500
2026-02-16 23:41:20,857 - steps.encdec - INFO - No improve (11/80)
2026-02-16 23:41:20,858 - steps.encdec - INFO - Epoch 481/500
2026-02-16 23:42:18,984 - steps.encdec - INFO - No improve (12/80)
2026-02-16 23:42:18,984 - steps.encdec - INFO - Epoch 482/500
2026-02-16 23:43:16,478 - steps.encdec - INFO - No improve (13/80)
2026-02-16 23:43:16,478 - steps.encdec - INFO - Epoch 483/500
2026-02-16 23:44:13,908 - steps.encdec - INFO - No improve (14/80)
2026-02-16 23:44:13,908 - steps.encdec - INFO - Epoch 484/500
2026-02-16 23:45:11,336 - steps.encdec - INFO - New best val_score=0.018816 | saved ckpt -> cvae_model_super_stable.pkl
2026-02-16 23:45:11,336 - steps.encdec - INFO - Epoch 485/500
2026-02-16 23:46:08,747 - steps.encdec - INFO - No improve (1/80)
2026-02-16 23:46:08,747 - steps.encdec - INFO - Epoch 486/500
2026-02-16 23:47:06,414 - steps.encdec - INFO - No improve (2/80)
2026-02-16 23:47:06,414 - steps.encdec - INFO - Epoch 487/500
2026-02-16 23:48:03,580 - steps.encdec - INFO - No improve (3/80)
2026-02-16 23:48:03,580 - steps.encdec - INFO - Epoch 488/500
2026-02-16 23:49:01,099 - steps.encdec - INFO - No improve (4/80)
2026-02-16 23:49:01,099 - steps.encdec - INFO - Epoch 489/500
2026-02-16 23:49:58,606 - steps.encdec - INFO - No improve (5/80)
2026-02-16 23:49:58,607 - steps.encdec - INFO - Epoch 490/500
2026-02-16 23:50:56,067 - steps.encdec - INFO - No improve (6/80)
2026-02-16 23:50:56,067 - steps.encdec - INFO - Epoch 491/500
2026-02-16 23:51:54,171 - steps.encdec - INFO - No improve (7/80)
2026-02-16 23:51:54,171 - steps.encdec - INFO - Epoch 492/500
2026-02-16 23:52:51,481 - steps.encdec - INFO - No improve (8/80)
2026-02-16 23:52:51,481 - steps.encdec - INFO - Epoch 493/500
2026-02-16 23:53:48,660 - steps.encdec - INFO - New best val_score=0.018781 | saved ckpt -> cvae_model_super_stable.pkl
2026-02-16 23:53:48,660 - steps.encdec - INFO - Epoch 494/500
2026-02-16 23:54:46,324 - steps.encdec - INFO - No improve (1/80)
2026-02-16 23:54:46,324 - steps.encdec - INFO - Epoch 495/500
2026-02-16 23:55:43,731 - steps.encdec - INFO - New best val_score=0.018532 | saved ckpt -> cvae_model_super_stable.pkl
2026-02-16 23:55:43,732 - steps.encdec - INFO - Epoch 496/500
2026-02-16 23:56:41,450 - steps.encdec - INFO - No improve (1/80)
2026-02-16 23:56:41,450 - steps.encdec - INFO - Epoch 497/500
2026-02-16 23:57:38,561 - steps.encdec - INFO - No improve (2/80)
2026-02-16 23:57:38,561 - steps.encdec - INFO - Epoch 498/500
2026-02-16 23:58:36,065 - steps.encdec - INFO - No improve (3/80)
2026-02-16 23:58:36,066 - steps.encdec - INFO - Epoch 499/500
2026-02-16 23:59:33,648 - steps.encdec - INFO - No improve (4/80)
2026-02-16 23:59:33,648 - steps.encdec - INFO - Epoch 500/500
2026-02-17 00:00:31,038 - steps.encdec - INFO - No improve (5/80)
2026-02-17 00:00:31,038 - steps.encdec - INFO - ==================================================
2026-02-17 00:00:31,038 - steps.encdec - INFO - TRAINING FINISHED
2026-02-17 00:00:31,038 - steps.encdec - INFO - Best Epoch: 495
2026-02-17 00:00:31,039 - steps.encdec - INFO - Best Validation Metrics:
2026-02-17 00:00:31,039 - steps.encdec - INFO -   - total_loss: 0.019491
2026-02-17 00:00:31,039 - steps.encdec - INFO -   - recon_loss: 0.015838
2026-02-17 00:00:31,039 - steps.encdec - INFO -   - recon_data_loss: 0.015679
2026-02-17 00:00:31,039 - steps.encdec - INFO -   - recon_mask_loss: 0.000159
2026-02-17 00:00:31,039 - steps.encdec - INFO -   - kld_loss: 9.586400
2026-02-17 00:00:31,039 - steps.encdec - INFO -   - kld_free: 9.586400
2026-02-17 00:00:31,039 - steps.encdec - INFO -   - causal_loss: 0.013473
2026-02-17 00:00:31,039 - steps.encdec - INFO -   - current_beta: 0.000100
2026-02-17 00:00:31,039 - steps.encdec - INFO - Best Validation Score (recon + gamma*causal): 0.018532
2026-02-17 00:00:31,039 - steps.encdec - INFO - ==================================================
2026-02-17 00:00:31,939 - steps.encdec - INFO - Saved loss curves -> cvae_loss_curves.png
2026-02-17 00:00:48,136 - steps.encdec - INFO - Saved encoded data (shape=(540000, 32)) -> cvae_encoded_data_super_stable.pkl
2026-02-17 13:45:11,803 - steps.encdec - INFO - Step: encdec | training CausalVAE
2026-02-17 13:45:11,804 - steps.encdec - INFO - Device: cuda
2026-02-17 13:46:52,008 - steps.encdec - INFO - Dims | input_dim=29 seq_len=60 num_total_features=29
2026-02-17 13:46:58,751 - steps.encdec - INFO - Start from scratch | resume=False | ckpt_exists=False
2026-02-17 13:46:58,752 - steps.encdec - INFO - Epoch 1/1000
2026-02-17 13:48:00,866 - steps.encdec - INFO - New best val_score=0.612743 | saved ckpt -> cvae_model_enhanced.pkl
2026-02-17 13:48:00,866 - steps.encdec - INFO - Epoch 2/1000
2026-02-17 13:48:59,913 - steps.encdec - INFO - New best val_score=0.580515 | saved ckpt -> cvae_model_enhanced.pkl
2026-02-17 13:48:59,913 - steps.encdec - INFO - Epoch 3/1000
2026-02-17 13:50:00,841 - steps.encdec - INFO - New best val_score=0.566818 | saved ckpt -> cvae_model_enhanced.pkl
2026-02-17 13:50:00,841 - steps.encdec - INFO - Epoch 4/1000
2026-02-17 13:50:59,859 - steps.encdec - INFO - New best val_score=0.564933 | saved ckpt -> cvae_model_enhanced.pkl
2026-02-17 13:50:59,859 - steps.encdec - INFO - Epoch 5/1000
2026-02-17 13:51:58,697 - steps.encdec - INFO - New best val_score=0.558283 | saved ckpt -> cvae_model_enhanced.pkl
2026-02-17 13:51:58,697 - steps.encdec - INFO - Epoch 6/1000
2026-02-17 13:52:58,267 - steps.encdec - INFO - New best val_score=0.516184 | saved ckpt -> cvae_model_enhanced.pkl
2026-02-17 13:52:58,267 - steps.encdec - INFO - Epoch 7/1000
2026-02-17 13:53:57,432 - steps.encdec - INFO - New best val_score=0.482879 | saved ckpt -> cvae_model_enhanced.pkl
2026-02-17 13:53:57,432 - steps.encdec - INFO - Epoch 8/1000
2026-02-17 13:54:56,548 - steps.encdec - INFO - New best val_score=0.459566 | saved ckpt -> cvae_model_enhanced.pkl
2026-02-17 13:54:56,549 - steps.encdec - INFO - Epoch 9/1000
2026-02-17 13:55:55,403 - steps.encdec - INFO - New best val_score=0.453355 | saved ckpt -> cvae_model_enhanced.pkl
2026-02-17 13:55:55,403 - steps.encdec - INFO - Epoch 10/1000
2026-02-17 13:56:54,419 - steps.encdec - INFO - New best val_score=0.435138 | saved ckpt -> cvae_model_enhanced.pkl
2026-02-17 13:56:54,419 - steps.encdec - INFO - Epoch 11/1000
2026-02-17 13:57:54,104 - steps.encdec - INFO - New best val_score=0.419822 | saved ckpt -> cvae_model_enhanced.pkl
2026-02-17 13:57:54,104 - steps.encdec - INFO - Epoch 12/1000
2026-02-17 13:58:52,824 - steps.encdec - INFO - New best val_score=0.418440 | saved ckpt -> cvae_model_enhanced.pkl
2026-02-17 13:58:52,824 - steps.encdec - INFO - Epoch 13/1000
2026-02-17 13:59:51,901 - steps.encdec - INFO - No improve (1/80)
2026-02-17 13:59:51,902 - steps.encdec - INFO - Epoch 14/1000
2026-02-17 14:00:50,802 - steps.encdec - INFO - New best val_score=0.399932 | saved ckpt -> cvae_model_enhanced.pkl
2026-02-17 14:00:50,802 - steps.encdec - INFO - Epoch 15/1000
2026-02-17 14:01:49,663 - steps.encdec - INFO - No improve (1/80)
2026-02-17 14:01:49,664 - steps.encdec - INFO - Epoch 16/1000
2026-02-17 14:02:49,052 - steps.encdec - INFO - New best val_score=0.353154 | saved ckpt -> cvae_model_enhanced.pkl
2026-02-17 14:02:49,052 - steps.encdec - INFO - Epoch 17/1000
2026-02-17 14:03:47,551 - steps.encdec - INFO - New best val_score=0.342791 | saved ckpt -> cvae_model_enhanced.pkl
2026-02-17 14:03:47,551 - steps.encdec - INFO - Epoch 18/1000
2026-02-17 14:04:45,864 - steps.encdec - INFO - New best val_score=0.328904 | saved ckpt -> cvae_model_enhanced.pkl
2026-02-17 14:04:45,864 - steps.encdec - INFO - Epoch 19/1000
2026-02-17 14:05:44,379 - steps.encdec - INFO - No improve (1/80)
2026-02-17 14:05:44,379 - steps.encdec - INFO - Epoch 20/1000
2026-02-17 14:06:42,717 - steps.encdec - INFO - New best val_score=0.327737 | saved ckpt -> cvae_model_enhanced.pkl
2026-02-17 14:06:42,717 - steps.encdec - INFO - Epoch 21/1000
2026-02-17 14:07:41,192 - steps.encdec - INFO - New best val_score=0.304738 | saved ckpt -> cvae_model_enhanced.pkl
2026-02-17 14:07:41,193 - steps.encdec - INFO - Epoch 22/1000
2026-02-17 14:08:39,117 - steps.encdec - INFO - New best val_score=0.295930 | saved ckpt -> cvae_model_enhanced.pkl
2026-02-17 14:08:39,117 - steps.encdec - INFO - Epoch 23/1000
2026-02-17 14:09:36,949 - steps.encdec - INFO - New best val_score=0.279420 | saved ckpt -> cvae_model_enhanced.pkl
2026-02-17 14:09:36,950 - steps.encdec - INFO - Epoch 24/1000
2026-02-17 14:10:34,690 - steps.encdec - INFO - No improve (1/80)
2026-02-17 14:10:34,690 - steps.encdec - INFO - Epoch 25/1000
2026-02-17 14:11:32,478 - steps.encdec - INFO - New best val_score=0.273277 | saved ckpt -> cvae_model_enhanced.pkl
2026-02-17 14:11:32,478 - steps.encdec - INFO - Epoch 26/1000
2026-02-17 14:12:30,773 - steps.encdec - INFO - No improve (1/80)
2026-02-17 14:12:30,773 - steps.encdec - INFO - Epoch 27/1000
2026-02-17 14:13:28,690 - steps.encdec - INFO - New best val_score=0.265397 | saved ckpt -> cvae_model_enhanced.pkl
2026-02-17 14:13:28,690 - steps.encdec - INFO - Epoch 28/1000
2026-02-17 14:14:26,611 - steps.encdec - INFO - No improve (1/80)
2026-02-17 14:14:26,611 - steps.encdec - INFO - Epoch 29/1000
2026-02-17 14:15:24,664 - steps.encdec - INFO - New best val_score=0.263811 | saved ckpt -> cvae_model_enhanced.pkl
2026-02-17 14:15:24,664 - steps.encdec - INFO - Epoch 30/1000
2026-02-17 14:16:22,681 - steps.encdec - INFO - No improve (1/80)
2026-02-17 14:16:22,681 - steps.encdec - INFO - Epoch 31/1000
2026-02-17 14:17:21,280 - steps.encdec - INFO - No improve (2/80)
2026-02-17 14:17:21,281 - steps.encdec - INFO - Epoch 32/1000
2026-02-17 14:18:19,372 - steps.encdec - INFO - New best val_score=0.262223 | saved ckpt -> cvae_model_enhanced.pkl
2026-02-17 14:18:19,372 - steps.encdec - INFO - Epoch 33/1000
2026-02-17 14:19:17,164 - steps.encdec - INFO - New best val_score=0.254822 | saved ckpt -> cvae_model_enhanced.pkl
2026-02-17 14:19:17,164 - steps.encdec - INFO - Epoch 34/1000
2026-02-17 14:20:16,051 - steps.encdec - INFO - New best val_score=0.244372 | saved ckpt -> cvae_model_enhanced.pkl
2026-02-17 14:20:16,052 - steps.encdec - INFO - Epoch 35/1000
2026-02-17 14:21:16,302 - steps.encdec - INFO - No improve (1/80)
2026-02-17 14:21:16,302 - steps.encdec - INFO - Epoch 36/1000
2026-02-17 14:22:17,561 - steps.encdec - INFO - No improve (2/80)
2026-02-17 14:22:17,561 - steps.encdec - INFO - Epoch 37/1000
2026-02-17 14:23:18,014 - steps.encdec - INFO - No improve (3/80)
2026-02-17 14:23:18,014 - steps.encdec - INFO - Epoch 38/1000
2026-02-17 14:24:18,475 - steps.encdec - INFO - New best val_score=0.237884 | saved ckpt -> cvae_model_enhanced.pkl
2026-02-17 14:24:18,475 - steps.encdec - INFO - Epoch 39/1000
2026-02-17 14:25:19,308 - steps.encdec - INFO - No improve (1/80)
2026-02-17 14:25:19,308 - steps.encdec - INFO - Epoch 40/1000
2026-02-17 14:26:20,095 - steps.encdec - INFO - New best val_score=0.229336 | saved ckpt -> cvae_model_enhanced.pkl
2026-02-17 14:26:20,095 - steps.encdec - INFO - Epoch 41/1000
2026-02-17 14:27:21,412 - steps.encdec - INFO - New best val_score=0.222405 | saved ckpt -> cvae_model_enhanced.pkl
2026-02-17 14:27:21,412 - steps.encdec - INFO - Epoch 42/1000
2026-02-17 14:28:22,144 - steps.encdec - INFO - New best val_score=0.217008 | saved ckpt -> cvae_model_enhanced.pkl
2026-02-17 14:28:22,144 - steps.encdec - INFO - Epoch 43/1000
2026-02-17 14:29:22,941 - steps.encdec - INFO - New best val_score=0.213256 | saved ckpt -> cvae_model_enhanced.pkl
2026-02-17 14:29:22,941 - steps.encdec - INFO - Epoch 44/1000
2026-02-17 14:30:23,430 - steps.encdec - INFO - No improve (1/80)
2026-02-17 14:30:23,430 - steps.encdec - INFO - Epoch 45/1000
2026-02-17 14:31:23,923 - steps.encdec - INFO - New best val_score=0.206094 | saved ckpt -> cvae_model_enhanced.pkl
2026-02-17 14:31:23,923 - steps.encdec - INFO - Epoch 46/1000
2026-02-17 14:32:24,792 - steps.encdec - INFO - No improve (1/80)
2026-02-17 14:32:24,792 - steps.encdec - INFO - Epoch 47/1000
2026-02-17 14:33:24,962 - steps.encdec - INFO - New best val_score=0.205297 | saved ckpt -> cvae_model_enhanced.pkl
2026-02-17 14:33:24,962 - steps.encdec - INFO - Epoch 48/1000
2026-02-17 14:34:25,366 - steps.encdec - INFO - New best val_score=0.204172 | saved ckpt -> cvae_model_enhanced.pkl
2026-02-17 14:34:25,366 - steps.encdec - INFO - Epoch 49/1000
2026-02-17 14:35:25,395 - steps.encdec - INFO - New best val_score=0.200690 | saved ckpt -> cvae_model_enhanced.pkl
2026-02-17 14:35:25,395 - steps.encdec - INFO - Epoch 50/1000
2026-02-17 14:36:25,312 - steps.encdec - INFO - New best val_score=0.192160 | saved ckpt -> cvae_model_enhanced.pkl
2026-02-17 14:36:25,312 - steps.encdec - INFO - Epoch 51/1000
2026-02-17 14:37:26,022 - steps.encdec - INFO - New best val_score=0.190884 | saved ckpt -> cvae_model_enhanced.pkl
2026-02-17 14:37:26,022 - steps.encdec - INFO - Epoch 52/1000
2026-02-17 14:38:26,306 - steps.encdec - INFO - New best val_score=0.190128 | saved ckpt -> cvae_model_enhanced.pkl
2026-02-17 14:38:26,306 - steps.encdec - INFO - Epoch 53/1000
2026-02-17 14:39:26,487 - steps.encdec - INFO - New best val_score=0.187922 | saved ckpt -> cvae_model_enhanced.pkl
2026-02-17 14:39:26,487 - steps.encdec - INFO - Epoch 54/1000
2026-02-17 14:40:26,825 - steps.encdec - INFO - New best val_score=0.185128 | saved ckpt -> cvae_model_enhanced.pkl
2026-02-17 14:40:26,825 - steps.encdec - INFO - Epoch 55/1000
2026-02-17 14:41:26,041 - steps.encdec - INFO - New best val_score=0.182121 | saved ckpt -> cvae_model_enhanced.pkl
2026-02-17 14:41:26,041 - steps.encdec - INFO - Epoch 56/1000
2026-02-17 14:42:26,576 - steps.encdec - INFO - New best val_score=0.180598 | saved ckpt -> cvae_model_enhanced.pkl
2026-02-17 14:42:26,576 - steps.encdec - INFO - Epoch 57/1000
2026-02-17 14:43:26,279 - steps.encdec - INFO - No improve (1/80)
2026-02-17 14:43:26,280 - steps.encdec - INFO - Epoch 58/1000
2026-02-17 14:44:26,335 - steps.encdec - INFO - New best val_score=0.179949 | saved ckpt -> cvae_model_enhanced.pkl
2026-02-17 14:44:26,336 - steps.encdec - INFO - Epoch 59/1000
2026-02-17 14:45:26,157 - steps.encdec - INFO - New best val_score=0.178136 | saved ckpt -> cvae_model_enhanced.pkl
2026-02-17 14:45:26,157 - steps.encdec - INFO - Epoch 60/1000
2026-02-17 14:46:25,920 - steps.encdec - INFO - New best val_score=0.176305 | saved ckpt -> cvae_model_enhanced.pkl
2026-02-17 14:46:25,921 - steps.encdec - INFO - Epoch 61/1000
2026-02-17 14:47:26,375 - steps.encdec - INFO - New best val_score=0.175588 | saved ckpt -> cvae_model_enhanced.pkl
2026-02-17 14:47:26,376 - steps.encdec - INFO - Epoch 62/1000
2026-02-17 14:48:26,412 - steps.encdec - INFO - No improve (1/80)
2026-02-17 14:48:26,413 - steps.encdec - INFO - Epoch 63/1000
2026-02-17 14:49:26,678 - steps.encdec - INFO - New best val_score=0.174062 | saved ckpt -> cvae_model_enhanced.pkl
2026-02-17 14:49:26,678 - steps.encdec - INFO - Epoch 64/1000
2026-02-17 14:50:26,878 - steps.encdec - INFO - New best val_score=0.172167 | saved ckpt -> cvae_model_enhanced.pkl
2026-02-17 14:50:26,878 - steps.encdec - INFO - Epoch 65/1000
2026-02-17 14:51:27,333 - steps.encdec - INFO - New best val_score=0.165698 | saved ckpt -> cvae_model_enhanced.pkl
2026-02-17 14:51:27,333 - steps.encdec - INFO - Epoch 66/1000
2026-02-17 14:52:28,247 - steps.encdec - INFO - No improve (1/80)
2026-02-17 14:52:28,247 - steps.encdec - INFO - Epoch 67/1000
2026-02-17 14:53:28,524 - steps.encdec - INFO - No improve (2/80)
2026-02-17 14:53:28,525 - steps.encdec - INFO - Epoch 68/1000
2026-02-17 14:54:28,621 - steps.encdec - INFO - New best val_score=0.163481 | saved ckpt -> cvae_model_enhanced.pkl
2026-02-17 14:54:28,621 - steps.encdec - INFO - Epoch 69/1000
2026-02-17 14:55:28,510 - steps.encdec - INFO - No improve (1/80)
2026-02-17 14:55:28,511 - steps.encdec - INFO - Epoch 70/1000
2026-02-17 14:56:28,680 - steps.encdec - INFO - New best val_score=0.162289 | saved ckpt -> cvae_model_enhanced.pkl
2026-02-17 14:56:28,680 - steps.encdec - INFO - Epoch 71/1000
2026-02-17 14:57:29,308 - steps.encdec - INFO - No improve (1/80)
2026-02-17 14:57:29,308 - steps.encdec - INFO - Epoch 72/1000
2026-02-17 14:58:29,485 - steps.encdec - INFO - No improve (2/80)
2026-02-17 14:58:29,485 - steps.encdec - INFO - Epoch 73/1000
2026-02-17 14:59:30,057 - steps.encdec - INFO - New best val_score=0.160217 | saved ckpt -> cvae_model_enhanced.pkl
2026-02-17 14:59:30,057 - steps.encdec - INFO - Epoch 74/1000
2026-02-17 15:00:30,590 - steps.encdec - INFO - No improve (1/80)
2026-02-17 15:00:30,590 - steps.encdec - INFO - Epoch 75/1000
2026-02-17 15:01:30,801 - steps.encdec - INFO - New best val_score=0.159585 | saved ckpt -> cvae_model_enhanced.pkl
2026-02-17 15:01:30,801 - steps.encdec - INFO - Epoch 76/1000
2026-02-17 15:02:31,676 - steps.encdec - INFO - New best val_score=0.158813 | saved ckpt -> cvae_model_enhanced.pkl
2026-02-17 15:02:31,676 - steps.encdec - INFO - Epoch 77/1000
2026-02-17 15:03:32,093 - steps.encdec - INFO - New best val_score=0.158486 | saved ckpt -> cvae_model_enhanced.pkl
2026-02-17 15:03:32,093 - steps.encdec - INFO - Epoch 78/1000
2026-02-17 15:04:32,118 - steps.encdec - INFO - New best val_score=0.155533 | saved ckpt -> cvae_model_enhanced.pkl
2026-02-17 15:04:32,118 - steps.encdec - INFO - Epoch 79/1000
2026-02-17 15:05:32,089 - steps.encdec - INFO - New best val_score=0.152269 | saved ckpt -> cvae_model_enhanced.pkl
2026-02-17 15:05:32,089 - steps.encdec - INFO - Epoch 80/1000
2026-02-17 15:06:31,883 - steps.encdec - INFO - No improve (1/80)
2026-02-17 15:06:31,884 - steps.encdec - INFO - Epoch 81/1000
2026-02-17 15:07:32,194 - steps.encdec - INFO - No improve (2/80)
2026-02-17 15:07:32,194 - steps.encdec - INFO - Epoch 82/1000
2026-02-17 15:08:32,371 - steps.encdec - INFO - New best val_score=0.151739 | saved ckpt -> cvae_model_enhanced.pkl
2026-02-17 15:08:32,372 - steps.encdec - INFO - Epoch 83/1000
2026-02-17 15:09:32,774 - steps.encdec - INFO - No improve (1/80)
2026-02-17 15:09:32,774 - steps.encdec - INFO - Epoch 84/1000
2026-02-17 15:10:33,150 - steps.encdec - INFO - New best val_score=0.148458 | saved ckpt -> cvae_model_enhanced.pkl
2026-02-17 15:10:33,150 - steps.encdec - INFO - Epoch 85/1000
2026-02-17 15:11:33,556 - steps.encdec - INFO - No improve (1/80)
2026-02-17 15:11:33,556 - steps.encdec - INFO - Epoch 86/1000
2026-02-17 15:12:34,367 - steps.encdec - INFO - No improve (2/80)
2026-02-17 15:12:34,368 - steps.encdec - INFO - Epoch 87/1000
2026-02-17 15:13:34,313 - steps.encdec - INFO - New best val_score=0.147530 | saved ckpt -> cvae_model_enhanced.pkl
2026-02-17 15:13:34,313 - steps.encdec - INFO - Epoch 88/1000
2026-02-17 15:14:34,478 - steps.encdec - INFO - New best val_score=0.144120 | saved ckpt -> cvae_model_enhanced.pkl
2026-02-17 15:14:34,478 - steps.encdec - INFO - Epoch 89/1000
2026-02-17 15:15:34,134 - steps.encdec - INFO - No improve (1/80)
2026-02-17 15:15:34,135 - steps.encdec - INFO - Epoch 90/1000
2026-02-17 15:16:33,778 - steps.encdec - INFO - New best val_score=0.142895 | saved ckpt -> cvae_model_enhanced.pkl
2026-02-17 15:16:33,778 - steps.encdec - INFO - Epoch 91/1000
2026-02-17 15:17:33,799 - steps.encdec - INFO - New best val_score=0.140424 | saved ckpt -> cvae_model_enhanced.pkl
2026-02-17 15:17:33,799 - steps.encdec - INFO - Epoch 92/1000
2026-02-17 15:18:32,968 - steps.encdec - INFO - New best val_score=0.133434 | saved ckpt -> cvae_model_enhanced.pkl
2026-02-17 15:18:32,968 - steps.encdec - INFO - Epoch 93/1000
2026-02-17 15:19:32,472 - steps.encdec - INFO - No improve (1/80)
2026-02-17 15:19:32,472 - steps.encdec - INFO - Epoch 94/1000
2026-02-17 15:20:31,332 - steps.encdec - INFO - No improve (2/80)
2026-02-17 15:20:31,332 - steps.encdec - INFO - Epoch 95/1000
2026-02-17 15:21:30,985 - steps.encdec - INFO - No improve (3/80)
2026-02-17 15:21:30,985 - steps.encdec - INFO - Epoch 96/1000
2026-02-17 15:22:31,267 - steps.encdec - INFO - No improve (4/80)
2026-02-17 15:22:31,267 - steps.encdec - INFO - Epoch 97/1000
2026-02-17 15:23:31,022 - steps.encdec - INFO - No improve (5/80)
2026-02-17 15:23:31,023 - steps.encdec - INFO - Epoch 98/1000
2026-02-17 15:24:30,811 - steps.encdec - INFO - New best val_score=0.130725 | saved ckpt -> cvae_model_enhanced.pkl
2026-02-17 15:24:30,811 - steps.encdec - INFO - Epoch 99/1000
2026-02-17 15:25:30,626 - steps.encdec - INFO - No improve (1/80)
2026-02-17 15:25:30,626 - steps.encdec - INFO - Epoch 100/1000
2026-02-17 15:26:30,626 - steps.encdec - INFO - New best val_score=0.127641 | saved ckpt -> cvae_model_enhanced.pkl
2026-02-17 15:26:30,626 - steps.encdec - INFO - Epoch 101/1000
2026-02-17 15:27:31,045 - steps.encdec - INFO - New best val_score=0.126257 | saved ckpt -> cvae_model_enhanced.pkl
2026-02-17 15:27:31,045 - steps.encdec - INFO - Epoch 102/1000
2026-02-17 15:28:30,741 - steps.encdec - INFO - No improve (1/80)
2026-02-17 15:28:30,741 - steps.encdec - INFO - Epoch 103/1000
2026-02-17 15:29:30,353 - steps.encdec - INFO - New best val_score=0.123710 | saved ckpt -> cvae_model_enhanced.pkl
2026-02-17 15:29:30,354 - steps.encdec - INFO - Epoch 104/1000
2026-02-17 15:30:29,965 - steps.encdec - INFO - No improve (1/80)
2026-02-17 15:30:29,965 - steps.encdec - INFO - Epoch 105/1000
2026-02-17 15:31:29,562 - steps.encdec - INFO - No improve (2/80)
2026-02-17 15:31:29,562 - steps.encdec - INFO - Epoch 106/1000
2026-02-17 15:32:30,035 - steps.encdec - INFO - No improve (3/80)
2026-02-17 15:32:30,035 - steps.encdec - INFO - Epoch 107/1000
2026-02-17 15:33:29,591 - steps.encdec - INFO - New best val_score=0.122300 | saved ckpt -> cvae_model_enhanced.pkl
2026-02-17 15:33:29,592 - steps.encdec - INFO - Epoch 108/1000
2026-02-17 15:34:28,962 - steps.encdec - INFO - New best val_score=0.121312 | saved ckpt -> cvae_model_enhanced.pkl
2026-02-17 15:34:28,962 - steps.encdec - INFO - Epoch 109/1000
2026-02-17 15:35:28,655 - steps.encdec - INFO - No improve (1/80)
2026-02-17 15:35:28,656 - steps.encdec - INFO - Epoch 110/1000
2026-02-17 15:36:28,130 - steps.encdec - INFO - New best val_score=0.115058 | saved ckpt -> cvae_model_enhanced.pkl
2026-02-17 15:36:28,130 - steps.encdec - INFO - Epoch 111/1000
2026-02-17 15:37:28,145 - steps.encdec - INFO - No improve (1/80)
2026-02-17 15:37:28,145 - steps.encdec - INFO - Epoch 112/1000
2026-02-17 15:38:26,912 - steps.encdec - INFO - No improve (2/80)
2026-02-17 15:38:26,912 - steps.encdec - INFO - Epoch 113/1000
2026-02-17 15:39:24,450 - steps.encdec - INFO - No improve (3/80)
2026-02-17 15:39:24,450 - steps.encdec - INFO - Epoch 114/1000
2026-02-17 15:40:22,156 - steps.encdec - INFO - No improve (4/80)
2026-02-17 15:40:22,156 - steps.encdec - INFO - Epoch 115/1000
2026-02-17 15:41:19,838 - steps.encdec - INFO - No improve (5/80)
2026-02-17 15:41:19,838 - steps.encdec - INFO - Epoch 116/1000
2026-02-17 15:42:18,157 - steps.encdec - INFO - No improve (6/80)
2026-02-17 15:42:18,157 - steps.encdec - INFO - Epoch 117/1000
2026-02-17 15:43:15,903 - steps.encdec - INFO - New best val_score=0.109088 | saved ckpt -> cvae_model_enhanced.pkl
2026-02-17 15:43:15,903 - steps.encdec - INFO - Epoch 118/1000
2026-02-17 15:44:13,475 - steps.encdec - INFO - No improve (1/80)
2026-02-17 15:44:13,475 - steps.encdec - INFO - Epoch 119/1000
2026-02-17 15:45:10,720 - steps.encdec - INFO - No improve (2/80)
2026-02-17 15:45:10,720 - steps.encdec - INFO - Epoch 120/1000
2026-02-17 15:46:08,136 - steps.encdec - INFO - New best val_score=0.102595 | saved ckpt -> cvae_model_enhanced.pkl
2026-02-17 15:46:08,137 - steps.encdec - INFO - Epoch 121/1000
2026-02-17 15:47:06,232 - steps.encdec - INFO - No improve (1/80)
2026-02-17 15:47:06,233 - steps.encdec - INFO - Epoch 122/1000
2026-02-17 15:48:03,642 - steps.encdec - INFO - No improve (2/80)
2026-02-17 15:48:03,642 - steps.encdec - INFO - Epoch 123/1000
2026-02-17 15:49:01,239 - steps.encdec - INFO - No improve (3/80)
2026-02-17 15:49:01,239 - steps.encdec - INFO - Epoch 124/1000
2026-02-17 15:49:58,998 - steps.encdec - INFO - New best val_score=0.100549 | saved ckpt -> cvae_model_enhanced.pkl
2026-02-17 15:49:58,998 - steps.encdec - INFO - Epoch 125/1000
2026-02-17 15:50:56,527 - steps.encdec - INFO - No improve (1/80)
2026-02-17 15:50:56,527 - steps.encdec - INFO - Epoch 126/1000
2026-02-17 15:51:54,650 - steps.encdec - INFO - No improve (2/80)
2026-02-17 15:51:54,650 - steps.encdec - INFO - Epoch 127/1000
2026-02-17 15:52:52,536 - steps.encdec - INFO - New best val_score=0.100145 | saved ckpt -> cvae_model_enhanced.pkl
2026-02-17 15:52:52,536 - steps.encdec - INFO - Epoch 128/1000
2026-02-17 15:53:50,532 - steps.encdec - INFO - New best val_score=0.098193 | saved ckpt -> cvae_model_enhanced.pkl
2026-02-17 15:53:50,532 - steps.encdec - INFO - Epoch 129/1000
2026-02-17 15:54:48,144 - steps.encdec - INFO - No improve (1/80)
2026-02-17 15:54:48,144 - steps.encdec - INFO - Epoch 130/1000
2026-02-17 15:55:45,585 - steps.encdec - INFO - New best val_score=0.097828 | saved ckpt -> cvae_model_enhanced.pkl
2026-02-17 15:55:45,585 - steps.encdec - INFO - Epoch 131/1000
2026-02-17 15:56:43,486 - steps.encdec - INFO - No improve (1/80)
2026-02-17 15:56:43,486 - steps.encdec - INFO - Epoch 132/1000
2026-02-17 15:57:40,862 - steps.encdec - INFO - No improve (2/80)
2026-02-17 15:57:40,862 - steps.encdec - INFO - Epoch 133/1000
2026-02-17 15:58:38,267 - steps.encdec - INFO - New best val_score=0.093965 | saved ckpt -> cvae_model_enhanced.pkl
2026-02-17 15:58:38,267 - steps.encdec - INFO - Epoch 134/1000
2026-02-17 15:59:35,671 - steps.encdec - INFO - New best val_score=0.092064 | saved ckpt -> cvae_model_enhanced.pkl
2026-02-17 15:59:35,672 - steps.encdec - INFO - Epoch 135/1000
2026-02-17 16:00:33,265 - steps.encdec - INFO - New best val_score=0.091670 | saved ckpt -> cvae_model_enhanced.pkl
2026-02-17 16:00:33,266 - steps.encdec - INFO - Epoch 136/1000
2026-02-17 16:01:31,398 - steps.encdec - INFO - No improve (1/80)
2026-02-17 16:01:31,398 - steps.encdec - INFO - Epoch 137/1000
2026-02-17 16:02:28,719 - steps.encdec - INFO - No improve (2/80)
2026-02-17 16:02:28,719 - steps.encdec - INFO - Epoch 138/1000
2026-02-17 16:03:26,254 - steps.encdec - INFO - New best val_score=0.087778 | saved ckpt -> cvae_model_enhanced.pkl
2026-02-17 16:03:26,255 - steps.encdec - INFO - Epoch 139/1000
2026-02-17 16:04:23,952 - steps.encdec - INFO - New best val_score=0.084483 | saved ckpt -> cvae_model_enhanced.pkl
2026-02-17 16:04:23,952 - steps.encdec - INFO - Epoch 140/1000
2026-02-17 16:05:21,342 - steps.encdec - INFO - New best val_score=0.084439 | saved ckpt -> cvae_model_enhanced.pkl
2026-02-17 16:05:21,343 - steps.encdec - INFO - Epoch 141/1000
2026-02-17 16:06:19,677 - steps.encdec - INFO - No improve (1/80)
2026-02-17 16:06:19,677 - steps.encdec - INFO - Epoch 142/1000
2026-02-17 16:07:17,390 - steps.encdec - INFO - New best val_score=0.082758 | saved ckpt -> cvae_model_enhanced.pkl
2026-02-17 16:07:17,391 - steps.encdec - INFO - Epoch 143/1000
2026-02-17 16:08:15,198 - steps.encdec - INFO - New best val_score=0.080713 | saved ckpt -> cvae_model_enhanced.pkl
2026-02-17 16:08:15,199 - steps.encdec - INFO - Epoch 144/1000
2026-02-17 16:09:12,875 - steps.encdec - INFO - New best val_score=0.080575 | saved ckpt -> cvae_model_enhanced.pkl
2026-02-17 16:09:12,875 - steps.encdec - INFO - Epoch 145/1000
2026-02-17 16:10:10,240 - steps.encdec - INFO - New best val_score=0.079533 | saved ckpt -> cvae_model_enhanced.pkl
2026-02-17 16:10:10,241 - steps.encdec - INFO - Epoch 146/1000
2026-02-17 16:11:08,652 - steps.encdec - INFO - New best val_score=0.078449 | saved ckpt -> cvae_model_enhanced.pkl
2026-02-17 16:11:08,652 - steps.encdec - INFO - Epoch 147/1000
2026-02-17 16:12:06,453 - steps.encdec - INFO - New best val_score=0.077846 | saved ckpt -> cvae_model_enhanced.pkl
2026-02-17 16:12:06,453 - steps.encdec - INFO - Epoch 148/1000
2026-02-17 16:13:04,228 - steps.encdec - INFO - New best val_score=0.075555 | saved ckpt -> cvae_model_enhanced.pkl
2026-02-17 16:13:04,228 - steps.encdec - INFO - Epoch 149/1000
2026-02-17 16:14:01,909 - steps.encdec - INFO - No improve (1/80)
2026-02-17 16:14:01,909 - steps.encdec - INFO - Epoch 150/1000
2026-02-17 16:14:59,312 - steps.encdec - INFO - New best val_score=0.075009 | saved ckpt -> cvae_model_enhanced.pkl
2026-02-17 16:14:59,312 - steps.encdec - INFO - Epoch 151/1000
2026-02-17 16:15:57,071 - steps.encdec - INFO - New best val_score=0.073037 | saved ckpt -> cvae_model_enhanced.pkl
2026-02-17 16:15:57,071 - steps.encdec - INFO - Epoch 152/1000
2026-02-17 16:16:54,887 - steps.encdec - INFO - No improve (1/80)
2026-02-17 16:16:54,888 - steps.encdec - INFO - Epoch 153/1000
2026-02-17 16:17:52,567 - steps.encdec - INFO - New best val_score=0.069276 | saved ckpt -> cvae_model_enhanced.pkl
2026-02-17 16:17:52,567 - steps.encdec - INFO - Epoch 154/1000
2026-02-17 16:18:49,869 - steps.encdec - INFO - No improve (1/80)
2026-02-17 16:18:49,869 - steps.encdec - INFO - Epoch 155/1000
2026-02-17 16:19:47,343 - steps.encdec - INFO - New best val_score=0.069009 | saved ckpt -> cvae_model_enhanced.pkl
2026-02-17 16:19:47,343 - steps.encdec - INFO - Epoch 156/1000
2026-02-17 16:20:45,368 - steps.encdec - INFO - New best val_score=0.066703 | saved ckpt -> cvae_model_enhanced.pkl
2026-02-17 16:20:45,369 - steps.encdec - INFO - Epoch 157/1000
2026-02-17 16:21:43,210 - steps.encdec - INFO - No improve (1/80)
2026-02-17 16:21:43,210 - steps.encdec - INFO - Epoch 158/1000
2026-02-17 16:22:40,995 - steps.encdec - INFO - No improve (2/80)
2026-02-17 16:22:40,995 - steps.encdec - INFO - Epoch 159/1000
2026-02-17 16:23:38,543 - steps.encdec - INFO - New best val_score=0.063483 | saved ckpt -> cvae_model_enhanced.pkl
2026-02-17 16:23:38,543 - steps.encdec - INFO - Epoch 160/1000
2026-02-17 16:24:36,107 - steps.encdec - INFO - New best val_score=0.061100 | saved ckpt -> cvae_model_enhanced.pkl
2026-02-17 16:24:36,107 - steps.encdec - INFO - Epoch 161/1000
2026-02-17 16:25:34,223 - steps.encdec - INFO - No improve (1/80)
2026-02-17 16:25:34,223 - steps.encdec - INFO - Epoch 162/1000
2026-02-17 16:26:31,709 - steps.encdec - INFO - No improve (2/80)
2026-02-17 16:26:31,710 - steps.encdec - INFO - Epoch 163/1000
2026-02-17 16:27:28,991 - steps.encdec - INFO - No improve (3/80)
2026-02-17 16:27:28,991 - steps.encdec - INFO - Epoch 164/1000
2026-02-17 16:28:26,409 - steps.encdec - INFO - New best val_score=0.059517 | saved ckpt -> cvae_model_enhanced.pkl
2026-02-17 16:28:26,409 - steps.encdec - INFO - Epoch 165/1000
2026-02-17 16:29:23,739 - steps.encdec - INFO - New best val_score=0.057198 | saved ckpt -> cvae_model_enhanced.pkl
2026-02-17 16:29:23,739 - steps.encdec - INFO - Epoch 166/1000
2026-02-17 16:30:21,926 - steps.encdec - INFO - New best val_score=0.055647 | saved ckpt -> cvae_model_enhanced.pkl
2026-02-17 16:30:21,927 - steps.encdec - INFO - Epoch 167/1000
2026-02-17 16:31:19,425 - steps.encdec - INFO - No improve (1/80)
2026-02-17 16:31:19,425 - steps.encdec - INFO - Epoch 168/1000
2026-02-17 16:32:17,240 - steps.encdec - INFO - No improve (2/80)
2026-02-17 16:32:17,240 - steps.encdec - INFO - Epoch 169/1000
2026-02-17 16:33:14,917 - steps.encdec - INFO - No improve (3/80)
2026-02-17 16:33:14,917 - steps.encdec - INFO - Epoch 170/1000
2026-02-17 16:34:12,599 - steps.encdec - INFO - No improve (4/80)
2026-02-17 16:34:12,599 - steps.encdec - INFO - Epoch 171/1000
2026-02-17 16:35:10,803 - steps.encdec - INFO - No improve (5/80)
2026-02-17 16:35:10,803 - steps.encdec - INFO - Epoch 172/1000
2026-02-17 16:36:08,360 - steps.encdec - INFO - No improve (6/80)
2026-02-17 16:36:08,360 - steps.encdec - INFO - Epoch 173/1000
2026-02-17 16:37:05,934 - steps.encdec - INFO - No improve (7/80)
2026-02-17 16:37:05,934 - steps.encdec - INFO - Epoch 174/1000
2026-02-17 16:38:03,665 - steps.encdec - INFO - New best val_score=0.051645 | saved ckpt -> cvae_model_enhanced.pkl
2026-02-17 16:38:03,665 - steps.encdec - INFO - Epoch 175/1000
2026-02-17 16:39:01,352 - steps.encdec - INFO - No improve (1/80)
2026-02-17 16:39:01,352 - steps.encdec - INFO - Epoch 176/1000
2026-02-17 16:39:59,635 - steps.encdec - INFO - New best val_score=0.049565 | saved ckpt -> cvae_model_enhanced.pkl
2026-02-17 16:39:59,635 - steps.encdec - INFO - Epoch 177/1000
2026-02-17 16:40:57,257 - steps.encdec - INFO - No improve (1/80)
2026-02-17 16:40:57,257 - steps.encdec - INFO - Epoch 178/1000
2026-02-17 16:41:54,762 - steps.encdec - INFO - No improve (2/80)
2026-02-17 16:41:54,762 - steps.encdec - INFO - Epoch 179/1000
2026-02-17 16:42:52,208 - steps.encdec - INFO - New best val_score=0.047883 | saved ckpt -> cvae_model_enhanced.pkl
2026-02-17 16:42:52,208 - steps.encdec - INFO - Epoch 180/1000
2026-02-17 16:43:49,635 - steps.encdec - INFO - No improve (1/80)
2026-02-17 16:43:49,635 - steps.encdec - INFO - Epoch 181/1000
2026-02-17 16:44:47,862 - steps.encdec - INFO - No improve (2/80)
2026-02-17 16:44:47,862 - steps.encdec - INFO - Epoch 182/1000
2026-02-17 16:45:45,312 - steps.encdec - INFO - No improve (3/80)
2026-02-17 16:45:45,312 - steps.encdec - INFO - Epoch 183/1000
2026-02-17 16:46:42,606 - steps.encdec - INFO - New best val_score=0.046575 | saved ckpt -> cvae_model_enhanced.pkl
2026-02-17 16:46:42,606 - steps.encdec - INFO - Epoch 184/1000
2026-02-17 16:47:39,895 - steps.encdec - INFO - No improve (1/80)
2026-02-17 16:47:39,896 - steps.encdec - INFO - Epoch 185/1000
2026-02-17 16:48:37,178 - steps.encdec - INFO - New best val_score=0.045830 | saved ckpt -> cvae_model_enhanced.pkl
2026-02-17 16:48:37,179 - steps.encdec - INFO - Epoch 186/1000
2026-02-17 16:49:35,108 - steps.encdec - INFO - No improve (1/80)
2026-02-17 16:49:35,108 - steps.encdec - INFO - Epoch 187/1000
2026-02-17 16:50:32,407 - steps.encdec - INFO - New best val_score=0.042286 | saved ckpt -> cvae_model_enhanced.pkl
2026-02-17 16:50:32,407 - steps.encdec - INFO - Epoch 188/1000
2026-02-17 16:51:29,744 - steps.encdec - INFO - No improve (1/80)
2026-02-17 16:51:29,744 - steps.encdec - INFO - Epoch 189/1000
2026-02-17 16:52:27,018 - steps.encdec - INFO - No improve (2/80)
2026-02-17 16:52:27,018 - steps.encdec - INFO - Epoch 190/1000
2026-02-17 16:53:24,238 - steps.encdec - INFO - No improve (3/80)
2026-02-17 16:53:24,238 - steps.encdec - INFO - Epoch 191/1000
2026-02-17 16:54:22,123 - steps.encdec - INFO - No improve (4/80)
2026-02-17 16:54:22,123 - steps.encdec - INFO - Epoch 192/1000
2026-02-17 16:55:19,666 - steps.encdec - INFO - No improve (5/80)
2026-02-17 16:55:19,666 - steps.encdec - INFO - Epoch 193/1000
2026-02-17 16:56:17,154 - steps.encdec - INFO - No improve (6/80)
2026-02-17 16:56:17,154 - steps.encdec - INFO - Epoch 194/1000
2026-02-17 16:57:14,486 - steps.encdec - INFO - No improve (7/80)
2026-02-17 16:57:14,486 - steps.encdec - INFO - Epoch 195/1000
2026-02-17 16:58:11,809 - steps.encdec - INFO - No improve (8/80)
2026-02-17 16:58:11,809 - steps.encdec - INFO - Epoch 196/1000
2026-02-17 16:59:09,797 - steps.encdec - INFO - No improve (9/80)
2026-02-17 16:59:09,797 - steps.encdec - INFO - Epoch 197/1000
2026-02-17 17:00:07,388 - steps.encdec - INFO - No improve (10/80)
2026-02-17 17:00:07,388 - steps.encdec - INFO - Epoch 198/1000
2026-02-17 17:01:04,750 - steps.encdec - INFO - No improve (11/80)
2026-02-17 17:01:04,750 - steps.encdec - INFO - Epoch 199/1000
2026-02-17 17:02:02,203 - steps.encdec - INFO - No improve (12/80)
2026-02-17 17:02:02,204 - steps.encdec - INFO - Epoch 200/1000
2026-02-17 17:02:59,776 - steps.encdec - INFO - No improve (13/80)
2026-02-17 17:02:59,776 - steps.encdec - INFO - Epoch 201/1000
2026-02-17 17:03:57,591 - steps.encdec - INFO - No improve (14/80)
2026-02-17 17:03:57,591 - steps.encdec - INFO - Epoch 202/1000
2026-02-17 17:04:55,007 - steps.encdec - INFO - New best val_score=0.040607 | saved ckpt -> cvae_model_enhanced.pkl
2026-02-17 17:04:55,007 - steps.encdec - INFO - Epoch 203/1000
2026-02-17 17:05:52,688 - steps.encdec - INFO - No improve (1/80)
2026-02-17 17:05:52,688 - steps.encdec - INFO - Epoch 204/1000
2026-02-17 17:06:50,569 - steps.encdec - INFO - No improve (2/80)
2026-02-17 17:06:50,569 - steps.encdec - INFO - Epoch 205/1000
2026-02-17 17:07:48,142 - steps.encdec - INFO - No improve (3/80)
2026-02-17 17:07:48,142 - steps.encdec - INFO - Epoch 206/1000
2026-02-17 17:08:46,107 - steps.encdec - INFO - No improve (4/80)
2026-02-17 17:08:46,108 - steps.encdec - INFO - Epoch 207/1000
2026-02-17 17:09:43,548 - steps.encdec - INFO - No improve (5/80)
2026-02-17 17:09:43,548 - steps.encdec - INFO - Epoch 208/1000
2026-02-17 17:10:40,972 - steps.encdec - INFO - New best val_score=0.039335 | saved ckpt -> cvae_model_enhanced.pkl
2026-02-17 17:10:40,972 - steps.encdec - INFO - Epoch 209/1000
2026-02-17 17:11:38,359 - steps.encdec - INFO - No improve (1/80)
2026-02-17 17:11:38,359 - steps.encdec - INFO - Epoch 210/1000
2026-02-17 17:12:35,768 - steps.encdec - INFO - No improve (2/80)
2026-02-17 17:12:35,768 - steps.encdec - INFO - Epoch 211/1000
2026-02-17 17:13:33,825 - steps.encdec - INFO - New best val_score=0.038722 | saved ckpt -> cvae_model_enhanced.pkl
2026-02-17 17:13:33,825 - steps.encdec - INFO - Epoch 212/1000
2026-02-17 17:14:31,399 - steps.encdec - INFO - No improve (1/80)
2026-02-17 17:14:31,399 - steps.encdec - INFO - Epoch 213/1000
2026-02-17 17:15:29,007 - steps.encdec - INFO - No improve (2/80)
2026-02-17 17:15:29,007 - steps.encdec - INFO - Epoch 214/1000
2026-02-17 17:16:26,441 - steps.encdec - INFO - No improve (3/80)
2026-02-17 17:16:26,441 - steps.encdec - INFO - Epoch 215/1000
2026-02-17 17:17:23,904 - steps.encdec - INFO - No improve (4/80)
2026-02-17 17:17:23,904 - steps.encdec - INFO - Epoch 216/1000
2026-02-17 17:18:21,903 - steps.encdec - INFO - New best val_score=0.037196 | saved ckpt -> cvae_model_enhanced.pkl
2026-02-17 17:18:21,904 - steps.encdec - INFO - Epoch 217/1000
2026-02-17 17:19:19,124 - steps.encdec - INFO - No improve (1/80)
2026-02-17 17:19:19,124 - steps.encdec - INFO - Epoch 218/1000
2026-02-17 17:20:16,837 - steps.encdec - INFO - No improve (2/80)
2026-02-17 17:20:16,837 - steps.encdec - INFO - Epoch 219/1000
2026-02-17 17:21:14,488 - steps.encdec - INFO - No improve (3/80)
2026-02-17 17:21:14,488 - steps.encdec - INFO - Epoch 220/1000
2026-02-17 17:22:11,941 - steps.encdec - INFO - No improve (4/80)
2026-02-17 17:22:11,941 - steps.encdec - INFO - Epoch 221/1000
2026-02-17 17:23:09,761 - steps.encdec - INFO - No improve (5/80)
2026-02-17 17:23:09,761 - steps.encdec - INFO - Epoch 222/1000
2026-02-17 17:24:07,404 - steps.encdec - INFO - No improve (6/80)
2026-02-17 17:24:07,404 - steps.encdec - INFO - Epoch 223/1000
2026-02-17 17:25:05,015 - steps.encdec - INFO - No improve (7/80)
2026-02-17 17:25:05,015 - steps.encdec - INFO - Epoch 224/1000
2026-02-17 17:26:02,729 - steps.encdec - INFO - No improve (8/80)
2026-02-17 17:26:02,729 - steps.encdec - INFO - Epoch 225/1000
2026-02-17 17:27:00,539 - steps.encdec - INFO - No improve (9/80)
2026-02-17 17:27:00,540 - steps.encdec - INFO - Epoch 226/1000
2026-02-17 17:27:58,817 - steps.encdec - INFO - No improve (10/80)
2026-02-17 17:27:58,817 - steps.encdec - INFO - Epoch 227/1000
2026-02-17 17:28:56,516 - steps.encdec - INFO - New best val_score=0.035842 | saved ckpt -> cvae_model_enhanced.pkl
2026-02-17 17:28:56,516 - steps.encdec - INFO - Epoch 228/1000
2026-02-17 17:29:54,137 - steps.encdec - INFO - No improve (1/80)
2026-02-17 17:29:54,137 - steps.encdec - INFO - Epoch 229/1000
2026-02-17 17:30:51,920 - steps.encdec - INFO - No improve (2/80)
2026-02-17 17:30:51,920 - steps.encdec - INFO - Epoch 230/1000
2026-02-17 17:31:49,490 - steps.encdec - INFO - No improve (3/80)
2026-02-17 17:31:49,490 - steps.encdec - INFO - Epoch 231/1000
2026-02-17 17:32:47,709 - steps.encdec - INFO - No improve (4/80)
2026-02-17 17:32:47,709 - steps.encdec - INFO - Epoch 232/1000
2026-02-17 17:33:45,312 - steps.encdec - INFO - No improve (5/80)
2026-02-17 17:33:45,312 - steps.encdec - INFO - Epoch 233/1000
2026-02-17 17:34:42,926 - steps.encdec - INFO - No improve (6/80)
2026-02-17 17:34:42,927 - steps.encdec - INFO - Epoch 234/1000
2026-02-17 17:35:40,418 - steps.encdec - INFO - No improve (7/80)
2026-02-17 17:35:40,418 - steps.encdec - INFO - Epoch 235/1000
2026-02-17 17:36:37,910 - steps.encdec - INFO - No improve (8/80)
2026-02-17 17:36:37,910 - steps.encdec - INFO - Epoch 236/1000
2026-02-17 17:37:36,048 - steps.encdec - INFO - New best val_score=0.035688 | saved ckpt -> cvae_model_enhanced.pkl
2026-02-17 17:37:36,048 - steps.encdec - INFO - Epoch 237/1000
2026-02-17 17:38:33,702 - steps.encdec - INFO - New best val_score=0.035665 | saved ckpt -> cvae_model_enhanced.pkl
2026-02-17 17:38:33,702 - steps.encdec - INFO - Epoch 238/1000
2026-02-17 17:39:31,370 - steps.encdec - INFO - New best val_score=0.035497 | saved ckpt -> cvae_model_enhanced.pkl
2026-02-17 17:39:31,370 - steps.encdec - INFO - Epoch 239/1000
2026-02-17 17:40:28,933 - steps.encdec - INFO - No improve (1/80)
2026-02-17 17:40:28,933 - steps.encdec - INFO - Epoch 240/1000
2026-02-17 17:41:26,458 - steps.encdec - INFO - New best val_score=0.035027 | saved ckpt -> cvae_model_enhanced.pkl
2026-02-17 17:41:26,458 - steps.encdec - INFO - Epoch 241/1000
2026-02-17 17:42:24,525 - steps.encdec - INFO - No improve (1/80)
2026-02-17 17:42:24,525 - steps.encdec - INFO - Epoch 242/1000
2026-02-17 17:43:22,021 - steps.encdec - INFO - New best val_score=0.034499 | saved ckpt -> cvae_model_enhanced.pkl
2026-02-17 17:43:22,021 - steps.encdec - INFO - Epoch 243/1000
2026-02-17 17:44:19,601 - steps.encdec - INFO - New best val_score=0.034229 | saved ckpt -> cvae_model_enhanced.pkl
2026-02-17 17:44:19,601 - steps.encdec - INFO - Epoch 244/1000
2026-02-17 17:45:17,364 - steps.encdec - INFO - No improve (1/80)
2026-02-17 17:45:17,364 - steps.encdec - INFO - Epoch 245/1000
2026-02-17 17:46:15,438 - steps.encdec - INFO - No improve (2/80)
2026-02-17 17:46:15,438 - steps.encdec - INFO - Epoch 246/1000
2026-02-17 17:47:13,454 - steps.encdec - INFO - No improve (3/80)
2026-02-17 17:47:13,454 - steps.encdec - INFO - Epoch 247/1000
2026-02-17 17:48:11,219 - steps.encdec - INFO - New best val_score=0.032657 | saved ckpt -> cvae_model_enhanced.pkl
2026-02-17 17:48:11,219 - steps.encdec - INFO - Epoch 248/1000
2026-02-17 17:49:08,910 - steps.encdec - INFO - No improve (1/80)
2026-02-17 17:49:08,910 - steps.encdec - INFO - Epoch 249/1000
2026-02-17 17:50:06,807 - steps.encdec - INFO - No improve (2/80)
2026-02-17 17:50:06,807 - steps.encdec - INFO - Epoch 250/1000
2026-02-17 17:51:04,087 - steps.encdec - INFO - No improve (3/80)
2026-02-17 17:51:04,087 - steps.encdec - INFO - Epoch 251/1000
2026-02-17 17:52:01,998 - steps.encdec - INFO - New best val_score=0.032057 | saved ckpt -> cvae_model_enhanced.pkl
2026-02-17 17:52:01,998 - steps.encdec - INFO - Epoch 252/1000
2026-02-17 17:52:59,522 - steps.encdec - INFO - No improve (1/80)
2026-02-17 17:52:59,522 - steps.encdec - INFO - Epoch 253/1000
2026-02-17 17:53:57,084 - steps.encdec - INFO - No improve (2/80)
2026-02-17 17:53:57,084 - steps.encdec - INFO - Epoch 254/1000
2026-02-17 17:54:54,631 - steps.encdec - INFO - No improve (3/80)
2026-02-17 17:54:54,631 - steps.encdec - INFO - Epoch 255/1000
2026-02-17 17:55:52,339 - steps.encdec - INFO - New best val_score=0.031665 | saved ckpt -> cvae_model_enhanced.pkl
2026-02-17 17:55:52,339 - steps.encdec - INFO - Epoch 256/1000
2026-02-17 17:56:50,575 - steps.encdec - INFO - No improve (1/80)
2026-02-17 17:56:50,575 - steps.encdec - INFO - Epoch 257/1000
2026-02-17 17:57:48,125 - steps.encdec - INFO - No improve (2/80)
2026-02-17 17:57:48,125 - steps.encdec - INFO - Epoch 258/1000
2026-02-17 17:58:45,744 - steps.encdec - INFO - No improve (3/80)
2026-02-17 17:58:45,744 - steps.encdec - INFO - Epoch 259/1000
2026-02-17 17:59:43,275 - steps.encdec - INFO - New best val_score=0.031661 | saved ckpt -> cvae_model_enhanced.pkl
2026-02-17 17:59:43,275 - steps.encdec - INFO - Epoch 260/1000
2026-02-17 18:00:40,586 - steps.encdec - INFO - No improve (1/80)
2026-02-17 18:00:40,586 - steps.encdec - INFO - Epoch 261/1000
2026-02-17 18:01:38,332 - steps.encdec - INFO - New best val_score=0.031324 | saved ckpt -> cvae_model_enhanced.pkl
2026-02-17 18:01:38,333 - steps.encdec - INFO - Epoch 262/1000
2026-02-17 18:02:35,522 - steps.encdec - INFO - No improve (1/80)
2026-02-17 18:02:35,523 - steps.encdec - INFO - Epoch 263/1000
2026-02-17 18:03:32,734 - steps.encdec - INFO - No improve (2/80)
2026-02-17 18:03:32,734 - steps.encdec - INFO - Epoch 264/1000
2026-02-17 18:04:29,995 - steps.encdec - INFO - No improve (3/80)
2026-02-17 18:04:29,995 - steps.encdec - INFO - Epoch 265/1000
2026-02-17 18:05:27,316 - steps.encdec - INFO - No improve (4/80)
2026-02-17 18:05:27,316 - steps.encdec - INFO - Epoch 266/1000
2026-02-17 18:06:25,349 - steps.encdec - INFO - No improve (5/80)
2026-02-17 18:06:25,349 - steps.encdec - INFO - Epoch 267/1000
2026-02-17 18:07:22,833 - steps.encdec - INFO - New best val_score=0.030756 | saved ckpt -> cvae_model_enhanced.pkl
2026-02-17 18:07:22,833 - steps.encdec - INFO - Epoch 268/1000
2026-02-17 18:08:20,361 - steps.encdec - INFO - New best val_score=0.030422 | saved ckpt -> cvae_model_enhanced.pkl
2026-02-17 18:08:20,361 - steps.encdec - INFO - Epoch 269/1000
2026-02-17 18:09:17,706 - steps.encdec - INFO - No improve (1/80)
2026-02-17 18:09:17,706 - steps.encdec - INFO - Epoch 270/1000
2026-02-17 18:10:15,016 - steps.encdec - INFO - No improve (2/80)
2026-02-17 18:10:15,016 - steps.encdec - INFO - Epoch 271/1000
2026-02-17 18:11:13,154 - steps.encdec - INFO - New best val_score=0.030144 | saved ckpt -> cvae_model_enhanced.pkl
2026-02-17 18:11:13,154 - steps.encdec - INFO - Epoch 272/1000
2026-02-17 18:12:10,638 - steps.encdec - INFO - No improve (1/80)
2026-02-17 18:12:10,639 - steps.encdec - INFO - Epoch 273/1000
2026-02-17 18:13:08,049 - steps.encdec - INFO - No improve (2/80)
2026-02-17 18:13:08,049 - steps.encdec - INFO - Epoch 274/1000
2026-02-17 18:14:05,529 - steps.encdec - INFO - No improve (3/80)
2026-02-17 18:14:05,529 - steps.encdec - INFO - Epoch 275/1000
2026-02-17 18:15:03,107 - steps.encdec - INFO - New best val_score=0.029941 | saved ckpt -> cvae_model_enhanced.pkl
2026-02-17 18:15:03,107 - steps.encdec - INFO - Epoch 276/1000
2026-02-17 18:16:00,878 - steps.encdec - INFO - No improve (1/80)
2026-02-17 18:16:00,878 - steps.encdec - INFO - Epoch 277/1000
2026-02-17 18:16:58,181 - steps.encdec - INFO - No improve (2/80)
2026-02-17 18:16:58,181 - steps.encdec - INFO - Epoch 278/1000
2026-02-17 18:17:55,709 - steps.encdec - INFO - New best val_score=0.029900 | saved ckpt -> cvae_model_enhanced.pkl
2026-02-17 18:17:55,709 - steps.encdec - INFO - Epoch 279/1000
2026-02-17 18:18:53,325 - steps.encdec - INFO - New best val_score=0.029624 | saved ckpt -> cvae_model_enhanced.pkl
2026-02-17 18:18:53,326 - steps.encdec - INFO - Epoch 280/1000
2026-02-17 18:19:51,088 - steps.encdec - INFO - No improve (1/80)
2026-02-17 18:19:51,088 - steps.encdec - INFO - Epoch 281/1000
2026-02-17 18:20:49,397 - steps.encdec - INFO - New best val_score=0.029612 | saved ckpt -> cvae_model_enhanced.pkl
2026-02-17 18:20:49,397 - steps.encdec - INFO - Epoch 282/1000
2026-02-17 18:21:47,143 - steps.encdec - INFO - New best val_score=0.029465 | saved ckpt -> cvae_model_enhanced.pkl
2026-02-17 18:21:47,144 - steps.encdec - INFO - Epoch 283/1000
2026-02-17 18:22:44,625 - steps.encdec - INFO - New best val_score=0.028796 | saved ckpt -> cvae_model_enhanced.pkl
2026-02-17 18:22:44,625 - steps.encdec - INFO - Epoch 284/1000
2026-02-17 18:23:42,348 - steps.encdec - INFO - No improve (1/80)
2026-02-17 18:23:42,348 - steps.encdec - INFO - Epoch 285/1000
2026-02-17 18:24:39,851 - steps.encdec - INFO - No improve (2/80)
2026-02-17 18:24:39,851 - steps.encdec - INFO - Epoch 286/1000
2026-02-17 18:25:38,043 - steps.encdec - INFO - No improve (3/80)
2026-02-17 18:25:38,044 - steps.encdec - INFO - Epoch 287/1000
2026-02-17 18:26:35,774 - steps.encdec - INFO - New best val_score=0.028552 | saved ckpt -> cvae_model_enhanced.pkl
2026-02-17 18:26:35,774 - steps.encdec - INFO - Epoch 288/1000
2026-02-17 18:27:33,484 - steps.encdec - INFO - No improve (1/80)
2026-02-17 18:27:33,484 - steps.encdec - INFO - Epoch 289/1000
2026-02-17 18:28:31,006 - steps.encdec - INFO - New best val_score=0.028539 | saved ckpt -> cvae_model_enhanced.pkl
2026-02-17 18:28:31,006 - steps.encdec - INFO - Epoch 290/1000
2026-02-17 18:29:28,384 - steps.encdec - INFO - No improve (1/80)
2026-02-17 18:29:28,385 - steps.encdec - INFO - Epoch 291/1000
2026-02-17 18:30:26,203 - steps.encdec - INFO - No improve (2/80)
2026-02-17 18:30:26,203 - steps.encdec - INFO - Epoch 292/1000
2026-02-17 18:31:23,921 - steps.encdec - INFO - New best val_score=0.028360 | saved ckpt -> cvae_model_enhanced.pkl
2026-02-17 18:31:23,921 - steps.encdec - INFO - Epoch 293/1000
2026-02-17 18:32:21,400 - steps.encdec - INFO - New best val_score=0.028216 | saved ckpt -> cvae_model_enhanced.pkl
2026-02-17 18:32:21,400 - steps.encdec - INFO - Epoch 294/1000
2026-02-17 18:33:19,020 - steps.encdec - INFO - No improve (1/80)
2026-02-17 18:33:19,020 - steps.encdec - INFO - Epoch 295/1000
2026-02-17 18:34:16,723 - steps.encdec - INFO - No improve (2/80)
2026-02-17 18:34:16,723 - steps.encdec - INFO - Epoch 296/1000
2026-02-17 18:35:14,762 - steps.encdec - INFO - No improve (3/80)
2026-02-17 18:35:14,762 - steps.encdec - INFO - Epoch 297/1000
2026-02-17 18:36:11,947 - steps.encdec - INFO - No improve (4/80)
2026-02-17 18:36:11,947 - steps.encdec - INFO - Epoch 298/1000
2026-02-17 18:37:09,219 - steps.encdec - INFO - New best val_score=0.027795 | saved ckpt -> cvae_model_enhanced.pkl
2026-02-17 18:37:09,219 - steps.encdec - INFO - Epoch 299/1000
2026-02-17 18:38:06,999 - steps.encdec - INFO - No improve (1/80)
2026-02-17 18:38:06,999 - steps.encdec - INFO - Epoch 300/1000
2026-02-17 18:39:04,588 - steps.encdec - INFO - No improve (2/80)
2026-02-17 18:39:04,589 - steps.encdec - INFO - Epoch 301/1000
2026-02-17 18:40:02,633 - steps.encdec - INFO - New best val_score=0.027342 | saved ckpt -> cvae_model_enhanced.pkl
2026-02-17 18:40:02,634 - steps.encdec - INFO - Epoch 302/1000
2026-02-17 18:41:00,072 - steps.encdec - INFO - No improve (1/80)
2026-02-17 18:41:00,072 - steps.encdec - INFO - Epoch 303/1000
2026-02-17 18:41:57,561 - steps.encdec - INFO - No improve (2/80)
2026-02-17 18:41:57,561 - steps.encdec - INFO - Epoch 304/1000
2026-02-17 18:42:55,121 - steps.encdec - INFO - No improve (3/80)
2026-02-17 18:42:55,121 - steps.encdec - INFO - Epoch 305/1000
2026-02-17 18:43:52,739 - steps.encdec - INFO - New best val_score=0.027198 | saved ckpt -> cvae_model_enhanced.pkl
2026-02-17 18:43:52,740 - steps.encdec - INFO - Epoch 306/1000
2026-02-17 18:44:50,934 - steps.encdec - INFO - No improve (1/80)
2026-02-17 18:44:50,934 - steps.encdec - INFO - Epoch 307/1000
2026-02-17 18:45:48,448 - steps.encdec - INFO - No improve (2/80)
2026-02-17 18:45:48,449 - steps.encdec - INFO - Epoch 308/1000
2026-02-17 18:46:45,989 - steps.encdec - INFO - No improve (3/80)
2026-02-17 18:46:45,989 - steps.encdec - INFO - Epoch 309/1000
2026-02-17 18:47:43,498 - steps.encdec - INFO - No improve (4/80)
2026-02-17 18:47:43,498 - steps.encdec - INFO - Epoch 310/1000
2026-02-17 18:48:41,095 - steps.encdec - INFO - New best val_score=0.026951 | saved ckpt -> cvae_model_enhanced.pkl
2026-02-17 18:48:41,095 - steps.encdec - INFO - Epoch 311/1000
2026-02-17 18:49:39,320 - steps.encdec - INFO - No improve (1/80)
2026-02-17 18:49:39,321 - steps.encdec - INFO - Epoch 312/1000
2026-02-17 18:50:36,836 - steps.encdec - INFO - New best val_score=0.026687 | saved ckpt -> cvae_model_enhanced.pkl
2026-02-17 18:50:36,836 - steps.encdec - INFO - Epoch 313/1000
2026-02-17 18:51:34,331 - steps.encdec - INFO - No improve (1/80)
2026-02-17 18:51:34,331 - steps.encdec - INFO - Epoch 314/1000
2026-02-17 18:52:31,994 - steps.encdec - INFO - New best val_score=0.026457 | saved ckpt -> cvae_model_enhanced.pkl
2026-02-17 18:52:31,994 - steps.encdec - INFO - Epoch 315/1000
2026-02-17 18:53:29,609 - steps.encdec - INFO - No improve (1/80)
2026-02-17 18:53:29,609 - steps.encdec - INFO - Epoch 316/1000
2026-02-17 18:54:27,724 - steps.encdec - INFO - New best val_score=0.026230 | saved ckpt -> cvae_model_enhanced.pkl
2026-02-17 18:54:27,724 - steps.encdec - INFO - Epoch 317/1000
2026-02-17 18:55:25,309 - steps.encdec - INFO - No improve (1/80)
2026-02-17 18:55:25,309 - steps.encdec - INFO - Epoch 318/1000
2026-02-17 18:56:22,729 - steps.encdec - INFO - No improve (2/80)
2026-02-17 18:56:22,729 - steps.encdec - INFO - Epoch 319/1000
2026-02-17 18:57:20,378 - steps.encdec - INFO - New best val_score=0.025719 | saved ckpt -> cvae_model_enhanced.pkl
2026-02-17 18:57:20,379 - steps.encdec - INFO - Epoch 320/1000
2026-02-17 18:58:18,134 - steps.encdec - INFO - No improve (1/80)
2026-02-17 18:58:18,134 - steps.encdec - INFO - Epoch 321/1000
2026-02-17 18:59:16,315 - steps.encdec - INFO - No improve (2/80)
2026-02-17 18:59:16,315 - steps.encdec - INFO - Epoch 322/1000
2026-02-17 19:00:13,935 - steps.encdec - INFO - No improve (3/80)
2026-02-17 19:00:13,935 - steps.encdec - INFO - Epoch 323/1000
2026-02-17 19:01:11,584 - steps.encdec - INFO - No improve (4/80)
2026-02-17 19:01:11,585 - steps.encdec - INFO - Epoch 324/1000
2026-02-17 19:02:09,152 - steps.encdec - INFO - No improve (5/80)
2026-02-17 19:02:09,153 - steps.encdec - INFO - Epoch 325/1000
2026-02-17 19:03:06,526 - steps.encdec - INFO - New best val_score=0.025404 | saved ckpt -> cvae_model_enhanced.pkl
2026-02-17 19:03:06,526 - steps.encdec - INFO - Epoch 326/1000
2026-02-17 19:04:04,415 - steps.encdec - INFO - No improve (1/80)
2026-02-17 19:04:04,415 - steps.encdec - INFO - Epoch 327/1000
2026-02-17 19:05:02,000 - steps.encdec - INFO - No improve (2/80)
2026-02-17 19:05:02,000 - steps.encdec - INFO - Epoch 328/1000
2026-02-17 19:05:59,940 - steps.encdec - INFO - No improve (3/80)
2026-02-17 19:05:59,940 - steps.encdec - INFO - Epoch 329/1000
2026-02-17 19:06:57,691 - steps.encdec - INFO - New best val_score=0.025399 | saved ckpt -> cvae_model_enhanced.pkl
2026-02-17 19:06:57,691 - steps.encdec - INFO - Epoch 330/1000
2026-02-17 19:07:55,246 - steps.encdec - INFO - No improve (1/80)
2026-02-17 19:07:55,246 - steps.encdec - INFO - Epoch 331/1000
2026-02-17 19:08:53,548 - steps.encdec - INFO - New best val_score=0.025322 | saved ckpt -> cvae_model_enhanced.pkl
2026-02-17 19:08:53,548 - steps.encdec - INFO - Epoch 332/1000
2026-02-17 19:09:50,969 - steps.encdec - INFO - No improve (1/80)
2026-02-17 19:09:50,970 - steps.encdec - INFO - Epoch 333/1000
2026-02-17 19:10:48,419 - steps.encdec - INFO - No improve (2/80)
2026-02-17 19:10:48,419 - steps.encdec - INFO - Epoch 334/1000
2026-02-17 19:11:45,680 - steps.encdec - INFO - No improve (3/80)
2026-02-17 19:11:45,680 - steps.encdec - INFO - Epoch 335/1000
2026-02-17 19:12:43,141 - steps.encdec - INFO - New best val_score=0.025314 | saved ckpt -> cvae_model_enhanced.pkl
2026-02-17 19:12:43,141 - steps.encdec - INFO - Epoch 336/1000
2026-02-17 19:13:41,227 - steps.encdec - INFO - New best val_score=0.025093 | saved ckpt -> cvae_model_enhanced.pkl
2026-02-17 19:13:41,228 - steps.encdec - INFO - Epoch 337/1000
2026-02-17 19:14:39,067 - steps.encdec - INFO - No improve (1/80)
2026-02-17 19:14:39,067 - steps.encdec - INFO - Epoch 338/1000
2026-02-17 19:15:36,886 - steps.encdec - INFO - No improve (2/80)
2026-02-17 19:15:36,886 - steps.encdec - INFO - Epoch 339/1000
2026-02-17 19:16:34,706 - steps.encdec - INFO - New best val_score=0.024635 | saved ckpt -> cvae_model_enhanced.pkl
2026-02-17 19:16:34,706 - steps.encdec - INFO - Epoch 340/1000
2026-02-17 19:17:32,290 - steps.encdec - INFO - No improve (1/80)
2026-02-17 19:17:32,290 - steps.encdec - INFO - Epoch 341/1000
2026-02-17 19:18:30,280 - steps.encdec - INFO - No improve (2/80)
2026-02-17 19:18:30,280 - steps.encdec - INFO - Epoch 342/1000
2026-02-17 19:19:27,823 - steps.encdec - INFO - No improve (3/80)
2026-02-17 19:19:27,824 - steps.encdec - INFO - Epoch 343/1000
2026-02-17 19:20:25,538 - steps.encdec - INFO - No improve (4/80)
2026-02-17 19:20:25,538 - steps.encdec - INFO - Epoch 344/1000
2026-02-17 19:21:23,412 - steps.encdec - INFO - New best val_score=0.024599 | saved ckpt -> cvae_model_enhanced.pkl
2026-02-17 19:21:23,412 - steps.encdec - INFO - Epoch 345/1000
2026-02-17 19:22:21,274 - steps.encdec - INFO - No improve (1/80)
2026-02-17 19:22:21,274 - steps.encdec - INFO - Epoch 346/1000
2026-02-17 19:23:19,509 - steps.encdec - INFO - No improve (2/80)
2026-02-17 19:23:19,509 - steps.encdec - INFO - Epoch 347/1000
2026-02-17 19:24:16,871 - steps.encdec - INFO - No improve (3/80)
2026-02-17 19:24:16,871 - steps.encdec - INFO - Epoch 348/1000
2026-02-17 19:25:14,087 - steps.encdec - INFO - No improve (4/80)
2026-02-17 19:25:14,087 - steps.encdec - INFO - Epoch 349/1000
2026-02-17 19:26:11,406 - steps.encdec - INFO - New best val_score=0.024103 | saved ckpt -> cvae_model_enhanced.pkl
2026-02-17 19:26:11,406 - steps.encdec - INFO - Epoch 350/1000
2026-02-17 19:27:08,927 - steps.encdec - INFO - No improve (1/80)
2026-02-17 19:27:08,927 - steps.encdec - INFO - Epoch 351/1000
2026-02-17 19:28:07,342 - steps.encdec - INFO - New best val_score=0.024066 | saved ckpt -> cvae_model_enhanced.pkl
2026-02-17 19:28:07,342 - steps.encdec - INFO - Epoch 352/1000
2026-02-17 19:29:05,246 - steps.encdec - INFO - No improve (1/80)
2026-02-17 19:29:05,246 - steps.encdec - INFO - Epoch 353/1000
2026-02-17 19:30:03,036 - steps.encdec - INFO - New best val_score=0.024052 | saved ckpt -> cvae_model_enhanced.pkl
2026-02-17 19:30:03,036 - steps.encdec - INFO - Epoch 354/1000
2026-02-17 19:31:00,625 - steps.encdec - INFO - No improve (1/80)
2026-02-17 19:31:00,625 - steps.encdec - INFO - Epoch 355/1000
2026-02-17 19:31:58,105 - steps.encdec - INFO - No improve (2/80)
2026-02-17 19:31:58,105 - steps.encdec - INFO - Epoch 356/1000
2026-02-17 19:32:55,915 - steps.encdec - INFO - No improve (3/80)
2026-02-17 19:32:55,916 - steps.encdec - INFO - Epoch 357/1000
2026-02-17 19:33:53,517 - steps.encdec - INFO - New best val_score=0.023689 | saved ckpt -> cvae_model_enhanced.pkl
2026-02-17 19:33:53,518 - steps.encdec - INFO - Epoch 358/1000
2026-02-17 19:34:51,001 - steps.encdec - INFO - No improve (1/80)
2026-02-17 19:34:51,001 - steps.encdec - INFO - Epoch 359/1000
2026-02-17 19:35:48,807 - steps.encdec - INFO - No improve (2/80)
2026-02-17 19:35:48,807 - steps.encdec - INFO - Epoch 360/1000
2026-02-17 19:36:46,499 - steps.encdec - INFO - No improve (3/80)
2026-02-17 19:36:46,499 - steps.encdec - INFO - Epoch 361/1000
2026-02-17 19:37:44,659 - steps.encdec - INFO - No improve (4/80)
2026-02-17 19:37:44,659 - steps.encdec - INFO - Epoch 362/1000
2026-02-17 19:38:42,130 - steps.encdec - INFO - No improve (5/80)
2026-02-17 19:38:42,131 - steps.encdec - INFO - Epoch 363/1000
2026-02-17 19:39:39,649 - steps.encdec - INFO - New best val_score=0.023350 | saved ckpt -> cvae_model_enhanced.pkl
2026-02-17 19:39:39,649 - steps.encdec - INFO - Epoch 364/1000
2026-02-17 19:40:37,238 - steps.encdec - INFO - No improve (1/80)
2026-02-17 19:40:37,238 - steps.encdec - INFO - Epoch 365/1000
2026-02-17 19:41:34,968 - steps.encdec - INFO - No improve (2/80)
2026-02-17 19:41:34,968 - steps.encdec - INFO - Epoch 366/1000
2026-02-17 19:42:33,133 - steps.encdec - INFO - No improve (3/80)
2026-02-17 19:42:33,134 - steps.encdec - INFO - Epoch 367/1000
2026-02-17 19:43:30,655 - steps.encdec - INFO - No improve (4/80)
2026-02-17 19:43:30,655 - steps.encdec - INFO - Epoch 368/1000
2026-02-17 19:44:28,020 - steps.encdec - INFO - No improve (5/80)
2026-02-17 19:44:28,021 - steps.encdec - INFO - Epoch 369/1000
2026-02-17 19:45:25,461 - steps.encdec - INFO - No improve (6/80)
2026-02-17 19:45:25,461 - steps.encdec - INFO - Epoch 370/1000
2026-02-17 19:46:23,268 - steps.encdec - INFO - No improve (7/80)
2026-02-17 19:46:23,269 - steps.encdec - INFO - Epoch 371/1000
2026-02-17 19:47:21,765 - steps.encdec - INFO - No improve (8/80)
2026-02-17 19:47:21,765 - steps.encdec - INFO - Epoch 372/1000
2026-02-17 19:48:19,342 - steps.encdec - INFO - New best val_score=0.023095 | saved ckpt -> cvae_model_enhanced.pkl
2026-02-17 19:48:19,342 - steps.encdec - INFO - Epoch 373/1000
2026-02-17 19:49:17,147 - steps.encdec - INFO - No improve (1/80)
2026-02-17 19:49:17,147 - steps.encdec - INFO - Epoch 374/1000
2026-02-17 19:50:14,887 - steps.encdec - INFO - No improve (2/80)
2026-02-17 19:50:14,887 - steps.encdec - INFO - Epoch 375/1000
2026-02-17 19:51:12,391 - steps.encdec - INFO - No improve (3/80)
2026-02-17 19:51:12,392 - steps.encdec - INFO - Epoch 376/1000
2026-02-17 19:52:10,296 - steps.encdec - INFO - No improve (4/80)
2026-02-17 19:52:10,296 - steps.encdec - INFO - Epoch 377/1000
2026-02-17 19:53:07,653 - steps.encdec - INFO - No improve (5/80)
2026-02-17 19:53:07,653 - steps.encdec - INFO - Epoch 378/1000
2026-02-17 19:54:05,324 - steps.encdec - INFO - No improve (6/80)
2026-02-17 19:54:05,324 - steps.encdec - INFO - Epoch 379/1000
2026-02-17 19:55:02,511 - steps.encdec - INFO - No improve (7/80)
2026-02-17 19:55:02,511 - steps.encdec - INFO - Epoch 380/1000
2026-02-17 19:55:59,723 - steps.encdec - INFO - No improve (8/80)
2026-02-17 19:55:59,723 - steps.encdec - INFO - Epoch 381/1000
2026-02-17 19:56:57,583 - steps.encdec - INFO - New best val_score=0.022801 | saved ckpt -> cvae_model_enhanced.pkl
2026-02-17 19:56:57,583 - steps.encdec - INFO - Epoch 382/1000
2026-02-17 19:57:55,130 - steps.encdec - INFO - No improve (1/80)
2026-02-17 19:57:55,130 - steps.encdec - INFO - Epoch 383/1000
2026-02-17 19:58:52,500 - steps.encdec - INFO - No improve (2/80)
2026-02-17 19:58:52,500 - steps.encdec - INFO - Epoch 384/1000
2026-02-17 19:59:49,998 - steps.encdec - INFO - No improve (3/80)
2026-02-17 19:59:49,998 - steps.encdec - INFO - Epoch 385/1000
2026-02-17 20:00:47,383 - steps.encdec - INFO - No improve (4/80)
2026-02-17 20:00:47,383 - steps.encdec - INFO - Epoch 386/1000
2026-02-17 20:01:45,235 - steps.encdec - INFO - New best val_score=0.022754 | saved ckpt -> cvae_model_enhanced.pkl
2026-02-17 20:01:45,235 - steps.encdec - INFO - Epoch 387/1000
2026-02-17 20:02:42,946 - steps.encdec - INFO - No improve (1/80)
2026-02-17 20:02:42,946 - steps.encdec - INFO - Epoch 388/1000
2026-02-17 20:03:40,532 - steps.encdec - INFO - No improve (2/80)
2026-02-17 20:03:40,532 - steps.encdec - INFO - Epoch 389/1000
2026-02-17 20:04:37,702 - steps.encdec - INFO - No improve (3/80)
2026-02-17 20:04:37,702 - steps.encdec - INFO - Epoch 390/1000
2026-02-17 20:05:34,947 - steps.encdec - INFO - No improve (4/80)
2026-02-17 20:05:34,947 - steps.encdec - INFO - Epoch 391/1000
2026-02-17 20:06:32,915 - steps.encdec - INFO - No improve (5/80)
2026-02-17 20:06:32,915 - steps.encdec - INFO - Epoch 392/1000
2026-02-17 20:07:30,376 - steps.encdec - INFO - No improve (6/80)
2026-02-17 20:07:30,376 - steps.encdec - INFO - Epoch 393/1000
2026-02-17 20:08:27,746 - steps.encdec - INFO - New best val_score=0.022267 | saved ckpt -> cvae_model_enhanced.pkl
2026-02-17 20:08:27,746 - steps.encdec - INFO - Epoch 394/1000
2026-02-17 20:09:24,939 - steps.encdec - INFO - No improve (1/80)
2026-02-17 20:09:24,940 - steps.encdec - INFO - Epoch 395/1000
2026-02-17 20:10:22,196 - steps.encdec - INFO - No improve (2/80)
2026-02-17 20:10:22,196 - steps.encdec - INFO - Epoch 396/1000
2026-02-17 20:11:20,482 - steps.encdec - INFO - No improve (3/80)
2026-02-17 20:11:20,483 - steps.encdec - INFO - Epoch 397/1000
2026-02-17 20:12:18,234 - steps.encdec - INFO - No improve (4/80)
2026-02-17 20:12:18,234 - steps.encdec - INFO - Epoch 398/1000
2026-02-17 20:13:15,725 - steps.encdec - INFO - No improve (5/80)
2026-02-17 20:13:15,726 - steps.encdec - INFO - Epoch 399/1000
2026-02-17 20:14:13,057 - steps.encdec - INFO - No improve (6/80)
2026-02-17 20:14:13,057 - steps.encdec - INFO - Epoch 400/1000
2026-02-17 20:15:10,274 - steps.encdec - INFO - No improve (7/80)
2026-02-17 20:15:10,274 - steps.encdec - INFO - Epoch 401/1000
2026-02-17 20:16:08,025 - steps.encdec - INFO - No improve (8/80)
2026-02-17 20:16:08,025 - steps.encdec - INFO - Epoch 402/1000
2026-02-17 20:17:05,521 - steps.encdec - INFO - No improve (9/80)
2026-02-17 20:17:05,521 - steps.encdec - INFO - Epoch 403/1000
2026-02-17 20:18:03,054 - steps.encdec - INFO - No improve (10/80)
2026-02-17 20:18:03,055 - steps.encdec - INFO - Epoch 404/1000
2026-02-17 20:19:00,402 - steps.encdec - INFO - New best val_score=0.022148 | saved ckpt -> cvae_model_enhanced.pkl
2026-02-17 20:19:00,402 - steps.encdec - INFO - Epoch 405/1000
2026-02-17 20:19:57,793 - steps.encdec - INFO - No improve (1/80)
2026-02-17 20:19:57,794 - steps.encdec - INFO - Epoch 406/1000
2026-02-17 20:20:55,859 - steps.encdec - INFO - No improve (2/80)
2026-02-17 20:20:55,859 - steps.encdec - INFO - Epoch 407/1000
2026-02-17 20:21:53,168 - steps.encdec - INFO - No improve (3/80)
2026-02-17 20:21:53,169 - steps.encdec - INFO - Epoch 408/1000
2026-02-17 20:22:50,806 - steps.encdec - INFO - No improve (4/80)
2026-02-17 20:22:50,807 - steps.encdec - INFO - Epoch 409/1000
2026-02-17 20:23:48,263 - steps.encdec - INFO - No improve (5/80)
2026-02-17 20:23:48,263 - steps.encdec - INFO - Epoch 410/1000
2026-02-17 20:24:45,716 - steps.encdec - INFO - No improve (6/80)
2026-02-17 20:24:45,717 - steps.encdec - INFO - Epoch 411/1000
2026-02-17 20:25:43,622 - steps.encdec - INFO - No improve (7/80)
2026-02-17 20:25:43,622 - steps.encdec - INFO - Epoch 412/1000
2026-02-17 20:26:41,110 - steps.encdec - INFO - New best val_score=0.021967 | saved ckpt -> cvae_model_enhanced.pkl
2026-02-17 20:26:41,110 - steps.encdec - INFO - Epoch 413/1000
2026-02-17 20:27:38,619 - steps.encdec - INFO - No improve (1/80)
2026-02-17 20:27:38,619 - steps.encdec - INFO - Epoch 414/1000
2026-02-17 20:28:35,989 - steps.encdec - INFO - No improve (2/80)
2026-02-17 20:28:35,989 - steps.encdec - INFO - Epoch 415/1000
2026-02-17 20:29:33,170 - steps.encdec - INFO - No improve (3/80)
2026-02-17 20:29:33,170 - steps.encdec - INFO - Epoch 416/1000
2026-02-17 20:30:31,263 - steps.encdec - INFO - New best val_score=0.021959 | saved ckpt -> cvae_model_enhanced.pkl
2026-02-17 20:30:31,263 - steps.encdec - INFO - Epoch 417/1000
2026-02-17 20:31:28,849 - steps.encdec - INFO - New best val_score=0.021710 | saved ckpt -> cvae_model_enhanced.pkl
2026-02-17 20:31:28,849 - steps.encdec - INFO - Epoch 418/1000
2026-02-17 20:32:26,257 - steps.encdec - INFO - No improve (1/80)
2026-02-17 20:32:26,257 - steps.encdec - INFO - Epoch 419/1000
2026-02-17 20:33:23,790 - steps.encdec - INFO - No improve (2/80)
2026-02-17 20:33:23,790 - steps.encdec - INFO - Epoch 420/1000
2026-02-17 20:34:21,422 - steps.encdec - INFO - No improve (3/80)
2026-02-17 20:34:21,422 - steps.encdec - INFO - Epoch 421/1000
2026-02-17 20:35:19,500 - steps.encdec - INFO - No improve (4/80)
2026-02-17 20:35:19,500 - steps.encdec - INFO - Epoch 422/1000
2026-02-17 20:36:16,906 - steps.encdec - INFO - New best val_score=0.021513 | saved ckpt -> cvae_model_enhanced.pkl
2026-02-17 20:36:16,906 - steps.encdec - INFO - Epoch 423/1000
2026-02-17 20:37:14,349 - steps.encdec - INFO - No improve (1/80)
2026-02-17 20:37:14,349 - steps.encdec - INFO - Epoch 424/1000
2026-02-17 20:38:12,180 - steps.encdec - INFO - No improve (2/80)
2026-02-17 20:38:12,180 - steps.encdec - INFO - Epoch 425/1000
2026-02-17 20:39:09,845 - steps.encdec - INFO - No improve (3/80)
2026-02-17 20:39:09,845 - steps.encdec - INFO - Epoch 426/1000
2026-02-17 20:40:08,044 - steps.encdec - INFO - No improve (4/80)
2026-02-17 20:40:08,044 - steps.encdec - INFO - Epoch 427/1000
2026-02-17 20:41:05,642 - steps.encdec - INFO - New best val_score=0.021447 | saved ckpt -> cvae_model_enhanced.pkl
2026-02-17 20:41:05,642 - steps.encdec - INFO - Epoch 428/1000
2026-02-17 20:42:03,237 - steps.encdec - INFO - No improve (1/80)
2026-02-17 20:42:03,238 - steps.encdec - INFO - Epoch 429/1000
2026-02-17 20:43:00,845 - steps.encdec - INFO - No improve (2/80)
2026-02-17 20:43:00,846 - steps.encdec - INFO - Epoch 430/1000
2026-02-17 20:43:58,512 - steps.encdec - INFO - No improve (3/80)
2026-02-17 20:43:58,512 - steps.encdec - INFO - Epoch 431/1000
2026-02-17 20:44:56,668 - steps.encdec - INFO - No improve (4/80)
2026-02-17 20:44:56,669 - steps.encdec - INFO - Epoch 432/1000
2026-02-17 20:45:53,976 - steps.encdec - INFO - No improve (5/80)
2026-02-17 20:45:53,976 - steps.encdec - INFO - Epoch 433/1000
2026-02-17 20:46:51,530 - steps.encdec - INFO - New best val_score=0.021348 | saved ckpt -> cvae_model_enhanced.pkl
2026-02-17 20:46:51,530 - steps.encdec - INFO - Epoch 434/1000
2026-02-17 20:47:49,529 - steps.encdec - INFO - No improve (1/80)
2026-02-17 20:47:49,529 - steps.encdec - INFO - Epoch 435/1000
2026-02-17 20:48:47,272 - steps.encdec - INFO - No improve (2/80)
2026-02-17 20:48:47,272 - steps.encdec - INFO - Epoch 436/1000
2026-02-17 20:49:45,457 - steps.encdec - INFO - No improve (3/80)
2026-02-17 20:49:45,458 - steps.encdec - INFO - Epoch 437/1000
2026-02-17 20:50:42,933 - steps.encdec - INFO - No improve (4/80)
2026-02-17 20:50:42,933 - steps.encdec - INFO - Epoch 438/1000
2026-02-17 20:51:40,265 - steps.encdec - INFO - No improve (5/80)
2026-02-17 20:51:40,265 - steps.encdec - INFO - Epoch 439/1000
2026-02-17 20:52:37,992 - steps.encdec - INFO - New best val_score=0.021205 | saved ckpt -> cvae_model_enhanced.pkl
2026-02-17 20:52:37,992 - steps.encdec - INFO - Epoch 440/1000
2026-02-17 20:53:35,547 - steps.encdec - INFO - No improve (1/80)
2026-02-17 20:53:35,548 - steps.encdec - INFO - Epoch 441/1000
2026-02-17 20:54:33,725 - steps.encdec - INFO - New best val_score=0.021140 | saved ckpt -> cvae_model_enhanced.pkl
2026-02-17 20:54:33,725 - steps.encdec - INFO - Epoch 442/1000
2026-02-17 20:55:31,430 - steps.encdec - INFO - No improve (1/80)
2026-02-17 20:55:31,430 - steps.encdec - INFO - Epoch 443/1000
2026-02-17 20:56:28,888 - steps.encdec - INFO - No improve (2/80)
2026-02-17 20:56:28,888 - steps.encdec - INFO - Epoch 444/1000
2026-02-17 20:57:26,330 - steps.encdec - INFO - No improve (3/80)
2026-02-17 20:57:26,330 - steps.encdec - INFO - Epoch 445/1000
2026-02-17 20:58:23,783 - steps.encdec - INFO - No improve (4/80)
2026-02-17 20:58:23,783 - steps.encdec - INFO - Epoch 446/1000
2026-02-17 20:59:21,985 - steps.encdec - INFO - No improve (5/80)
2026-02-17 20:59:21,985 - steps.encdec - INFO - Epoch 447/1000
2026-02-17 21:00:19,707 - steps.encdec - INFO - New best val_score=0.020945 | saved ckpt -> cvae_model_enhanced.pkl
2026-02-17 21:00:19,707 - steps.encdec - INFO - Epoch 448/1000
2026-02-17 21:01:17,231 - steps.encdec - INFO - No improve (1/80)
2026-02-17 21:01:17,232 - steps.encdec - INFO - Epoch 449/1000
2026-02-17 21:02:14,711 - steps.encdec - INFO - No improve (2/80)
2026-02-17 21:02:14,711 - steps.encdec - INFO - Epoch 450/1000
2026-02-17 21:03:12,321 - steps.encdec - INFO - No improve (3/80)
2026-02-17 21:03:12,321 - steps.encdec - INFO - Epoch 451/1000
2026-02-17 21:04:10,257 - steps.encdec - INFO - No improve (4/80)
2026-02-17 21:04:10,257 - steps.encdec - INFO - Epoch 452/1000
2026-02-17 21:05:07,694 - steps.encdec - INFO - No improve (5/80)
2026-02-17 21:05:07,694 - steps.encdec - INFO - Epoch 453/1000
2026-02-17 21:06:04,843 - steps.encdec - INFO - No improve (6/80)
2026-02-17 21:06:04,843 - steps.encdec - INFO - Epoch 454/1000
2026-02-17 21:07:02,364 - steps.encdec - INFO - No improve (7/80)
2026-02-17 21:07:02,364 - steps.encdec - INFO - Epoch 455/1000
2026-02-17 21:07:59,924 - steps.encdec - INFO - No improve (8/80)
2026-02-17 21:07:59,924 - steps.encdec - INFO - Epoch 456/1000
2026-02-17 21:08:57,959 - steps.encdec - INFO - New best val_score=0.020867 | saved ckpt -> cvae_model_enhanced.pkl
2026-02-17 21:08:57,959 - steps.encdec - INFO - Epoch 457/1000
2026-02-17 21:09:55,413 - steps.encdec - INFO - No improve (1/80)
2026-02-17 21:09:55,413 - steps.encdec - INFO - Epoch 458/1000
2026-02-17 21:10:52,938 - steps.encdec - INFO - No improve (2/80)
2026-02-17 21:10:52,938 - steps.encdec - INFO - Epoch 459/1000
2026-02-17 21:11:50,435 - steps.encdec - INFO - No improve (3/80)
2026-02-17 21:11:50,435 - steps.encdec - INFO - Epoch 460/1000
2026-02-17 21:12:47,922 - steps.encdec - INFO - No improve (4/80)
2026-02-17 21:12:47,922 - steps.encdec - INFO - Epoch 461/1000
2026-02-17 21:13:46,153 - steps.encdec - INFO - No improve (5/80)
2026-02-17 21:13:46,154 - steps.encdec - INFO - Epoch 462/1000
2026-02-17 21:14:43,557 - steps.encdec - INFO - No improve (6/80)
2026-02-17 21:14:43,557 - steps.encdec - INFO - Epoch 463/1000
2026-02-17 21:15:40,992 - steps.encdec - INFO - No improve (7/80)
2026-02-17 21:15:40,993 - steps.encdec - INFO - Epoch 464/1000
2026-02-17 21:16:38,775 - steps.encdec - INFO - New best val_score=0.020668 | saved ckpt -> cvae_model_enhanced.pkl
2026-02-17 21:16:38,776 - steps.encdec - INFO - Epoch 465/1000
2026-02-17 21:17:36,332 - steps.encdec - INFO - No improve (1/80)
2026-02-17 21:17:36,333 - steps.encdec - INFO - Epoch 466/1000
2026-02-17 21:18:34,319 - steps.encdec - INFO - No improve (2/80)
2026-02-17 21:18:34,320 - steps.encdec - INFO - Epoch 467/1000
2026-02-17 21:19:31,764 - steps.encdec - INFO - No improve (3/80)
2026-02-17 21:19:31,764 - steps.encdec - INFO - Epoch 468/1000
2026-02-17 21:20:29,483 - steps.encdec - INFO - No improve (4/80)
2026-02-17 21:20:29,483 - steps.encdec - INFO - Epoch 469/1000
2026-02-17 21:21:27,254 - steps.encdec - INFO - No improve (5/80)
2026-02-17 21:21:27,254 - steps.encdec - INFO - Epoch 470/1000
2026-02-17 21:22:24,716 - steps.encdec - INFO - No improve (6/80)
2026-02-17 21:22:24,717 - steps.encdec - INFO - Epoch 471/1000
2026-02-17 21:23:22,602 - steps.encdec - INFO - No improve (7/80)
2026-02-17 21:23:22,602 - steps.encdec - INFO - Epoch 472/1000
2026-02-17 21:24:19,933 - steps.encdec - INFO - No improve (8/80)
2026-02-17 21:24:19,933 - steps.encdec - INFO - Epoch 473/1000
2026-02-17 21:25:17,316 - steps.encdec - INFO - No improve (9/80)
2026-02-17 21:25:17,316 - steps.encdec - INFO - Epoch 474/1000
2026-02-17 21:26:14,874 - steps.encdec - INFO - No improve (10/80)
2026-02-17 21:26:14,875 - steps.encdec - INFO - Epoch 475/1000
2026-02-17 21:27:12,184 - steps.encdec - INFO - No improve (11/80)
2026-02-17 21:27:12,185 - steps.encdec - INFO - Epoch 476/1000
2026-02-17 21:28:10,310 - steps.encdec - INFO - No improve (12/80)
2026-02-17 21:28:10,311 - steps.encdec - INFO - Epoch 477/1000
2026-02-17 21:29:07,810 - steps.encdec - INFO - No improve (13/80)
2026-02-17 21:29:07,810 - steps.encdec - INFO - Epoch 478/1000
2026-02-17 21:30:05,329 - steps.encdec - INFO - No improve (14/80)
2026-02-17 21:30:05,329 - steps.encdec - INFO - Epoch 479/1000
2026-02-17 21:31:02,906 - steps.encdec - INFO - No improve (15/80)
2026-02-17 21:31:02,906 - steps.encdec - INFO - Epoch 480/1000
2026-02-17 21:32:00,666 - steps.encdec - INFO - No improve (16/80)
2026-02-17 21:32:00,666 - steps.encdec - INFO - Epoch 481/1000
2026-02-17 21:32:58,917 - steps.encdec - INFO - No improve (17/80)
2026-02-17 21:32:58,917 - steps.encdec - INFO - Epoch 482/1000
2026-02-17 21:33:56,124 - steps.encdec - INFO - New best val_score=0.020392 | saved ckpt -> cvae_model_enhanced.pkl
2026-02-17 21:33:56,124 - steps.encdec - INFO - Epoch 483/1000
2026-02-17 21:34:53,434 - steps.encdec - INFO - No improve (1/80)
2026-02-17 21:34:53,434 - steps.encdec - INFO - Epoch 484/1000
2026-02-17 21:35:51,194 - steps.encdec - INFO - No improve (2/80)
2026-02-17 21:35:51,194 - steps.encdec - INFO - Epoch 485/1000
2026-02-17 21:36:48,768 - steps.encdec - INFO - No improve (3/80)
2026-02-17 21:36:48,769 - steps.encdec - INFO - Epoch 486/1000
2026-02-17 21:37:47,048 - steps.encdec - INFO - No improve (4/80)
2026-02-17 21:37:47,048 - steps.encdec - INFO - Epoch 487/1000
2026-02-17 21:38:44,450 - steps.encdec - INFO - No improve (5/80)
2026-02-17 21:38:44,450 - steps.encdec - INFO - Epoch 488/1000
2026-02-17 21:39:41,848 - steps.encdec - INFO - No improve (6/80)
2026-02-17 21:39:41,848 - steps.encdec - INFO - Epoch 489/1000
2026-02-17 21:40:39,188 - steps.encdec - INFO - No improve (7/80)
2026-02-17 21:40:39,188 - steps.encdec - INFO - Epoch 490/1000
2026-02-17 21:41:36,685 - steps.encdec - INFO - New best val_score=0.020288 | saved ckpt -> cvae_model_enhanced.pkl
2026-02-17 21:41:36,685 - steps.encdec - INFO - Epoch 491/1000
2026-02-17 21:42:35,233 - steps.encdec - INFO - No improve (1/80)
2026-02-17 21:42:35,233 - steps.encdec - INFO - Epoch 492/1000
2026-02-17 21:43:32,932 - steps.encdec - INFO - No improve (2/80)
2026-02-17 21:43:32,932 - steps.encdec - INFO - Epoch 493/1000
2026-02-17 21:44:30,491 - steps.encdec - INFO - No improve (3/80)
2026-02-17 21:44:30,491 - steps.encdec - INFO - Epoch 494/1000
2026-02-17 21:45:28,066 - steps.encdec - INFO - No improve (4/80)
2026-02-17 21:45:28,066 - steps.encdec - INFO - Epoch 495/1000
2026-02-17 21:46:26,094 - steps.encdec - INFO - No improve (5/80)
2026-02-17 21:46:26,094 - steps.encdec - INFO - Epoch 496/1000
2026-02-17 21:47:24,217 - steps.encdec - INFO - No improve (6/80)
2026-02-17 21:47:24,217 - steps.encdec - INFO - Epoch 497/1000
2026-02-17 21:48:21,812 - steps.encdec - INFO - No improve (7/80)
2026-02-17 21:48:21,813 - steps.encdec - INFO - Epoch 498/1000
2026-02-17 21:49:19,275 - steps.encdec - INFO - No improve (8/80)
2026-02-17 21:49:19,275 - steps.encdec - INFO - Epoch 499/1000
2026-02-17 21:50:16,586 - steps.encdec - INFO - New best val_score=0.020248 | saved ckpt -> cvae_model_enhanced.pkl
2026-02-17 21:50:16,586 - steps.encdec - INFO - Epoch 500/1000
2026-02-17 21:51:13,829 - steps.encdec - INFO - No improve (1/80)
2026-02-17 21:51:13,829 - steps.encdec - INFO - Epoch 501/1000
2026-02-17 21:52:11,695 - steps.encdec - INFO - New best val_score=0.020160 | saved ckpt -> cvae_model_enhanced.pkl
2026-02-17 21:52:11,695 - steps.encdec - INFO - Epoch 502/1000
2026-02-17 21:53:09,129 - steps.encdec - INFO - No improve (1/80)
2026-02-17 21:53:09,129 - steps.encdec - INFO - Epoch 503/1000
2026-02-17 21:54:06,472 - steps.encdec - INFO - No improve (2/80)
2026-02-17 21:54:06,472 - steps.encdec - INFO - Epoch 504/1000
2026-02-17 21:55:03,671 - steps.encdec - INFO - No improve (3/80)
2026-02-17 21:55:03,671 - steps.encdec - INFO - Epoch 505/1000
2026-02-17 21:56:00,895 - steps.encdec - INFO - No improve (4/80)
2026-02-17 21:56:00,895 - steps.encdec - INFO - Epoch 506/1000
2026-02-17 21:56:59,024 - steps.encdec - INFO - No improve (5/80)
2026-02-17 21:56:59,024 - steps.encdec - INFO - Epoch 507/1000
2026-02-17 21:57:56,737 - steps.encdec - INFO - No improve (6/80)
2026-02-17 21:57:56,737 - steps.encdec - INFO - Epoch 508/1000
2026-02-17 21:58:54,524 - steps.encdec - INFO - No improve (7/80)
2026-02-17 21:58:54,524 - steps.encdec - INFO - Epoch 509/1000
2026-02-17 21:59:52,385 - steps.encdec - INFO - No improve (8/80)
2026-02-17 21:59:52,386 - steps.encdec - INFO - Epoch 510/1000
2026-02-17 22:00:50,197 - steps.encdec - INFO - No improve (9/80)
2026-02-17 22:00:50,197 - steps.encdec - INFO - Epoch 511/1000
2026-02-17 22:01:48,263 - steps.encdec - INFO - New best val_score=0.020159 | saved ckpt -> cvae_model_enhanced.pkl
2026-02-17 22:01:48,263 - steps.encdec - INFO - Epoch 512/1000
2026-02-17 22:02:45,960 - steps.encdec - INFO - New best val_score=0.020065 | saved ckpt -> cvae_model_enhanced.pkl
2026-02-17 22:02:45,960 - steps.encdec - INFO - Epoch 513/1000
2026-02-17 22:03:43,591 - steps.encdec - INFO - No improve (1/80)
2026-02-17 22:03:43,591 - steps.encdec - INFO - Epoch 514/1000
2026-02-17 22:04:41,283 - steps.encdec - INFO - No improve (2/80)
2026-02-17 22:04:41,283 - steps.encdec - INFO - Epoch 515/1000
2026-02-17 22:05:38,939 - steps.encdec - INFO - No improve (3/80)
2026-02-17 22:05:38,939 - steps.encdec - INFO - Epoch 516/1000
2026-02-17 22:06:36,963 - steps.encdec - INFO - No improve (4/80)
2026-02-17 22:06:36,964 - steps.encdec - INFO - Epoch 517/1000
2026-02-17 22:07:34,258 - steps.encdec - INFO - No improve (5/80)
2026-02-17 22:07:34,258 - steps.encdec - INFO - Epoch 518/1000
2026-02-17 22:08:31,472 - steps.encdec - INFO - No improve (6/80)
2026-02-17 22:08:31,472 - steps.encdec - INFO - Epoch 519/1000
2026-02-17 22:09:28,649 - steps.encdec - INFO - No improve (7/80)
2026-02-17 22:09:28,649 - steps.encdec - INFO - Epoch 520/1000
2026-02-17 22:10:26,400 - steps.encdec - INFO - New best val_score=0.020036 | saved ckpt -> cvae_model_enhanced.pkl
2026-02-17 22:10:26,400 - steps.encdec - INFO - Epoch 521/1000
2026-02-17 22:11:24,866 - steps.encdec - INFO - No improve (1/80)
2026-02-17 22:11:24,866 - steps.encdec - INFO - Epoch 522/1000
2026-02-17 22:12:22,733 - steps.encdec - INFO - No improve (2/80)
2026-02-17 22:12:22,734 - steps.encdec - INFO - Epoch 523/1000
2026-02-17 22:13:20,423 - steps.encdec - INFO - No improve (3/80)
2026-02-17 22:13:20,423 - steps.encdec - INFO - Epoch 524/1000
2026-02-17 22:14:17,984 - steps.encdec - INFO - No improve (4/80)
2026-02-17 22:14:17,984 - steps.encdec - INFO - Epoch 525/1000
2026-02-17 22:15:15,584 - steps.encdec - INFO - No improve (5/80)
2026-02-17 22:15:15,585 - steps.encdec - INFO - Epoch 526/1000
2026-02-17 22:16:13,770 - steps.encdec - INFO - No improve (6/80)
2026-02-17 22:16:13,771 - steps.encdec - INFO - Epoch 527/1000
2026-02-17 22:17:11,484 - steps.encdec - INFO - No improve (7/80)
2026-02-17 22:17:11,484 - steps.encdec - INFO - Epoch 528/1000
2026-02-17 22:18:09,272 - steps.encdec - INFO - New best val_score=0.020014 | saved ckpt -> cvae_model_enhanced.pkl
2026-02-17 22:18:09,272 - steps.encdec - INFO - Epoch 529/1000
2026-02-17 22:19:06,781 - steps.encdec - INFO - No improve (1/80)
2026-02-17 22:19:06,781 - steps.encdec - INFO - Epoch 530/1000
2026-02-17 22:20:04,224 - steps.encdec - INFO - New best val_score=0.019904 | saved ckpt -> cvae_model_enhanced.pkl
2026-02-17 22:20:04,225 - steps.encdec - INFO - Epoch 531/1000
2026-02-17 22:21:02,139 - steps.encdec - INFO - No improve (1/80)
2026-02-17 22:21:02,139 - steps.encdec - INFO - Epoch 532/1000
2026-02-17 22:21:59,750 - steps.encdec - INFO - No improve (2/80)
2026-02-17 22:21:59,750 - steps.encdec - INFO - Epoch 533/1000
2026-02-17 22:22:57,313 - steps.encdec - INFO - No improve (3/80)
2026-02-17 22:22:57,314 - steps.encdec - INFO - Epoch 534/1000
2026-02-17 22:23:54,682 - steps.encdec - INFO - New best val_score=0.019749 | saved ckpt -> cvae_model_enhanced.pkl
2026-02-17 22:23:54,682 - steps.encdec - INFO - Epoch 535/1000
2026-02-17 22:24:52,100 - steps.encdec - INFO - No improve (1/80)
2026-02-17 22:24:52,100 - steps.encdec - INFO - Epoch 536/1000
2026-02-17 22:25:50,353 - steps.encdec - INFO - No improve (2/80)
2026-02-17 22:25:50,353 - steps.encdec - INFO - Epoch 537/1000
2026-02-17 22:26:48,157 - steps.encdec - INFO - New best val_score=0.019743 | saved ckpt -> cvae_model_enhanced.pkl
2026-02-17 22:26:48,158 - steps.encdec - INFO - Epoch 538/1000
2026-02-17 22:27:45,848 - steps.encdec - INFO - New best val_score=0.019643 | saved ckpt -> cvae_model_enhanced.pkl
2026-02-17 22:27:45,848 - steps.encdec - INFO - Epoch 539/1000
2026-02-17 22:28:43,383 - steps.encdec - INFO - No improve (1/80)
2026-02-17 22:28:43,383 - steps.encdec - INFO - Epoch 540/1000
2026-02-17 22:29:40,724 - steps.encdec - INFO - No improve (2/80)
2026-02-17 22:29:40,724 - steps.encdec - INFO - Epoch 541/1000
2026-02-17 22:30:39,305 - steps.encdec - INFO - No improve (3/80)
2026-02-17 22:30:39,305 - steps.encdec - INFO - Epoch 542/1000
2026-02-17 22:31:36,728 - steps.encdec - INFO - No improve (4/80)
2026-02-17 22:31:36,728 - steps.encdec - INFO - Epoch 543/1000
2026-02-17 22:32:34,606 - steps.encdec - INFO - No improve (5/80)
2026-02-17 22:32:34,606 - steps.encdec - INFO - Epoch 544/1000
2026-02-17 22:33:32,288 - steps.encdec - INFO - No improve (6/80)
2026-02-17 22:33:32,288 - steps.encdec - INFO - Epoch 545/1000
2026-02-17 22:34:30,281 - steps.encdec - INFO - No improve (7/80)
2026-02-17 22:34:30,281 - steps.encdec - INFO - Epoch 546/1000
2026-02-17 22:35:28,508 - steps.encdec - INFO - No improve (8/80)
2026-02-17 22:35:28,508 - steps.encdec - INFO - Epoch 547/1000
2026-02-17 22:36:26,074 - steps.encdec - INFO - No improve (9/80)
2026-02-17 22:36:26,074 - steps.encdec - INFO - Epoch 548/1000
2026-02-17 22:37:23,734 - steps.encdec - INFO - No improve (10/80)
2026-02-17 22:37:23,735 - steps.encdec - INFO - Epoch 549/1000
2026-02-17 22:38:21,265 - steps.encdec - INFO - New best val_score=0.019616 | saved ckpt -> cvae_model_enhanced.pkl
2026-02-17 22:38:21,265 - steps.encdec - INFO - Epoch 550/1000
2026-02-17 22:39:18,786 - steps.encdec - INFO - No improve (1/80)
2026-02-17 22:39:18,786 - steps.encdec - INFO - Epoch 551/1000
2026-02-17 22:40:16,806 - steps.encdec - INFO - No improve (2/80)
2026-02-17 22:40:16,806 - steps.encdec - INFO - Epoch 552/1000
2026-02-17 22:41:14,175 - steps.encdec - INFO - No improve (3/80)
2026-02-17 22:41:14,175 - steps.encdec - INFO - Epoch 553/1000
2026-02-17 22:42:11,386 - steps.encdec - INFO - No improve (4/80)
2026-02-17 22:42:11,386 - steps.encdec - INFO - Epoch 554/1000
2026-02-17 22:43:08,637 - steps.encdec - INFO - No improve (5/80)
2026-02-17 22:43:08,637 - steps.encdec - INFO - Epoch 555/1000
2026-02-17 22:44:06,038 - steps.encdec - INFO - No improve (6/80)
2026-02-17 22:44:06,038 - steps.encdec - INFO - Epoch 556/1000
2026-02-17 22:45:04,070 - steps.encdec - INFO - No improve (7/80)
2026-02-17 22:45:04,071 - steps.encdec - INFO - Epoch 557/1000
2026-02-17 22:46:01,608 - steps.encdec - INFO - No improve (8/80)
2026-02-17 22:46:01,608 - steps.encdec - INFO - Epoch 558/1000
2026-02-17 22:46:59,201 - steps.encdec - INFO - No improve (9/80)
2026-02-17 22:46:59,201 - steps.encdec - INFO - Epoch 559/1000
2026-02-17 22:47:56,975 - steps.encdec - INFO - New best val_score=0.019371 | saved ckpt -> cvae_model_enhanced.pkl
2026-02-17 22:47:56,975 - steps.encdec - INFO - Epoch 560/1000
2026-02-17 22:48:54,751 - steps.encdec - INFO - No improve (1/80)
2026-02-17 22:48:54,751 - steps.encdec - INFO - Epoch 561/1000
2026-02-17 22:49:53,038 - steps.encdec - INFO - No improve (2/80)
2026-02-17 22:49:53,038 - steps.encdec - INFO - Epoch 562/1000
2026-02-17 22:50:50,748 - steps.encdec - INFO - No improve (3/80)
2026-02-17 22:50:50,748 - steps.encdec - INFO - Epoch 563/1000
2026-02-17 22:51:48,475 - steps.encdec - INFO - No improve (4/80)
2026-02-17 22:51:48,475 - steps.encdec - INFO - Epoch 564/1000
2026-02-17 22:52:46,162 - steps.encdec - INFO - No improve (5/80)
2026-02-17 22:52:46,162 - steps.encdec - INFO - Epoch 565/1000
2026-02-17 22:53:43,621 - steps.encdec - INFO - No improve (6/80)
2026-02-17 22:53:43,621 - steps.encdec - INFO - Epoch 566/1000
2026-02-17 22:54:41,588 - steps.encdec - INFO - No improve (7/80)
2026-02-17 22:54:41,588 - steps.encdec - INFO - Epoch 567/1000
2026-02-17 22:55:38,954 - steps.encdec - INFO - No improve (8/80)
2026-02-17 22:55:38,954 - steps.encdec - INFO - Epoch 568/1000
2026-02-17 22:56:36,249 - steps.encdec - INFO - No improve (9/80)
2026-02-17 22:56:36,249 - steps.encdec - INFO - Epoch 569/1000
2026-02-17 22:57:33,634 - steps.encdec - INFO - No improve (10/80)
2026-02-17 22:57:33,634 - steps.encdec - INFO - Epoch 570/1000
2026-02-17 22:58:30,910 - steps.encdec - INFO - No improve (11/80)
2026-02-17 22:58:30,910 - steps.encdec - INFO - Epoch 571/1000
2026-02-17 22:59:29,364 - steps.encdec - INFO - No improve (12/80)
2026-02-17 22:59:29,364 - steps.encdec - INFO - Epoch 572/1000
2026-02-17 23:00:26,892 - steps.encdec - INFO - No improve (13/80)
2026-02-17 23:00:26,892 - steps.encdec - INFO - Epoch 573/1000
2026-02-17 23:01:24,256 - steps.encdec - INFO - No improve (14/80)
2026-02-17 23:01:24,257 - steps.encdec - INFO - Epoch 574/1000
2026-02-17 23:02:21,996 - steps.encdec - INFO - No improve (15/80)
2026-02-17 23:02:21,997 - steps.encdec - INFO - Epoch 575/1000
2026-02-17 23:03:19,606 - steps.encdec - INFO - No improve (16/80)
2026-02-17 23:03:19,606 - steps.encdec - INFO - Epoch 576/1000
2026-02-17 23:04:17,654 - steps.encdec - INFO - No improve (17/80)
2026-02-17 23:04:17,654 - steps.encdec - INFO - Epoch 577/1000
2026-02-17 23:05:15,101 - steps.encdec - INFO - New best val_score=0.019320 | saved ckpt -> cvae_model_enhanced.pkl
2026-02-17 23:05:15,102 - steps.encdec - INFO - Epoch 578/1000
2026-02-17 23:06:12,479 - steps.encdec - INFO - No improve (1/80)
2026-02-17 23:06:12,479 - steps.encdec - INFO - Epoch 579/1000
2026-02-17 23:07:10,354 - steps.encdec - INFO - No improve (2/80)
2026-02-17 23:07:10,354 - steps.encdec - INFO - Epoch 580/1000
2026-02-17 23:08:07,848 - steps.encdec - INFO - No improve (3/80)
2026-02-17 23:08:07,848 - steps.encdec - INFO - Epoch 581/1000
2026-02-17 23:09:06,003 - steps.encdec - INFO - No improve (4/80)
2026-02-17 23:09:06,003 - steps.encdec - INFO - Epoch 582/1000
2026-02-17 23:10:03,665 - steps.encdec - INFO - No improve (5/80)
2026-02-17 23:10:03,665 - steps.encdec - INFO - Epoch 583/1000
2026-02-17 23:11:00,987 - steps.encdec - INFO - New best val_score=0.019260 | saved ckpt -> cvae_model_enhanced.pkl
2026-02-17 23:11:00,987 - steps.encdec - INFO - Epoch 584/1000
2026-02-17 23:11:58,694 - steps.encdec - INFO - No improve (1/80)
2026-02-17 23:11:58,694 - steps.encdec - INFO - Epoch 585/1000
2026-02-17 23:12:56,497 - steps.encdec - INFO - No improve (2/80)
2026-02-17 23:12:56,498 - steps.encdec - INFO - Epoch 586/1000
2026-02-17 23:13:54,610 - steps.encdec - INFO - New best val_score=0.019144 | saved ckpt -> cvae_model_enhanced.pkl
2026-02-17 23:13:54,610 - steps.encdec - INFO - Epoch 587/1000
2026-02-17 23:14:52,500 - steps.encdec - INFO - No improve (1/80)
2026-02-17 23:14:52,501 - steps.encdec - INFO - Epoch 588/1000
2026-02-17 23:15:50,443 - steps.encdec - INFO - No improve (2/80)
2026-02-17 23:15:50,443 - steps.encdec - INFO - Epoch 589/1000
2026-02-17 23:16:47,984 - steps.encdec - INFO - No improve (3/80)
2026-02-17 23:16:47,984 - steps.encdec - INFO - Epoch 590/1000
2026-02-17 23:17:45,543 - steps.encdec - INFO - No improve (4/80)
2026-02-17 23:17:45,543 - steps.encdec - INFO - Epoch 591/1000
2026-02-17 23:18:43,761 - steps.encdec - INFO - No improve (5/80)
2026-02-17 23:18:43,761 - steps.encdec - INFO - Epoch 592/1000
2026-02-17 23:19:41,286 - steps.encdec - INFO - No improve (6/80)
2026-02-17 23:19:41,286 - steps.encdec - INFO - Epoch 593/1000
2026-02-17 23:20:39,066 - steps.encdec - INFO - No improve (7/80)
2026-02-17 23:20:39,066 - steps.encdec - INFO - Epoch 594/1000
2026-02-17 23:21:36,824 - steps.encdec - INFO - New best val_score=0.019034 | saved ckpt -> cvae_model_enhanced.pkl
2026-02-17 23:21:36,824 - steps.encdec - INFO - Epoch 595/1000
2026-02-17 23:22:34,561 - steps.encdec - INFO - No improve (1/80)
2026-02-17 23:22:34,562 - steps.encdec - INFO - Epoch 596/1000
2026-02-17 23:23:32,763 - steps.encdec - INFO - No improve (2/80)
2026-02-17 23:23:32,763 - steps.encdec - INFO - Epoch 597/1000
2026-02-17 23:24:30,098 - steps.encdec - INFO - No improve (3/80)
2026-02-17 23:24:30,098 - steps.encdec - INFO - Epoch 598/1000
2026-02-17 23:25:27,557 - steps.encdec - INFO - No improve (4/80)
2026-02-17 23:25:27,557 - steps.encdec - INFO - Epoch 599/1000
2026-02-17 23:26:25,207 - steps.encdec - INFO - No improve (5/80)
2026-02-17 23:26:25,207 - steps.encdec - INFO - Epoch 600/1000
2026-02-17 23:27:22,821 - steps.encdec - INFO - No improve (6/80)
2026-02-17 23:27:22,821 - steps.encdec - INFO - Epoch 601/1000
2026-02-17 23:28:21,031 - steps.encdec - INFO - No improve (7/80)
2026-02-17 23:28:21,031 - steps.encdec - INFO - Epoch 602/1000
2026-02-17 23:29:18,501 - steps.encdec - INFO - No improve (8/80)
2026-02-17 23:29:18,501 - steps.encdec - INFO - Epoch 603/1000
2026-02-17 23:30:16,071 - steps.encdec - INFO - No improve (9/80)
2026-02-17 23:30:16,072 - steps.encdec - INFO - Epoch 604/1000
2026-02-17 23:31:13,574 - steps.encdec - INFO - No improve (10/80)
2026-02-17 23:31:13,574 - steps.encdec - INFO - Epoch 605/1000
2026-02-17 23:32:11,135 - steps.encdec - INFO - No improve (11/80)
2026-02-17 23:32:11,135 - steps.encdec - INFO - Epoch 606/1000
2026-02-17 23:33:09,248 - steps.encdec - INFO - No improve (12/80)
2026-02-17 23:33:09,248 - steps.encdec - INFO - Epoch 607/1000
2026-02-17 23:34:06,794 - steps.encdec - INFO - No improve (13/80)
2026-02-17 23:34:06,794 - steps.encdec - INFO - Epoch 608/1000
2026-02-17 23:35:04,243 - steps.encdec - INFO - No improve (14/80)
2026-02-17 23:35:04,243 - steps.encdec - INFO - Epoch 609/1000
2026-02-17 23:36:01,692 - steps.encdec - INFO - No improve (15/80)
2026-02-17 23:36:01,692 - steps.encdec - INFO - Epoch 610/1000
2026-02-17 23:36:58,998 - steps.encdec - INFO - No improve (16/80)
2026-02-17 23:36:58,998 - steps.encdec - INFO - Epoch 611/1000
2026-02-17 23:37:56,950 - steps.encdec - INFO - No improve (17/80)
2026-02-17 23:37:56,950 - steps.encdec - INFO - Epoch 612/1000
2026-02-17 23:38:54,429 - steps.encdec - INFO - No improve (18/80)
2026-02-17 23:38:54,429 - steps.encdec - INFO - Epoch 613/1000
2026-02-17 23:39:51,751 - steps.encdec - INFO - No improve (19/80)
2026-02-17 23:39:51,752 - steps.encdec - INFO - Epoch 614/1000
2026-02-17 23:40:48,997 - steps.encdec - INFO - No improve (20/80)
2026-02-17 23:40:48,997 - steps.encdec - INFO - Epoch 615/1000
2026-02-17 23:41:46,777 - steps.encdec - INFO - New best val_score=0.018987 | saved ckpt -> cvae_model_enhanced.pkl
2026-02-17 23:41:46,777 - steps.encdec - INFO - Epoch 616/1000
2026-02-17 23:42:44,858 - steps.encdec - INFO - No improve (1/80)
2026-02-17 23:42:44,858 - steps.encdec - INFO - Epoch 617/1000
2026-02-17 23:43:42,621 - steps.encdec - INFO - No improve (2/80)
2026-02-17 23:43:42,621 - steps.encdec - INFO - Epoch 618/1000
2026-02-17 23:44:40,571 - steps.encdec - INFO - No improve (3/80)
2026-02-17 23:44:40,571 - steps.encdec - INFO - Epoch 619/1000
2026-02-17 23:45:38,202 - steps.encdec - INFO - No improve (4/80)
2026-02-17 23:45:38,202 - steps.encdec - INFO - Epoch 620/1000
2026-02-17 23:46:35,870 - steps.encdec - INFO - No improve (5/80)
2026-02-17 23:46:35,870 - steps.encdec - INFO - Epoch 621/1000
2026-02-17 23:47:34,077 - steps.encdec - INFO - No improve (6/80)
2026-02-17 23:47:34,078 - steps.encdec - INFO - Epoch 622/1000
2026-02-17 23:48:31,792 - steps.encdec - INFO - No improve (7/80)
2026-02-17 23:48:31,792 - steps.encdec - INFO - Epoch 623/1000
2026-02-17 23:49:29,360 - steps.encdec - INFO - New best val_score=0.018829 | saved ckpt -> cvae_model_enhanced.pkl
2026-02-17 23:49:29,361 - steps.encdec - INFO - Epoch 624/1000
2026-02-17 23:50:27,000 - steps.encdec - INFO - No improve (1/80)
2026-02-17 23:50:27,000 - steps.encdec - INFO - Epoch 625/1000
2026-02-17 23:51:24,400 - steps.encdec - INFO - No improve (2/80)
2026-02-17 23:51:24,400 - steps.encdec - INFO - Epoch 626/1000
2026-02-17 23:52:22,581 - steps.encdec - INFO - No improve (3/80)
2026-02-17 23:52:22,581 - steps.encdec - INFO - Epoch 627/1000
2026-02-17 23:53:19,953 - steps.encdec - INFO - No improve (4/80)
2026-02-17 23:53:19,953 - steps.encdec - INFO - Epoch 628/1000
2026-02-17 23:54:17,566 - steps.encdec - INFO - No improve (5/80)
2026-02-17 23:54:17,566 - steps.encdec - INFO - Epoch 629/1000
2026-02-17 23:55:15,091 - steps.encdec - INFO - No improve (6/80)
2026-02-17 23:55:15,091 - steps.encdec - INFO - Epoch 630/1000
2026-02-17 23:56:12,806 - steps.encdec - INFO - No improve (7/80)
2026-02-17 23:56:12,806 - steps.encdec - INFO - Epoch 631/1000
2026-02-17 23:57:11,070 - steps.encdec - INFO - No improve (8/80)
2026-02-17 23:57:11,070 - steps.encdec - INFO - Epoch 632/1000
2026-02-17 23:58:08,586 - steps.encdec - INFO - No improve (9/80)
2026-02-17 23:58:08,586 - steps.encdec - INFO - Epoch 633/1000
2026-02-17 23:59:05,857 - steps.encdec - INFO - No improve (10/80)
2026-02-17 23:59:05,857 - steps.encdec - INFO - Epoch 634/1000
2026-02-18 00:00:03,724 - steps.encdec - INFO - No improve (11/80)
2026-02-18 00:00:03,724 - steps.encdec - INFO - Epoch 635/1000
2026-02-18 00:01:01,659 - steps.encdec - INFO - No improve (12/80)
2026-02-18 00:01:01,659 - steps.encdec - INFO - Epoch 636/1000
2026-02-18 00:02:00,017 - steps.encdec - INFO - No improve (13/80)
2026-02-18 00:02:00,017 - steps.encdec - INFO - Epoch 637/1000
2026-02-18 00:02:57,837 - steps.encdec - INFO - No improve (14/80)
2026-02-18 00:02:57,837 - steps.encdec - INFO - Epoch 638/1000
2026-02-18 00:03:55,646 - steps.encdec - INFO - No improve (15/80)
2026-02-18 00:03:55,646 - steps.encdec - INFO - Epoch 639/1000
2026-02-18 00:04:53,372 - steps.encdec - INFO - No improve (16/80)
2026-02-18 00:04:53,372 - steps.encdec - INFO - Epoch 640/1000
2026-02-18 00:05:51,140 - steps.encdec - INFO - No improve (17/80)
2026-02-18 00:05:51,140 - steps.encdec - INFO - Epoch 641/1000
2026-02-18 00:06:49,397 - steps.encdec - INFO - No improve (18/80)
2026-02-18 00:06:49,397 - steps.encdec - INFO - Epoch 642/1000
2026-02-18 00:07:46,975 - steps.encdec - INFO - No improve (19/80)
2026-02-18 00:07:46,975 - steps.encdec - INFO - Epoch 643/1000
2026-02-18 00:08:44,397 - steps.encdec - INFO - No improve (20/80)
2026-02-18 00:08:44,397 - steps.encdec - INFO - Epoch 644/1000
2026-02-18 00:09:42,183 - steps.encdec - INFO - New best val_score=0.018771 | saved ckpt -> cvae_model_enhanced.pkl
2026-02-18 00:09:42,183 - steps.encdec - INFO - Epoch 645/1000
2026-02-18 00:10:39,889 - steps.encdec - INFO - No improve (1/80)
2026-02-18 00:10:39,890 - steps.encdec - INFO - Epoch 646/1000
2026-02-18 00:11:38,257 - steps.encdec - INFO - New best val_score=0.018750 | saved ckpt -> cvae_model_enhanced.pkl
2026-02-18 00:11:38,257 - steps.encdec - INFO - Epoch 647/1000
2026-02-18 00:12:36,020 - steps.encdec - INFO - No improve (1/80)
2026-02-18 00:12:36,020 - steps.encdec - INFO - Epoch 648/1000
2026-02-18 00:13:33,570 - steps.encdec - INFO - No improve (2/80)
2026-02-18 00:13:33,570 - steps.encdec - INFO - Epoch 649/1000
2026-02-18 00:14:30,965 - steps.encdec - INFO - No improve (3/80)
2026-02-18 00:14:30,966 - steps.encdec - INFO - Epoch 650/1000
2026-02-18 00:15:28,550 - steps.encdec - INFO - No improve (4/80)
2026-02-18 00:15:28,550 - steps.encdec - INFO - Epoch 651/1000
2026-02-18 00:16:26,817 - steps.encdec - INFO - No improve (5/80)
2026-02-18 00:16:26,817 - steps.encdec - INFO - Epoch 652/1000
2026-02-18 00:17:24,206 - steps.encdec - INFO - No improve (6/80)
2026-02-18 00:17:24,207 - steps.encdec - INFO - Epoch 653/1000
2026-02-18 00:18:21,921 - steps.encdec - INFO - No improve (7/80)
2026-02-18 00:18:21,921 - steps.encdec - INFO - Epoch 654/1000
2026-02-18 00:19:19,682 - steps.encdec - INFO - New best val_score=0.018722 | saved ckpt -> cvae_model_enhanced.pkl
2026-02-18 00:19:19,683 - steps.encdec - INFO - Epoch 655/1000
2026-02-18 00:20:17,201 - steps.encdec - INFO - No improve (1/80)
2026-02-18 00:20:17,201 - steps.encdec - INFO - Epoch 656/1000
2026-02-18 00:21:15,381 - steps.encdec - INFO - No improve (2/80)
2026-02-18 00:21:15,381 - steps.encdec - INFO - Epoch 657/1000
2026-02-18 00:22:12,836 - steps.encdec - INFO - No improve (3/80)
2026-02-18 00:22:12,836 - steps.encdec - INFO - Epoch 658/1000
2026-02-18 00:23:10,545 - steps.encdec - INFO - New best val_score=0.018687 | saved ckpt -> cvae_model_enhanced.pkl
2026-02-18 00:23:10,545 - steps.encdec - INFO - Epoch 659/1000
2026-02-18 00:24:08,320 - steps.encdec - INFO - No improve (1/80)
2026-02-18 00:24:08,320 - steps.encdec - INFO - Epoch 660/1000
2026-02-18 00:25:06,220 - steps.encdec - INFO - No improve (2/80)
2026-02-18 00:25:06,220 - steps.encdec - INFO - Epoch 661/1000
2026-02-18 00:26:04,579 - steps.encdec - INFO - No improve (3/80)
2026-02-18 00:26:04,579 - steps.encdec - INFO - Epoch 662/1000
2026-02-18 00:27:02,414 - steps.encdec - INFO - No improve (4/80)
2026-02-18 00:27:02,415 - steps.encdec - INFO - Epoch 663/1000
2026-02-18 00:28:00,270 - steps.encdec - INFO - No improve (5/80)
2026-02-18 00:28:00,270 - steps.encdec - INFO - Epoch 664/1000
2026-02-18 00:28:58,010 - steps.encdec - INFO - New best val_score=0.018581 | saved ckpt -> cvae_model_enhanced.pkl
2026-02-18 00:28:58,010 - steps.encdec - INFO - Epoch 665/1000
2026-02-18 00:29:55,796 - steps.encdec - INFO - No improve (1/80)
2026-02-18 00:29:55,796 - steps.encdec - INFO - Epoch 666/1000
2026-02-18 00:30:53,886 - steps.encdec - INFO - No improve (2/80)
2026-02-18 00:30:53,886 - steps.encdec - INFO - Epoch 667/1000
2026-02-18 00:31:51,492 - steps.encdec - INFO - No improve (3/80)
2026-02-18 00:31:51,492 - steps.encdec - INFO - Epoch 668/1000
2026-02-18 00:32:48,974 - steps.encdec - INFO - No improve (4/80)
2026-02-18 00:32:48,974 - steps.encdec - INFO - Epoch 669/1000
2026-02-18 00:33:46,514 - steps.encdec - INFO - No improve (5/80)
2026-02-18 00:33:46,514 - steps.encdec - INFO - Epoch 670/1000
2026-02-18 00:34:44,120 - steps.encdec - INFO - No improve (6/80)
2026-02-18 00:34:44,121 - steps.encdec - INFO - Epoch 671/1000
2026-02-18 00:35:42,283 - steps.encdec - INFO - No improve (7/80)
2026-02-18 00:35:42,283 - steps.encdec - INFO - Epoch 672/1000
2026-02-18 00:36:39,810 - steps.encdec - INFO - No improve (8/80)
2026-02-18 00:36:39,810 - steps.encdec - INFO - Epoch 673/1000
2026-02-18 00:37:37,268 - steps.encdec - INFO - No improve (9/80)
2026-02-18 00:37:37,268 - steps.encdec - INFO - Epoch 674/1000
2026-02-18 00:38:34,603 - steps.encdec - INFO - No improve (10/80)
2026-02-18 00:38:34,603 - steps.encdec - INFO - Epoch 675/1000
2026-02-18 00:39:32,044 - steps.encdec - INFO - No improve (11/80)
2026-02-18 00:39:32,044 - steps.encdec - INFO - Epoch 676/1000
2026-02-18 00:40:30,086 - steps.encdec - INFO - No improve (12/80)
2026-02-18 00:40:30,086 - steps.encdec - INFO - Epoch 677/1000
2026-02-18 00:41:27,450 - steps.encdec - INFO - No improve (13/80)
2026-02-18 00:41:27,450 - steps.encdec - INFO - Epoch 678/1000
2026-02-18 00:42:24,833 - steps.encdec - INFO - New best val_score=0.018524 | saved ckpt -> cvae_model_enhanced.pkl
2026-02-18 00:42:24,833 - steps.encdec - INFO - Epoch 679/1000
2026-02-18 00:43:22,210 - steps.encdec - INFO - No improve (1/80)
2026-02-18 00:43:22,211 - steps.encdec - INFO - Epoch 680/1000
2026-02-18 00:44:19,642 - steps.encdec - INFO - No improve (2/80)
2026-02-18 00:44:19,642 - steps.encdec - INFO - Epoch 681/1000
2026-02-18 00:45:17,598 - steps.encdec - INFO - New best val_score=0.018445 | saved ckpt -> cvae_model_enhanced.pkl
2026-02-18 00:45:17,598 - steps.encdec - INFO - Epoch 682/1000
2026-02-18 00:46:15,043 - steps.encdec - INFO - No improve (1/80)
2026-02-18 00:46:15,044 - steps.encdec - INFO - Epoch 683/1000
2026-02-18 00:47:12,628 - steps.encdec - INFO - No improve (2/80)
2026-02-18 00:47:12,628 - steps.encdec - INFO - Epoch 684/1000
2026-02-18 00:48:10,226 - steps.encdec - INFO - No improve (3/80)
2026-02-18 00:48:10,226 - steps.encdec - INFO - Epoch 685/1000
2026-02-18 00:49:07,887 - steps.encdec - INFO - No improve (4/80)
2026-02-18 00:49:07,887 - steps.encdec - INFO - Epoch 686/1000
2026-02-18 00:50:06,101 - steps.encdec - INFO - No improve (5/80)
2026-02-18 00:50:06,102 - steps.encdec - INFO - Epoch 687/1000
2026-02-18 00:51:03,936 - steps.encdec - INFO - No improve (6/80)
2026-02-18 00:51:03,937 - steps.encdec - INFO - Epoch 688/1000
2026-02-18 00:52:01,706 - steps.encdec - INFO - No improve (7/80)
2026-02-18 00:52:01,707 - steps.encdec - INFO - Epoch 689/1000
2026-02-18 00:52:59,400 - steps.encdec - INFO - No improve (8/80)
2026-02-18 00:52:59,400 - steps.encdec - INFO - Epoch 690/1000
2026-02-18 00:53:56,950 - steps.encdec - INFO - No improve (9/80)
2026-02-18 00:53:56,950 - steps.encdec - INFO - Epoch 691/1000
2026-02-18 00:54:54,742 - steps.encdec - INFO - No improve (10/80)
2026-02-18 00:54:54,742 - steps.encdec - INFO - Epoch 692/1000
2026-02-18 00:55:52,002 - steps.encdec - INFO - No improve (11/80)
2026-02-18 00:55:52,003 - steps.encdec - INFO - Epoch 693/1000
2026-02-18 00:56:49,554 - steps.encdec - INFO - No improve (12/80)
2026-02-18 00:56:49,554 - steps.encdec - INFO - Epoch 694/1000
2026-02-18 00:57:46,945 - steps.encdec - INFO - No improve (13/80)
2026-02-18 00:57:46,945 - steps.encdec - INFO - Epoch 695/1000
2026-02-18 00:58:44,254 - steps.encdec - INFO - No improve (14/80)
2026-02-18 00:58:44,254 - steps.encdec - INFO - Epoch 696/1000
2026-02-18 00:59:42,267 - steps.encdec - INFO - No improve (15/80)
2026-02-18 00:59:42,267 - steps.encdec - INFO - Epoch 697/1000
2026-02-18 01:00:39,966 - steps.encdec - INFO - No improve (16/80)
2026-02-18 01:00:39,966 - steps.encdec - INFO - Epoch 698/1000
2026-02-18 01:01:37,644 - steps.encdec - INFO - No improve (17/80)
2026-02-18 01:01:37,644 - steps.encdec - INFO - Epoch 699/1000
2026-02-18 01:02:35,282 - steps.encdec - INFO - New best val_score=0.018444 | saved ckpt -> cvae_model_enhanced.pkl
2026-02-18 01:02:35,283 - steps.encdec - INFO - Epoch 700/1000
2026-02-18 01:03:33,058 - steps.encdec - INFO - No improve (1/80)
2026-02-18 01:03:33,058 - steps.encdec - INFO - Epoch 701/1000
2026-02-18 01:04:31,365 - steps.encdec - INFO - No improve (2/80)
2026-02-18 01:04:31,366 - steps.encdec - INFO - Epoch 702/1000
2026-02-18 01:05:28,940 - steps.encdec - INFO - No improve (3/80)
2026-02-18 01:05:28,940 - steps.encdec - INFO - Epoch 703/1000
2026-02-18 01:06:26,391 - steps.encdec - INFO - No improve (4/80)
2026-02-18 01:06:26,391 - steps.encdec - INFO - Epoch 704/1000
2026-02-18 01:07:23,902 - steps.encdec - INFO - No improve (5/80)
2026-02-18 01:07:23,902 - steps.encdec - INFO - Epoch 705/1000
2026-02-18 01:08:21,489 - steps.encdec - INFO - No improve (6/80)
2026-02-18 01:08:21,489 - steps.encdec - INFO - Epoch 706/1000
2026-02-18 01:09:19,570 - steps.encdec - INFO - No improve (7/80)
2026-02-18 01:09:19,570 - steps.encdec - INFO - Epoch 707/1000
2026-02-18 01:10:17,194 - steps.encdec - INFO - New best val_score=0.018235 | saved ckpt -> cvae_model_enhanced.pkl
2026-02-18 01:10:17,195 - steps.encdec - INFO - Epoch 708/1000
2026-02-18 01:11:14,721 - steps.encdec - INFO - No improve (1/80)
2026-02-18 01:11:14,721 - steps.encdec - INFO - Epoch 709/1000
2026-02-18 01:12:12,545 - steps.encdec - INFO - No improve (2/80)
2026-02-18 01:12:12,545 - steps.encdec - INFO - Epoch 710/1000
2026-02-18 01:13:10,392 - steps.encdec - INFO - No improve (3/80)
2026-02-18 01:13:10,392 - steps.encdec - INFO - Epoch 711/1000
2026-02-18 01:14:08,696 - steps.encdec - INFO - No improve (4/80)
2026-02-18 01:14:08,696 - steps.encdec - INFO - Epoch 712/1000
2026-02-18 01:15:06,229 - steps.encdec - INFO - No improve (5/80)
2026-02-18 01:15:06,229 - steps.encdec - INFO - Epoch 713/1000
2026-02-18 01:16:03,877 - steps.encdec - INFO - No improve (6/80)
2026-02-18 01:16:03,877 - steps.encdec - INFO - Epoch 714/1000
2026-02-18 01:17:01,568 - steps.encdec - INFO - No improve (7/80)
2026-02-18 01:17:01,568 - steps.encdec - INFO - Epoch 715/1000
2026-02-18 01:17:59,225 - steps.encdec - INFO - No improve (8/80)
2026-02-18 01:17:59,225 - steps.encdec - INFO - Epoch 716/1000
2026-02-18 01:18:57,229 - steps.encdec - INFO - No improve (9/80)
2026-02-18 01:18:57,229 - steps.encdec - INFO - Epoch 717/1000
2026-02-18 01:19:54,704 - steps.encdec - INFO - No improve (10/80)
2026-02-18 01:19:54,704 - steps.encdec - INFO - Epoch 718/1000
2026-02-18 01:20:52,355 - steps.encdec - INFO - No improve (11/80)
2026-02-18 01:20:52,356 - steps.encdec - INFO - Epoch 719/1000
2026-02-18 01:21:49,887 - steps.encdec - INFO - No improve (12/80)
2026-02-18 01:21:49,887 - steps.encdec - INFO - Epoch 720/1000
2026-02-18 01:22:47,588 - steps.encdec - INFO - No improve (13/80)
2026-02-18 01:22:47,588 - steps.encdec - INFO - Epoch 721/1000
2026-02-18 01:23:45,675 - steps.encdec - INFO - No improve (14/80)
2026-02-18 01:23:45,675 - steps.encdec - INFO - Epoch 722/1000
2026-02-18 01:24:42,941 - steps.encdec - INFO - No improve (15/80)
2026-02-18 01:24:42,941 - steps.encdec - INFO - Epoch 723/1000
2026-02-18 01:25:40,381 - steps.encdec - INFO - No improve (16/80)
2026-02-18 01:25:40,381 - steps.encdec - INFO - Epoch 724/1000
2026-02-18 01:26:37,855 - steps.encdec - INFO - No improve (17/80)
2026-02-18 01:26:37,856 - steps.encdec - INFO - Epoch 725/1000
2026-02-18 01:27:35,546 - steps.encdec - INFO - No improve (18/80)
2026-02-18 01:27:35,547 - steps.encdec - INFO - Epoch 726/1000
2026-02-18 01:28:33,901 - steps.encdec - INFO - No improve (19/80)
2026-02-18 01:28:33,901 - steps.encdec - INFO - Epoch 727/1000
2026-02-18 01:29:31,524 - steps.encdec - INFO - No improve (20/80)
2026-02-18 01:29:31,525 - steps.encdec - INFO - Epoch 728/1000
2026-02-18 01:30:29,019 - steps.encdec - INFO - No improve (21/80)
2026-02-18 01:30:29,019 - steps.encdec - INFO - Epoch 729/1000
2026-02-18 01:31:26,599 - steps.encdec - INFO - No improve (22/80)
2026-02-18 01:31:26,599 - steps.encdec - INFO - Epoch 730/1000
2026-02-18 01:32:24,165 - steps.encdec - INFO - No improve (23/80)
2026-02-18 01:32:24,165 - steps.encdec - INFO - Epoch 731/1000
2026-02-18 01:33:22,222 - steps.encdec - INFO - No improve (24/80)
2026-02-18 01:33:22,223 - steps.encdec - INFO - Epoch 732/1000
2026-02-18 01:34:19,838 - steps.encdec - INFO - No improve (25/80)
2026-02-18 01:34:19,838 - steps.encdec - INFO - Epoch 733/1000
2026-02-18 01:35:17,490 - steps.encdec - INFO - No improve (26/80)
2026-02-18 01:35:17,490 - steps.encdec - INFO - Epoch 734/1000
2026-02-18 01:36:15,191 - steps.encdec - INFO - No improve (27/80)
2026-02-18 01:36:15,191 - steps.encdec - INFO - Epoch 735/1000
2026-02-18 01:37:12,588 - steps.encdec - INFO - No improve (28/80)
2026-02-18 01:37:12,588 - steps.encdec - INFO - Epoch 736/1000
2026-02-18 01:38:10,444 - steps.encdec - INFO - No improve (29/80)
2026-02-18 01:38:10,444 - steps.encdec - INFO - Epoch 737/1000
2026-02-18 01:39:07,956 - steps.encdec - INFO - No improve (30/80)
2026-02-18 01:39:07,956 - steps.encdec - INFO - Epoch 738/1000
2026-02-18 01:40:05,526 - steps.encdec - INFO - No improve (31/80)
2026-02-18 01:40:05,527 - steps.encdec - INFO - Epoch 739/1000
2026-02-18 01:41:03,002 - steps.encdec - INFO - New best val_score=0.018116 | saved ckpt -> cvae_model_enhanced.pkl
2026-02-18 01:41:03,002 - steps.encdec - INFO - Epoch 740/1000
2026-02-18 01:42:00,426 - steps.encdec - INFO - New best val_score=0.018019 | saved ckpt -> cvae_model_enhanced.pkl
2026-02-18 01:42:00,426 - steps.encdec - INFO - Epoch 741/1000
2026-02-18 01:42:58,707 - steps.encdec - INFO - No improve (1/80)
2026-02-18 01:42:58,707 - steps.encdec - INFO - Epoch 742/1000
2026-02-18 01:43:56,362 - steps.encdec - INFO - No improve (2/80)
2026-02-18 01:43:56,362 - steps.encdec - INFO - Epoch 743/1000
2026-02-18 01:44:53,819 - steps.encdec - INFO - No improve (3/80)
2026-02-18 01:44:53,819 - steps.encdec - INFO - Epoch 744/1000
2026-02-18 01:45:51,383 - steps.encdec - INFO - No improve (4/80)
2026-02-18 01:45:51,383 - steps.encdec - INFO - Epoch 745/1000
2026-02-18 01:46:49,197 - steps.encdec - INFO - No improve (5/80)
2026-02-18 01:46:49,198 - steps.encdec - INFO - Epoch 746/1000
2026-02-18 01:47:46,987 - steps.encdec - INFO - No improve (6/80)
2026-02-18 01:47:46,987 - steps.encdec - INFO - Epoch 747/1000
2026-02-18 01:48:44,416 - steps.encdec - INFO - No improve (7/80)
2026-02-18 01:48:44,416 - steps.encdec - INFO - Epoch 748/1000
2026-02-18 01:49:42,100 - steps.encdec - INFO - No improve (8/80)
2026-02-18 01:49:42,100 - steps.encdec - INFO - Epoch 749/1000
2026-02-18 01:50:39,492 - steps.encdec - INFO - No improve (9/80)
2026-02-18 01:50:39,492 - steps.encdec - INFO - Epoch 750/1000
2026-02-18 01:51:37,005 - steps.encdec - INFO - No improve (10/80)
2026-02-18 01:51:37,005 - steps.encdec - INFO - Epoch 751/1000
2026-02-18 01:52:35,028 - steps.encdec - INFO - No improve (11/80)
2026-02-18 01:52:35,029 - steps.encdec - INFO - Epoch 752/1000
2026-02-18 01:53:32,702 - steps.encdec - INFO - No improve (12/80)
2026-02-18 01:53:32,702 - steps.encdec - INFO - Epoch 753/1000
2026-02-18 01:54:30,392 - steps.encdec - INFO - No improve (13/80)
2026-02-18 01:54:30,392 - steps.encdec - INFO - Epoch 754/1000
2026-02-18 01:55:27,866 - steps.encdec - INFO - No improve (14/80)
2026-02-18 01:55:27,866 - steps.encdec - INFO - Epoch 755/1000
2026-02-18 01:56:25,392 - steps.encdec - INFO - No improve (15/80)
2026-02-18 01:56:25,392 - steps.encdec - INFO - Epoch 756/1000
2026-02-18 01:57:23,648 - steps.encdec - INFO - No improve (16/80)
2026-02-18 01:57:23,648 - steps.encdec - INFO - Epoch 757/1000
2026-02-18 01:58:21,066 - steps.encdec - INFO - No improve (17/80)
2026-02-18 01:58:21,066 - steps.encdec - INFO - Epoch 758/1000
2026-02-18 01:59:18,394 - steps.encdec - INFO - No improve (18/80)
2026-02-18 01:59:18,394 - steps.encdec - INFO - Epoch 759/1000
2026-02-18 02:00:15,762 - steps.encdec - INFO - No improve (19/80)
2026-02-18 02:00:15,763 - steps.encdec - INFO - Epoch 760/1000
2026-02-18 02:01:13,385 - steps.encdec - INFO - No improve (20/80)
2026-02-18 02:01:13,385 - steps.encdec - INFO - Epoch 761/1000
2026-02-18 02:02:11,689 - steps.encdec - INFO - No improve (21/80)
2026-02-18 02:02:11,689 - steps.encdec - INFO - Epoch 762/1000
2026-02-18 02:03:09,253 - steps.encdec - INFO - No improve (22/80)
2026-02-18 02:03:09,253 - steps.encdec - INFO - Epoch 763/1000
2026-02-18 02:04:06,912 - steps.encdec - INFO - No improve (23/80)
2026-02-18 02:04:06,912 - steps.encdec - INFO - Epoch 764/1000
2026-02-18 02:05:04,594 - steps.encdec - INFO - No improve (24/80)
2026-02-18 02:05:04,594 - steps.encdec - INFO - Epoch 765/1000
2026-02-18 02:06:02,202 - steps.encdec - INFO - No improve (25/80)
2026-02-18 02:06:02,202 - steps.encdec - INFO - Epoch 766/1000
2026-02-18 02:07:00,380 - steps.encdec - INFO - No improve (26/80)
2026-02-18 02:07:00,380 - steps.encdec - INFO - Epoch 767/1000
2026-02-18 02:07:58,083 - steps.encdec - INFO - No improve (27/80)
2026-02-18 02:07:58,084 - steps.encdec - INFO - Epoch 768/1000
2026-02-18 02:08:55,534 - steps.encdec - INFO - No improve (28/80)
2026-02-18 02:08:55,535 - steps.encdec - INFO - Epoch 769/1000
2026-02-18 02:09:53,221 - steps.encdec - INFO - No improve (29/80)
2026-02-18 02:09:53,221 - steps.encdec - INFO - Epoch 770/1000
2026-02-18 02:10:51,039 - steps.encdec - INFO - No improve (30/80)
2026-02-18 02:10:51,039 - steps.encdec - INFO - Epoch 771/1000
2026-02-18 02:11:49,426 - steps.encdec - INFO - No improve (31/80)
2026-02-18 02:11:49,426 - steps.encdec - INFO - Epoch 772/1000
2026-02-18 02:12:47,150 - steps.encdec - INFO - No improve (32/80)
2026-02-18 02:12:47,150 - steps.encdec - INFO - Epoch 773/1000
2026-02-18 02:13:44,705 - steps.encdec - INFO - No improve (33/80)
2026-02-18 02:13:44,705 - steps.encdec - INFO - Epoch 774/1000
2026-02-18 02:14:42,187 - steps.encdec - INFO - No improve (34/80)
2026-02-18 02:14:42,187 - steps.encdec - INFO - Epoch 775/1000
2026-02-18 02:15:39,410 - steps.encdec - INFO - No improve (35/80)
2026-02-18 02:15:39,410 - steps.encdec - INFO - Epoch 776/1000
2026-02-18 02:16:37,682 - steps.encdec - INFO - No improve (36/80)
2026-02-18 02:16:37,682 - steps.encdec - INFO - Epoch 777/1000
2026-02-18 02:17:35,669 - steps.encdec - INFO - No improve (37/80)
2026-02-18 02:17:35,669 - steps.encdec - INFO - Epoch 778/1000
2026-02-18 02:18:33,696 - steps.encdec - INFO - No improve (38/80)
2026-02-18 02:18:33,696 - steps.encdec - INFO - Epoch 779/1000
2026-02-18 02:19:31,687 - steps.encdec - INFO - No improve (39/80)
2026-02-18 02:19:31,687 - steps.encdec - INFO - Epoch 780/1000
2026-02-18 02:20:29,344 - steps.encdec - INFO - No improve (40/80)
2026-02-18 02:20:29,344 - steps.encdec - INFO - Epoch 781/1000
2026-02-18 02:21:27,305 - steps.encdec - INFO - No improve (41/80)
2026-02-18 02:21:27,305 - steps.encdec - INFO - Epoch 782/1000
2026-02-18 02:22:24,671 - steps.encdec - INFO - No improve (42/80)
2026-02-18 02:22:24,671 - steps.encdec - INFO - Epoch 783/1000
2026-02-18 02:23:21,987 - steps.encdec - INFO - No improve (43/80)
2026-02-18 02:23:21,987 - steps.encdec - INFO - Epoch 784/1000
2026-02-18 02:24:19,256 - steps.encdec - INFO - No improve (44/80)
2026-02-18 02:24:19,256 - steps.encdec - INFO - Epoch 785/1000
2026-02-18 02:25:16,870 - steps.encdec - INFO - No improve (45/80)
2026-02-18 02:25:16,870 - steps.encdec - INFO - Epoch 786/1000
2026-02-18 02:26:14,959 - steps.encdec - INFO - New best val_score=0.017997 | saved ckpt -> cvae_model_enhanced.pkl
2026-02-18 02:26:14,959 - steps.encdec - INFO - Epoch 787/1000
2026-02-18 02:27:12,357 - steps.encdec - INFO - No improve (1/80)
2026-02-18 02:27:12,357 - steps.encdec - INFO - Epoch 788/1000
2026-02-18 02:28:09,946 - steps.encdec - INFO - No improve (2/80)
2026-02-18 02:28:09,946 - steps.encdec - INFO - Epoch 789/1000
2026-02-18 02:29:07,612 - steps.encdec - INFO - No improve (3/80)
2026-02-18 02:29:07,612 - steps.encdec - INFO - Epoch 790/1000
2026-02-18 02:30:05,328 - steps.encdec - INFO - No improve (4/80)
2026-02-18 02:30:05,329 - steps.encdec - INFO - Epoch 791/1000
2026-02-18 02:31:03,543 - steps.encdec - INFO - No improve (5/80)
2026-02-18 02:31:03,543 - steps.encdec - INFO - Epoch 792/1000
2026-02-18 02:32:01,115 - steps.encdec - INFO - No improve (6/80)
2026-02-18 02:32:01,115 - steps.encdec - INFO - Epoch 793/1000
2026-02-18 02:32:58,382 - steps.encdec - INFO - No improve (7/80)
2026-02-18 02:32:58,382 - steps.encdec - INFO - Epoch 794/1000
2026-02-18 02:33:55,754 - steps.encdec - INFO - No improve (8/80)
2026-02-18 02:33:55,754 - steps.encdec - INFO - Epoch 795/1000
2026-02-18 02:34:53,369 - steps.encdec - INFO - No improve (9/80)
2026-02-18 02:34:53,370 - steps.encdec - INFO - Epoch 796/1000
2026-02-18 02:35:51,157 - steps.encdec - INFO - No improve (10/80)
2026-02-18 02:35:51,157 - steps.encdec - INFO - Epoch 797/1000
2026-02-18 02:36:48,943 - steps.encdec - INFO - No improve (11/80)
2026-02-18 02:36:48,943 - steps.encdec - INFO - Epoch 798/1000
2026-02-18 02:37:46,860 - steps.encdec - INFO - No improve (12/80)
2026-02-18 02:37:46,860 - steps.encdec - INFO - Epoch 799/1000
2026-02-18 02:38:44,368 - steps.encdec - INFO - No improve (13/80)
2026-02-18 02:38:44,368 - steps.encdec - INFO - Epoch 800/1000
2026-02-18 02:39:41,840 - steps.encdec - INFO - No improve (14/80)
2026-02-18 02:39:41,841 - steps.encdec - INFO - Epoch 801/1000
2026-02-18 02:40:39,942 - steps.encdec - INFO - No improve (15/80)
2026-02-18 02:40:39,943 - steps.encdec - INFO - Epoch 802/1000
2026-02-18 02:41:37,376 - steps.encdec - INFO - No improve (16/80)
2026-02-18 02:41:37,376 - steps.encdec - INFO - Epoch 803/1000
2026-02-18 02:42:34,943 - steps.encdec - INFO - No improve (17/80)
2026-02-18 02:42:34,943 - steps.encdec - INFO - Epoch 804/1000
2026-02-18 02:43:32,749 - steps.encdec - INFO - No improve (18/80)
2026-02-18 02:43:32,749 - steps.encdec - INFO - Epoch 805/1000
2026-02-18 02:44:30,650 - steps.encdec - INFO - No improve (19/80)
2026-02-18 02:44:30,651 - steps.encdec - INFO - Epoch 806/1000
2026-02-18 02:45:29,148 - steps.encdec - INFO - No improve (20/80)
2026-02-18 02:45:29,148 - steps.encdec - INFO - Epoch 807/1000
2026-02-18 02:46:27,037 - steps.encdec - INFO - No improve (21/80)
2026-02-18 02:46:27,037 - steps.encdec - INFO - Epoch 808/1000
2026-02-18 02:47:24,655 - steps.encdec - INFO - No improve (22/80)
2026-02-18 02:47:24,655 - steps.encdec - INFO - Epoch 809/1000
2026-02-18 02:48:22,501 - steps.encdec - INFO - No improve (23/80)
2026-02-18 02:48:22,501 - steps.encdec - INFO - Epoch 810/1000
2026-02-18 02:49:20,093 - steps.encdec - INFO - No improve (24/80)
2026-02-18 02:49:20,093 - steps.encdec - INFO - Epoch 811/1000
2026-02-18 02:50:18,073 - steps.encdec - INFO - No improve (25/80)
2026-02-18 02:50:18,074 - steps.encdec - INFO - Epoch 812/1000
2026-02-18 02:51:15,461 - steps.encdec - INFO - No improve (26/80)
2026-02-18 02:51:15,461 - steps.encdec - INFO - Epoch 813/1000
2026-02-18 02:52:13,016 - steps.encdec - INFO - No improve (27/80)
2026-02-18 02:52:13,016 - steps.encdec - INFO - Epoch 814/1000
2026-02-18 02:53:10,567 - steps.encdec - INFO - No improve (28/80)
2026-02-18 02:53:10,567 - steps.encdec - INFO - Epoch 815/1000
2026-02-18 02:54:08,153 - steps.encdec - INFO - No improve (29/80)
2026-02-18 02:54:08,154 - steps.encdec - INFO - Epoch 816/1000
2026-02-18 02:55:06,311 - steps.encdec - INFO - No improve (30/80)
2026-02-18 02:55:06,311 - steps.encdec - INFO - Epoch 817/1000
2026-02-18 02:56:03,745 - steps.encdec - INFO - No improve (31/80)
2026-02-18 02:56:03,746 - steps.encdec - INFO - Epoch 818/1000
2026-02-18 02:57:01,221 - steps.encdec - INFO - No improve (32/80)
2026-02-18 02:57:01,221 - steps.encdec - INFO - Epoch 819/1000
2026-02-18 02:57:58,735 - steps.encdec - INFO - No improve (33/80)
2026-02-18 02:57:58,735 - steps.encdec - INFO - Epoch 820/1000
2026-02-18 02:58:56,373 - steps.encdec - INFO - No improve (34/80)
2026-02-18 02:58:56,373 - steps.encdec - INFO - Epoch 821/1000
2026-02-18 02:59:54,184 - steps.encdec - INFO - No improve (35/80)
2026-02-18 02:59:54,185 - steps.encdec - INFO - Epoch 822/1000
2026-02-18 03:00:51,418 - steps.encdec - INFO - No improve (36/80)
2026-02-18 03:00:51,419 - steps.encdec - INFO - Epoch 823/1000
2026-02-18 03:01:49,020 - steps.encdec - INFO - No improve (37/80)
2026-02-18 03:01:49,020 - steps.encdec - INFO - Epoch 824/1000
2026-02-18 03:02:46,712 - steps.encdec - INFO - No improve (38/80)
2026-02-18 03:02:46,712 - steps.encdec - INFO - Epoch 825/1000
2026-02-18 03:03:44,442 - steps.encdec - INFO - No improve (39/80)
2026-02-18 03:03:44,442 - steps.encdec - INFO - Epoch 826/1000
2026-02-18 03:04:43,054 - steps.encdec - INFO - No improve (40/80)
2026-02-18 03:04:43,054 - steps.encdec - INFO - Epoch 827/1000
2026-02-18 03:05:40,810 - steps.encdec - INFO - No improve (41/80)
2026-02-18 03:05:40,810 - steps.encdec - INFO - Epoch 828/1000
2026-02-18 03:06:38,488 - steps.encdec - INFO - No improve (42/80)
2026-02-18 03:06:38,488 - steps.encdec - INFO - Epoch 829/1000
2026-02-18 03:07:36,198 - steps.encdec - INFO - No improve (43/80)
2026-02-18 03:07:36,198 - steps.encdec - INFO - Epoch 830/1000
2026-02-18 03:08:33,780 - steps.encdec - INFO - No improve (44/80)
2026-02-18 03:08:33,780 - steps.encdec - INFO - Epoch 831/1000
2026-02-18 03:09:31,967 - steps.encdec - INFO - No improve (45/80)
2026-02-18 03:09:31,967 - steps.encdec - INFO - Epoch 832/1000
2026-02-18 03:10:29,347 - steps.encdec - INFO - No improve (46/80)
2026-02-18 03:10:29,347 - steps.encdec - INFO - Epoch 833/1000
2026-02-18 03:11:26,812 - steps.encdec - INFO - No improve (47/80)
2026-02-18 03:11:26,812 - steps.encdec - INFO - Epoch 834/1000
2026-02-18 03:12:24,338 - steps.encdec - INFO - No improve (48/80)
2026-02-18 03:12:24,338 - steps.encdec - INFO - Epoch 835/1000
2026-02-18 03:13:21,845 - steps.encdec - INFO - No improve (49/80)
2026-02-18 03:13:21,846 - steps.encdec - INFO - Epoch 836/1000
2026-02-18 03:14:19,890 - steps.encdec - INFO - No improve (50/80)
2026-02-18 03:14:19,890 - steps.encdec - INFO - Epoch 837/1000
2026-02-18 03:15:17,604 - steps.encdec - INFO - No improve (51/80)
2026-02-18 03:15:17,605 - steps.encdec - INFO - Epoch 838/1000
2026-02-18 03:16:15,279 - steps.encdec - INFO - No improve (52/80)
2026-02-18 03:16:15,279 - steps.encdec - INFO - Epoch 839/1000
2026-02-18 03:17:12,889 - steps.encdec - INFO - No improve (53/80)
2026-02-18 03:17:12,890 - steps.encdec - INFO - Epoch 840/1000
2026-02-18 03:18:10,243 - steps.encdec - INFO - No improve (54/80)
2026-02-18 03:18:10,243 - steps.encdec - INFO - Epoch 841/1000
2026-02-18 03:19:08,414 - steps.encdec - INFO - No improve (55/80)
2026-02-18 03:19:08,414 - steps.encdec - INFO - Epoch 842/1000
2026-02-18 03:20:05,797 - steps.encdec - INFO - No improve (56/80)
2026-02-18 03:20:05,798 - steps.encdec - INFO - Epoch 843/1000
2026-02-18 03:21:03,280 - steps.encdec - INFO - No improve (57/80)
2026-02-18 03:21:03,281 - steps.encdec - INFO - Epoch 844/1000
2026-02-18 03:22:00,981 - steps.encdec - INFO - No improve (58/80)
2026-02-18 03:22:00,981 - steps.encdec - INFO - Epoch 845/1000
2026-02-18 03:22:58,406 - steps.encdec - INFO - No improve (59/80)
2026-02-18 03:22:58,406 - steps.encdec - INFO - Epoch 846/1000
2026-02-18 03:23:56,349 - steps.encdec - INFO - No improve (60/80)
2026-02-18 03:23:56,350 - steps.encdec - INFO - Epoch 847/1000
2026-02-18 03:24:53,790 - steps.encdec - INFO - No improve (61/80)
2026-02-18 03:24:53,790 - steps.encdec - INFO - Epoch 848/1000
2026-02-18 03:25:51,303 - steps.encdec - INFO - No improve (62/80)
2026-02-18 03:25:51,303 - steps.encdec - INFO - Epoch 849/1000
2026-02-18 03:26:48,896 - steps.encdec - INFO - No improve (63/80)
2026-02-18 03:26:48,896 - steps.encdec - INFO - Epoch 850/1000
2026-02-18 03:27:46,857 - steps.encdec - INFO - No improve (64/80)
2026-02-18 03:27:46,857 - steps.encdec - INFO - Epoch 851/1000
2026-02-18 03:28:45,369 - steps.encdec - INFO - No improve (65/80)
2026-02-18 03:28:45,369 - steps.encdec - INFO - Epoch 852/1000
2026-02-18 03:29:43,352 - steps.encdec - INFO - No improve (66/80)
2026-02-18 03:29:43,352 - steps.encdec - INFO - Epoch 853/1000
2026-02-18 03:30:41,134 - steps.encdec - INFO - No improve (67/80)
2026-02-18 03:30:41,134 - steps.encdec - INFO - Epoch 854/1000
2026-02-18 03:31:38,572 - steps.encdec - INFO - No improve (68/80)
2026-02-18 03:31:38,573 - steps.encdec - INFO - Epoch 855/1000
2026-02-18 03:32:36,123 - steps.encdec - INFO - No improve (69/80)
2026-02-18 03:32:36,123 - steps.encdec - INFO - Epoch 856/1000
2026-02-18 03:33:34,258 - steps.encdec - INFO - No improve (70/80)
2026-02-18 03:33:34,258 - steps.encdec - INFO - Epoch 857/1000
2026-02-18 03:34:31,960 - steps.encdec - INFO - No improve (71/80)
2026-02-18 03:34:31,960 - steps.encdec - INFO - Epoch 858/1000
2026-02-18 03:35:29,408 - steps.encdec - INFO - No improve (72/80)
2026-02-18 03:35:29,408 - steps.encdec - INFO - Epoch 859/1000
2026-02-18 03:36:26,932 - steps.encdec - INFO - No improve (73/80)
2026-02-18 03:36:26,932 - steps.encdec - INFO - Epoch 860/1000
2026-02-18 03:37:24,560 - steps.encdec - INFO - No improve (74/80)
2026-02-18 03:37:24,561 - steps.encdec - INFO - Epoch 861/1000
2026-02-18 03:38:22,640 - steps.encdec - INFO - No improve (75/80)
2026-02-18 03:38:22,640 - steps.encdec - INFO - Epoch 862/1000
2026-02-18 03:39:20,061 - steps.encdec - INFO - No improve (76/80)
2026-02-18 03:39:20,062 - steps.encdec - INFO - Epoch 863/1000
2026-02-18 03:40:17,718 - steps.encdec - INFO - No improve (77/80)
2026-02-18 03:40:17,718 - steps.encdec - INFO - Epoch 864/1000
2026-02-18 03:41:15,332 - steps.encdec - INFO - No improve (78/80)
2026-02-18 03:41:15,333 - steps.encdec - INFO - Epoch 865/1000
2026-02-18 03:42:13,096 - steps.encdec - INFO - No improve (79/80)
2026-02-18 03:42:13,097 - steps.encdec - INFO - Epoch 866/1000
2026-02-18 03:43:11,308 - steps.encdec - INFO - No improve (80/80)
2026-02-18 03:43:11,309 - steps.encdec - INFO - Early stopping triggered
2026-02-18 03:43:11,309 - steps.encdec - INFO - ==================================================
2026-02-18 03:43:11,309 - steps.encdec - INFO - TRAINING FINISHED
2026-02-18 03:43:11,309 - steps.encdec - INFO - Best Epoch: 786
2026-02-18 03:43:11,309 - steps.encdec - INFO - Best Validation Metrics:
2026-02-18 03:43:11,309 - steps.encdec - INFO -   - total_loss: 0.021031
2026-02-18 03:43:11,309 - steps.encdec - INFO -   - recon_loss: 0.016120
2026-02-18 03:43:11,309 - steps.encdec - INFO -   - recon_data_loss: 0.015926
2026-02-18 03:43:11,309 - steps.encdec - INFO -   - recon_mask_loss: 0.000194
2026-02-18 03:43:11,309 - steps.encdec - INFO -   - kld_loss: 3.033843
2026-02-18 03:43:11,309 - steps.encdec - INFO -   - kld_free: 3.033843
2026-02-18 03:43:11,309 - steps.encdec - INFO -   - causal_loss: 0.009386
2026-02-18 03:43:11,309 - steps.encdec - INFO -   - current_beta: 0.001000
2026-02-18 03:43:11,309 - steps.encdec - INFO - Best Validation Score (recon + gamma*causal): 0.017997
2026-02-18 03:43:11,309 - steps.encdec - INFO - ==================================================
2026-02-18 03:43:12,435 - steps.encdec - INFO - Saved loss curves -> cvae_loss_curves.png
2026-02-18 03:43:29,022 - steps.encdec - INFO - Saved encoded data (shape=(540000, 32)) -> cvae_encoded_data_enhanced.pkl
2026-02-18 12:25:11,632 - steps.encdec - INFO - Step: encdec | training CausalVAE
2026-02-18 12:25:11,649 - steps.encdec - INFO - Device: cuda
2026-02-18 12:27:37,551 - steps.encdec - INFO - Dims | input_dim=29 seq_len=60 num_total_features=29
2026-02-18 12:27:44,982 - steps.encdec - INFO - Start from scratch | resume=False | ckpt_exists=True
2026-02-18 12:27:44,982 - steps.encdec - INFO - Epoch 1/1000
2026-02-18 12:28:46,950 - steps.encdec - INFO - New best val_score=0.585532 | saved ckpt -> cvae_model_enhanced.pkl
2026-02-18 12:28:46,950 - steps.encdec - INFO - Epoch 2/1000
2026-02-18 12:29:44,992 - steps.encdec - INFO - New best val_score=0.580953 | saved ckpt -> cvae_model_enhanced.pkl
2026-02-18 12:29:44,993 - steps.encdec - INFO - Epoch 3/1000
2026-02-18 12:30:43,099 - steps.encdec - INFO - New best val_score=0.568469 | saved ckpt -> cvae_model_enhanced.pkl
2026-02-18 12:30:43,099 - steps.encdec - INFO - Epoch 4/1000
2026-02-18 12:31:41,268 - steps.encdec - INFO - New best val_score=0.557835 | saved ckpt -> cvae_model_enhanced.pkl
2026-02-18 12:31:41,268 - steps.encdec - INFO - Epoch 5/1000
2026-02-18 12:32:39,182 - steps.encdec - INFO - New best val_score=0.528823 | saved ckpt -> cvae_model_enhanced.pkl
2026-02-18 12:32:39,182 - steps.encdec - INFO - Epoch 6/1000
2026-02-18 12:33:37,773 - steps.encdec - INFO - New best val_score=0.485997 | saved ckpt -> cvae_model_enhanced.pkl
2026-02-18 12:33:37,773 - steps.encdec - INFO - Epoch 7/1000
2026-02-18 12:34:35,534 - steps.encdec - INFO - New best val_score=0.448313 | saved ckpt -> cvae_model_enhanced.pkl
2026-02-18 12:34:35,534 - steps.encdec - INFO - Epoch 8/1000
2026-02-18 12:35:33,437 - steps.encdec - INFO - New best val_score=0.418798 | saved ckpt -> cvae_model_enhanced.pkl
2026-02-18 12:35:33,437 - steps.encdec - INFO - Epoch 9/1000
2026-02-18 12:36:31,634 - steps.encdec - INFO - New best val_score=0.400563 | saved ckpt -> cvae_model_enhanced.pkl
2026-02-18 12:36:31,634 - steps.encdec - INFO - Epoch 10/1000
2026-02-18 12:37:29,804 - steps.encdec - INFO - New best val_score=0.390720 | saved ckpt -> cvae_model_enhanced.pkl
2026-02-18 12:37:29,804 - steps.encdec - INFO - Epoch 11/1000
2026-02-18 12:38:28,607 - steps.encdec - INFO - New best val_score=0.378167 | saved ckpt -> cvae_model_enhanced.pkl
2026-02-18 12:38:28,607 - steps.encdec - INFO - Epoch 12/1000
2026-02-18 12:39:26,851 - steps.encdec - INFO - New best val_score=0.369897 | saved ckpt -> cvae_model_enhanced.pkl
2026-02-18 12:39:26,851 - steps.encdec - INFO - Epoch 13/1000
2026-02-18 12:40:24,949 - steps.encdec - INFO - New best val_score=0.350669 | saved ckpt -> cvae_model_enhanced.pkl
2026-02-18 12:40:24,950 - steps.encdec - INFO - Epoch 14/1000
2026-02-18 12:41:22,839 - steps.encdec - INFO - New best val_score=0.332801 | saved ckpt -> cvae_model_enhanced.pkl
2026-02-18 12:41:22,839 - steps.encdec - INFO - Epoch 15/1000
2026-02-18 12:42:20,949 - steps.encdec - INFO - New best val_score=0.322443 | saved ckpt -> cvae_model_enhanced.pkl
2026-02-18 12:42:20,949 - steps.encdec - INFO - Epoch 16/1000
2026-02-18 12:43:19,845 - steps.encdec - INFO - New best val_score=0.307628 | saved ckpt -> cvae_model_enhanced.pkl
2026-02-18 12:43:19,846 - steps.encdec - INFO - Epoch 17/1000
2026-02-18 12:44:18,123 - steps.encdec - INFO - New best val_score=0.295024 | saved ckpt -> cvae_model_enhanced.pkl
2026-02-18 12:44:18,123 - steps.encdec - INFO - Epoch 18/1000
2026-02-18 12:45:16,467 - steps.encdec - INFO - New best val_score=0.291133 | saved ckpt -> cvae_model_enhanced.pkl
2026-02-18 12:45:16,467 - steps.encdec - INFO - Epoch 19/1000
2026-02-18 12:46:14,863 - steps.encdec - INFO - New best val_score=0.285597 | saved ckpt -> cvae_model_enhanced.pkl
2026-02-18 12:46:14,864 - steps.encdec - INFO - Epoch 20/1000
2026-02-18 12:47:12,908 - steps.encdec - INFO - New best val_score=0.277061 | saved ckpt -> cvae_model_enhanced.pkl
2026-02-18 12:47:12,908 - steps.encdec - INFO - Epoch 21/1000
2026-02-18 12:48:11,196 - steps.encdec - INFO - No improve (1/80)
2026-02-18 12:48:11,196 - steps.encdec - INFO - Epoch 22/1000
2026-02-18 12:49:09,168 - steps.encdec - INFO - New best val_score=0.265785 | saved ckpt -> cvae_model_enhanced.pkl
2026-02-18 12:49:09,168 - steps.encdec - INFO - Epoch 23/1000
2026-02-18 12:50:07,195 - steps.encdec - INFO - New best val_score=0.264339 | saved ckpt -> cvae_model_enhanced.pkl
2026-02-18 12:50:07,195 - steps.encdec - INFO - Epoch 24/1000
2026-02-18 12:51:05,361 - steps.encdec - INFO - New best val_score=0.258289 | saved ckpt -> cvae_model_enhanced.pkl
2026-02-18 12:51:05,362 - steps.encdec - INFO - Epoch 25/1000
2026-02-18 12:52:03,204 - steps.encdec - INFO - New best val_score=0.250320 | saved ckpt -> cvae_model_enhanced.pkl
2026-02-18 12:52:03,204 - steps.encdec - INFO - Epoch 26/1000
2026-02-18 12:53:01,671 - steps.encdec - INFO - New best val_score=0.244720 | saved ckpt -> cvae_model_enhanced.pkl
2026-02-18 12:53:01,671 - steps.encdec - INFO - Epoch 27/1000
2026-02-18 12:53:59,903 - steps.encdec - INFO - New best val_score=0.240583 | saved ckpt -> cvae_model_enhanced.pkl
2026-02-18 12:53:59,903 - steps.encdec - INFO - Epoch 28/1000
2026-02-18 12:54:57,537 - steps.encdec - INFO - New best val_score=0.233195 | saved ckpt -> cvae_model_enhanced.pkl
2026-02-18 12:54:57,537 - steps.encdec - INFO - Epoch 29/1000
2026-02-18 12:55:55,380 - steps.encdec - INFO - New best val_score=0.225601 | saved ckpt -> cvae_model_enhanced.pkl
2026-02-18 12:55:55,380 - steps.encdec - INFO - Epoch 30/1000
2026-02-18 12:56:53,432 - steps.encdec - INFO - New best val_score=0.221910 | saved ckpt -> cvae_model_enhanced.pkl
2026-02-18 12:56:53,432 - steps.encdec - INFO - Epoch 31/1000
2026-02-18 12:57:51,916 - steps.encdec - INFO - New best val_score=0.211998 | saved ckpt -> cvae_model_enhanced.pkl
2026-02-18 12:57:51,916 - steps.encdec - INFO - Epoch 32/1000
2026-02-18 12:58:49,776 - steps.encdec - INFO - New best val_score=0.204744 | saved ckpt -> cvae_model_enhanced.pkl
2026-02-18 12:58:49,776 - steps.encdec - INFO - Epoch 33/1000
2026-02-18 12:59:47,828 - steps.encdec - INFO - New best val_score=0.203634 | saved ckpt -> cvae_model_enhanced.pkl
2026-02-18 12:59:47,829 - steps.encdec - INFO - Epoch 34/1000
2026-02-18 13:00:46,063 - steps.encdec - INFO - New best val_score=0.199247 | saved ckpt -> cvae_model_enhanced.pkl
2026-02-18 13:00:46,064 - steps.encdec - INFO - Epoch 35/1000
2026-02-18 13:01:44,329 - steps.encdec - INFO - New best val_score=0.189105 | saved ckpt -> cvae_model_enhanced.pkl
2026-02-18 13:01:44,330 - steps.encdec - INFO - Epoch 36/1000
2026-02-18 13:02:43,000 - steps.encdec - INFO - New best val_score=0.188897 | saved ckpt -> cvae_model_enhanced.pkl
2026-02-18 13:02:43,001 - steps.encdec - INFO - Epoch 37/1000
2026-02-18 13:03:40,964 - steps.encdec - INFO - New best val_score=0.186132 | saved ckpt -> cvae_model_enhanced.pkl
2026-02-18 13:03:40,965 - steps.encdec - INFO - Epoch 38/1000
2026-02-18 13:04:39,017 - steps.encdec - INFO - New best val_score=0.176133 | saved ckpt -> cvae_model_enhanced.pkl
2026-02-18 13:04:39,017 - steps.encdec - INFO - Epoch 39/1000
2026-02-18 13:05:37,196 - steps.encdec - INFO - New best val_score=0.171729 | saved ckpt -> cvae_model_enhanced.pkl
2026-02-18 13:05:37,196 - steps.encdec - INFO - Epoch 40/1000
2026-02-18 13:06:35,407 - steps.encdec - INFO - No improve (1/80)
2026-02-18 13:06:35,408 - steps.encdec - INFO - Epoch 41/1000
2026-02-18 13:07:34,102 - steps.encdec - INFO - New best val_score=0.167431 | saved ckpt -> cvae_model_enhanced.pkl
2026-02-18 13:07:34,103 - steps.encdec - INFO - Epoch 42/1000
2026-02-18 13:08:32,202 - steps.encdec - INFO - New best val_score=0.163353 | saved ckpt -> cvae_model_enhanced.pkl
2026-02-18 13:08:32,203 - steps.encdec - INFO - Epoch 43/1000
2026-02-18 13:09:30,178 - steps.encdec - INFO - New best val_score=0.160966 | saved ckpt -> cvae_model_enhanced.pkl
2026-02-18 13:09:30,179 - steps.encdec - INFO - Epoch 44/1000
2026-02-18 13:10:28,044 - steps.encdec - INFO - New best val_score=0.156504 | saved ckpt -> cvae_model_enhanced.pkl
2026-02-18 13:10:28,044 - steps.encdec - INFO - Epoch 45/1000
2026-02-18 13:11:26,292 - steps.encdec - INFO - New best val_score=0.148474 | saved ckpt -> cvae_model_enhanced.pkl
2026-02-18 13:11:26,293 - steps.encdec - INFO - Epoch 46/1000
2026-02-18 13:12:25,250 - steps.encdec - INFO - No improve (1/80)
2026-02-18 13:12:25,250 - steps.encdec - INFO - Epoch 47/1000
2026-02-18 13:13:23,364 - steps.encdec - INFO - New best val_score=0.146904 | saved ckpt -> cvae_model_enhanced.pkl
2026-02-18 13:13:23,364 - steps.encdec - INFO - Epoch 48/1000
2026-02-18 13:14:21,327 - steps.encdec - INFO - New best val_score=0.140630 | saved ckpt -> cvae_model_enhanced.pkl
2026-02-18 13:14:21,328 - steps.encdec - INFO - Epoch 49/1000
2026-02-18 13:15:19,510 - steps.encdec - INFO - New best val_score=0.138517 | saved ckpt -> cvae_model_enhanced.pkl
2026-02-18 13:15:19,510 - steps.encdec - INFO - Epoch 50/1000
2026-02-18 13:16:17,638 - steps.encdec - INFO - New best val_score=0.135551 | saved ckpt -> cvae_model_enhanced.pkl
2026-02-18 13:16:17,638 - steps.encdec - INFO - Epoch 51/1000
2026-02-18 13:16:44,829 - steps.encdec - INFO - Step: encdec | training CausalVAE
2026-02-18 13:16:44,830 - steps.encdec - INFO - Device: cuda
2026-02-18 13:19:50,284 - steps.encdec - INFO - Dims | input_dim=29 seq_len=60 num_total_features=29
2026-02-18 13:19:58,093 - steps.encdec - INFO - Start from scratch | resume=False | ckpt_exists=False
2026-02-18 13:19:58,093 - steps.encdec - INFO - Epoch 1/1000
2026-02-18 13:20:59,990 - steps.encdec - INFO - New best val_score=0.596669 | saved ckpt -> cvae_model_kld_effective.pkl
2026-02-18 13:20:59,990 - steps.encdec - INFO - Epoch 2/1000
2026-02-18 13:21:58,261 - steps.encdec - INFO - New best val_score=0.566115 | saved ckpt -> cvae_model_kld_effective.pkl
2026-02-18 13:21:58,261 - steps.encdec - INFO - Epoch 3/1000
2026-02-18 13:22:56,859 - steps.encdec - INFO - New best val_score=0.558065 | saved ckpt -> cvae_model_kld_effective.pkl
2026-02-18 13:22:56,859 - steps.encdec - INFO - Epoch 4/1000
2026-02-18 13:23:55,228 - steps.encdec - INFO - New best val_score=0.505199 | saved ckpt -> cvae_model_kld_effective.pkl
2026-02-18 13:23:55,228 - steps.encdec - INFO - Epoch 5/1000
2026-02-18 13:24:53,670 - steps.encdec - INFO - New best val_score=0.482569 | saved ckpt -> cvae_model_kld_effective.pkl
2026-02-18 13:24:53,670 - steps.encdec - INFO - Epoch 6/1000
2026-02-18 13:25:52,707 - steps.encdec - INFO - New best val_score=0.462122 | saved ckpt -> cvae_model_kld_effective.pkl
2026-02-18 13:25:52,708 - steps.encdec - INFO - Epoch 7/1000
2026-02-18 13:26:51,258 - steps.encdec - INFO - New best val_score=0.444765 | saved ckpt -> cvae_model_kld_effective.pkl
2026-02-18 13:26:51,258 - steps.encdec - INFO - Epoch 8/1000
2026-02-18 13:27:49,834 - steps.encdec - INFO - New best val_score=0.429675 | saved ckpt -> cvae_model_kld_effective.pkl
2026-02-18 13:27:49,834 - steps.encdec - INFO - Epoch 9/1000
2026-02-18 13:28:48,212 - steps.encdec - INFO - No improve (1/100)
2026-02-18 13:28:48,212 - steps.encdec - INFO - Epoch 10/1000
2026-02-18 13:29:46,512 - steps.encdec - INFO - New best val_score=0.404419 | saved ckpt -> cvae_model_kld_effective.pkl
2026-02-18 13:29:46,513 - steps.encdec - INFO - Epoch 11/1000
2026-02-18 13:30:45,535 - steps.encdec - INFO - No improve (1/100)
2026-02-18 13:30:45,535 - steps.encdec - INFO - Epoch 12/1000
2026-02-18 13:31:44,263 - steps.encdec - INFO - No improve (2/100)
2026-02-18 13:31:44,264 - steps.encdec - INFO - Epoch 13/1000
2026-02-18 13:32:42,887 - steps.encdec - INFO - No improve (3/100)
2026-02-18 13:32:42,887 - steps.encdec - INFO - Epoch 14/1000
2026-02-18 13:33:41,616 - steps.encdec - INFO - No improve (4/100)
2026-02-18 13:33:41,616 - steps.encdec - INFO - Epoch 15/1000
2026-02-18 13:34:40,322 - steps.encdec - INFO - No improve (5/100)
2026-02-18 13:34:40,322 - steps.encdec - INFO - Epoch 16/1000
2026-02-18 13:35:39,379 - steps.encdec - INFO - No improve (6/100)
2026-02-18 13:35:39,380 - steps.encdec - INFO - Epoch 17/1000
2026-02-18 13:36:38,035 - steps.encdec - INFO - No improve (7/100)
2026-02-18 13:36:38,035 - steps.encdec - INFO - Epoch 18/1000
2026-02-18 13:37:36,632 - steps.encdec - INFO - No improve (8/100)
2026-02-18 13:37:36,632 - steps.encdec - INFO - Epoch 19/1000
2026-02-18 13:38:35,386 - steps.encdec - INFO - No improve (9/100)
2026-02-18 13:38:35,386 - steps.encdec - INFO - Epoch 20/1000
2026-02-18 13:39:34,094 - steps.encdec - INFO - No improve (10/100)
2026-02-18 13:39:34,094 - steps.encdec - INFO - Epoch 21/1000
2026-02-18 13:40:33,026 - steps.encdec - INFO - No improve (11/100)
2026-02-18 13:40:33,026 - steps.encdec - INFO - Epoch 22/1000
2026-02-18 13:41:31,409 - steps.encdec - INFO - No improve (12/100)
2026-02-18 13:41:31,409 - steps.encdec - INFO - Epoch 23/1000
2026-02-18 13:42:29,993 - steps.encdec - INFO - No improve (13/100)
2026-02-18 13:42:29,994 - steps.encdec - INFO - Epoch 24/1000
2026-02-18 13:43:28,531 - steps.encdec - INFO - No improve (14/100)
2026-02-18 13:43:28,531 - steps.encdec - INFO - Epoch 25/1000
2026-02-18 13:44:26,639 - steps.encdec - INFO - No improve (15/100)
2026-02-18 13:44:26,640 - steps.encdec - INFO - Epoch 26/1000
2026-02-18 13:45:25,772 - steps.encdec - INFO - No improve (16/100)
2026-02-18 13:45:25,772 - steps.encdec - INFO - Epoch 27/1000
2026-02-18 13:46:24,321 - steps.encdec - INFO - No improve (17/100)
2026-02-18 13:46:24,321 - steps.encdec - INFO - Epoch 28/1000
2026-02-18 13:47:22,963 - steps.encdec - INFO - No improve (18/100)
2026-02-18 13:47:22,963 - steps.encdec - INFO - Epoch 29/1000
2026-02-18 13:48:21,478 - steps.encdec - INFO - No improve (19/100)
2026-02-18 13:48:21,478 - steps.encdec - INFO - Epoch 30/1000
2026-02-18 13:49:19,705 - steps.encdec - INFO - No improve (20/100)
2026-02-18 13:49:19,706 - steps.encdec - INFO - Epoch 31/1000
2026-02-18 13:50:18,599 - steps.encdec - INFO - No improve (21/100)
2026-02-18 13:50:18,599 - steps.encdec - INFO - Epoch 32/1000
2026-02-18 13:51:16,965 - steps.encdec - INFO - No improve (22/100)
2026-02-18 13:51:16,966 - steps.encdec - INFO - Epoch 33/1000
2026-02-18 13:52:15,070 - steps.encdec - INFO - No improve (23/100)
2026-02-18 13:52:15,070 - steps.encdec - INFO - Epoch 34/1000
2026-02-18 13:53:13,472 - steps.encdec - INFO - No improve (24/100)
2026-02-18 13:53:13,473 - steps.encdec - INFO - Epoch 35/1000
2026-02-18 13:54:11,981 - steps.encdec - INFO - No improve (25/100)
2026-02-18 13:54:11,981 - steps.encdec - INFO - Epoch 36/1000
2026-02-18 13:55:11,120 - steps.encdec - INFO - No improve (26/100)
2026-02-18 13:55:11,120 - steps.encdec - INFO - Epoch 37/1000
2026-02-18 13:56:09,627 - steps.encdec - INFO - No improve (27/100)
2026-02-18 13:56:09,628 - steps.encdec - INFO - Epoch 38/1000
2026-02-18 13:57:08,268 - steps.encdec - INFO - No improve (28/100)
2026-02-18 13:57:08,268 - steps.encdec - INFO - Epoch 39/1000
2026-02-18 13:58:06,966 - steps.encdec - INFO - No improve (29/100)
2026-02-18 13:58:06,966 - steps.encdec - INFO - Epoch 40/1000
2026-02-18 13:59:05,549 - steps.encdec - INFO - No improve (30/100)
2026-02-18 13:59:05,549 - steps.encdec - INFO - Epoch 41/1000
2026-02-18 14:00:04,632 - steps.encdec - INFO - No improve (31/100)
2026-02-18 14:00:04,632 - steps.encdec - INFO - Epoch 42/1000
2026-02-18 14:01:03,231 - steps.encdec - INFO - No improve (32/100)
2026-02-18 14:01:03,232 - steps.encdec - INFO - Epoch 43/1000
2026-02-18 14:02:01,434 - steps.encdec - INFO - No improve (33/100)
2026-02-18 14:02:01,434 - steps.encdec - INFO - Epoch 44/1000
2026-02-18 14:02:59,939 - steps.encdec - INFO - No improve (34/100)
2026-02-18 14:02:59,939 - steps.encdec - INFO - Epoch 45/1000
2026-02-18 14:03:58,248 - steps.encdec - INFO - No improve (35/100)
2026-02-18 14:03:58,248 - steps.encdec - INFO - Epoch 46/1000
2026-02-18 14:04:57,219 - steps.encdec - INFO - No improve (36/100)
2026-02-18 14:04:57,219 - steps.encdec - INFO - Epoch 47/1000
2026-02-18 14:05:55,612 - steps.encdec - INFO - No improve (37/100)
2026-02-18 14:05:55,612 - steps.encdec - INFO - Epoch 48/1000
2026-02-18 14:06:54,309 - steps.encdec - INFO - No improve (38/100)
2026-02-18 14:06:54,309 - steps.encdec - INFO - Epoch 49/1000
2026-02-18 14:07:52,683 - steps.encdec - INFO - No improve (39/100)
2026-02-18 14:07:52,683 - steps.encdec - INFO - Epoch 50/1000
2026-02-18 14:08:51,212 - steps.encdec - INFO - No improve (40/100)
2026-02-18 14:08:51,212 - steps.encdec - INFO - Epoch 51/1000
2026-02-18 14:09:50,132 - steps.encdec - INFO - No improve (41/100)
2026-02-18 14:09:50,132 - steps.encdec - INFO - Epoch 52/1000
2026-02-18 14:10:48,675 - steps.encdec - INFO - No improve (42/100)
2026-02-18 14:10:48,675 - steps.encdec - INFO - Epoch 53/1000
2026-02-18 14:11:47,254 - steps.encdec - INFO - No improve (43/100)
2026-02-18 14:11:47,254 - steps.encdec - INFO - Epoch 54/1000
2026-02-18 14:12:45,909 - steps.encdec - INFO - No improve (44/100)
2026-02-18 14:12:45,910 - steps.encdec - INFO - Epoch 55/1000
2026-02-18 14:13:44,763 - steps.encdec - INFO - No improve (45/100)
2026-02-18 14:13:44,763 - steps.encdec - INFO - Epoch 56/1000
2026-02-18 14:14:43,942 - steps.encdec - INFO - No improve (46/100)
2026-02-18 14:14:43,942 - steps.encdec - INFO - Epoch 57/1000
2026-02-18 14:15:42,395 - steps.encdec - INFO - No improve (47/100)
2026-02-18 14:15:42,395 - steps.encdec - INFO - Epoch 58/1000
2026-02-18 14:16:40,772 - steps.encdec - INFO - No improve (48/100)
2026-02-18 14:16:40,773 - steps.encdec - INFO - Epoch 59/1000
2026-02-18 14:17:39,032 - steps.encdec - INFO - No improve (49/100)
2026-02-18 14:17:39,032 - steps.encdec - INFO - Epoch 60/1000
2026-02-18 14:18:37,520 - steps.encdec - INFO - No improve (50/100)
2026-02-18 14:18:37,521 - steps.encdec - INFO - Epoch 61/1000
2026-02-18 14:19:36,723 - steps.encdec - INFO - No improve (51/100)
2026-02-18 14:19:36,723 - steps.encdec - INFO - Epoch 62/1000
2026-02-18 14:20:35,455 - steps.encdec - INFO - No improve (52/100)
2026-02-18 14:20:35,455 - steps.encdec - INFO - Epoch 63/1000
2026-02-18 14:21:33,841 - steps.encdec - INFO - No improve (53/100)
2026-02-18 14:21:33,841 - steps.encdec - INFO - Epoch 64/1000
2026-02-18 14:22:32,201 - steps.encdec - INFO - No improve (54/100)
2026-02-18 14:22:32,201 - steps.encdec - INFO - Epoch 65/1000
2026-02-18 14:23:31,046 - steps.encdec - INFO - No improve (55/100)
2026-02-18 14:23:31,047 - steps.encdec - INFO - Epoch 66/1000
2026-02-18 14:24:30,461 - steps.encdec - INFO - No improve (56/100)
2026-02-18 14:24:30,462 - steps.encdec - INFO - Epoch 67/1000
2026-02-18 14:25:29,156 - steps.encdec - INFO - No improve (57/100)
2026-02-18 14:25:29,156 - steps.encdec - INFO - Epoch 68/1000
2026-02-18 14:26:27,572 - steps.encdec - INFO - No improve (58/100)
2026-02-18 14:26:27,573 - steps.encdec - INFO - Epoch 69/1000
2026-02-18 14:27:25,915 - steps.encdec - INFO - No improve (59/100)
2026-02-18 14:27:25,916 - steps.encdec - INFO - Epoch 70/1000
2026-02-18 14:28:24,301 - steps.encdec - INFO - No improve (60/100)
2026-02-18 14:28:24,301 - steps.encdec - INFO - Epoch 71/1000
2026-02-18 14:29:23,269 - steps.encdec - INFO - No improve (61/100)
2026-02-18 14:29:23,269 - steps.encdec - INFO - Epoch 72/1000
2026-02-18 14:30:21,865 - steps.encdec - INFO - No improve (62/100)
2026-02-18 14:30:21,865 - steps.encdec - INFO - Epoch 73/1000
2026-02-18 14:31:20,373 - steps.encdec - INFO - No improve (63/100)
2026-02-18 14:31:20,373 - steps.encdec - INFO - Epoch 74/1000
2026-02-18 14:32:18,662 - steps.encdec - INFO - No improve (64/100)
2026-02-18 14:32:18,662 - steps.encdec - INFO - Epoch 75/1000
2026-02-18 14:33:17,252 - steps.encdec - INFO - No improve (65/100)
2026-02-18 14:33:17,253 - steps.encdec - INFO - Epoch 76/1000
2026-02-18 14:34:16,056 - steps.encdec - INFO - No improve (66/100)
2026-02-18 14:34:16,057 - steps.encdec - INFO - Epoch 77/1000
2026-02-18 14:35:14,088 - steps.encdec - INFO - No improve (67/100)
2026-02-18 14:35:14,089 - steps.encdec - INFO - Epoch 78/1000
2026-02-18 14:36:12,324 - steps.encdec - INFO - No improve (68/100)
2026-02-18 14:36:12,325 - steps.encdec - INFO - Epoch 79/1000
2026-02-18 14:37:10,451 - steps.encdec - INFO - No improve (69/100)
2026-02-18 14:37:10,451 - steps.encdec - INFO - Epoch 80/1000
2026-02-18 14:38:08,857 - steps.encdec - INFO - No improve (70/100)
2026-02-18 14:38:08,857 - steps.encdec - INFO - Epoch 81/1000
2026-02-18 14:39:08,022 - steps.encdec - INFO - No improve (71/100)
2026-02-18 14:39:08,022 - steps.encdec - INFO - Epoch 82/1000
2026-02-18 14:40:06,527 - steps.encdec - INFO - No improve (72/100)
2026-02-18 14:40:06,528 - steps.encdec - INFO - Epoch 83/1000
2026-02-18 14:41:04,520 - steps.encdec - INFO - No improve (73/100)
2026-02-18 14:41:04,520 - steps.encdec - INFO - Epoch 84/1000
2026-02-18 14:42:02,651 - steps.encdec - INFO - No improve (74/100)
2026-02-18 14:42:02,652 - steps.encdec - INFO - Epoch 85/1000
2026-02-18 14:43:00,972 - steps.encdec - INFO - No improve (75/100)
2026-02-18 14:43:00,972 - steps.encdec - INFO - Epoch 86/1000
2026-02-18 14:43:59,818 - steps.encdec - INFO - No improve (76/100)
2026-02-18 14:43:59,818 - steps.encdec - INFO - Epoch 87/1000
2026-02-18 14:44:57,943 - steps.encdec - INFO - No improve (77/100)
2026-02-18 14:44:57,944 - steps.encdec - INFO - Epoch 88/1000
2026-02-18 14:45:56,155 - steps.encdec - INFO - No improve (78/100)
2026-02-18 14:45:56,155 - steps.encdec - INFO - Epoch 89/1000
2026-02-18 14:46:54,375 - steps.encdec - INFO - No improve (79/100)
2026-02-18 14:46:54,375 - steps.encdec - INFO - Epoch 90/1000
2026-02-18 14:47:53,040 - steps.encdec - INFO - No improve (80/100)
2026-02-18 14:47:53,040 - steps.encdec - INFO - Epoch 91/1000
2026-02-18 14:48:52,111 - steps.encdec - INFO - No improve (81/100)
2026-02-18 14:48:52,112 - steps.encdec - INFO - Epoch 92/1000
2026-02-18 14:49:50,826 - steps.encdec - INFO - No improve (82/100)
2026-02-18 14:49:50,827 - steps.encdec - INFO - Epoch 93/1000
2026-02-18 14:50:49,631 - steps.encdec - INFO - No improve (83/100)
2026-02-18 14:50:49,632 - steps.encdec - INFO - Epoch 94/1000
2026-02-18 14:51:48,650 - steps.encdec - INFO - No improve (84/100)
2026-02-18 14:51:48,650 - steps.encdec - INFO - Epoch 95/1000
2026-02-18 14:52:47,132 - steps.encdec - INFO - No improve (85/100)
2026-02-18 14:52:47,132 - steps.encdec - INFO - Epoch 96/1000
2026-02-18 14:53:46,081 - steps.encdec - INFO - No improve (86/100)
2026-02-18 14:53:46,082 - steps.encdec - INFO - Epoch 97/1000
2026-02-18 14:54:44,863 - steps.encdec - INFO - No improve (87/100)
2026-02-18 14:54:44,863 - steps.encdec - INFO - Epoch 98/1000
2026-02-18 14:55:43,640 - steps.encdec - INFO - No improve (88/100)
2026-02-18 14:55:43,640 - steps.encdec - INFO - Epoch 99/1000
2026-02-18 14:56:42,108 - steps.encdec - INFO - No improve (89/100)
2026-02-18 14:56:42,109 - steps.encdec - INFO - Epoch 100/1000
2026-02-18 14:57:40,336 - steps.encdec - INFO - No improve (90/100)
2026-02-18 14:57:40,336 - steps.encdec - INFO - Epoch 101/1000
2026-02-18 14:58:39,569 - steps.encdec - INFO - No improve (91/100)
2026-02-18 14:58:39,569 - steps.encdec - INFO - Epoch 102/1000
2026-02-18 14:59:38,137 - steps.encdec - INFO - No improve (92/100)
2026-02-18 14:59:38,137 - steps.encdec - INFO - Epoch 103/1000
2026-02-18 15:00:36,726 - steps.encdec - INFO - No improve (93/100)
2026-02-18 15:00:36,726 - steps.encdec - INFO - Epoch 104/1000
2026-02-18 15:01:35,284 - steps.encdec - INFO - No improve (94/100)
2026-02-18 15:01:35,284 - steps.encdec - INFO - Epoch 105/1000
2026-02-18 15:02:34,191 - steps.encdec - INFO - No improve (95/100)
2026-02-18 15:02:34,191 - steps.encdec - INFO - Epoch 106/1000
2026-02-18 15:03:33,490 - steps.encdec - INFO - No improve (96/100)
2026-02-18 15:03:33,490 - steps.encdec - INFO - Epoch 107/1000
2026-02-18 15:04:32,068 - steps.encdec - INFO - No improve (97/100)
2026-02-18 15:04:32,069 - steps.encdec - INFO - Epoch 108/1000
2026-02-18 15:05:30,637 - steps.encdec - INFO - No improve (98/100)
2026-02-18 15:05:30,637 - steps.encdec - INFO - Epoch 109/1000
2026-02-18 15:06:29,127 - steps.encdec - INFO - No improve (99/100)
2026-02-18 15:06:29,127 - steps.encdec - INFO - Epoch 110/1000
2026-02-18 15:07:27,565 - steps.encdec - INFO - No improve (100/100)
2026-02-18 15:07:27,565 - steps.encdec - INFO - Early stopping triggered
2026-02-18 15:07:27,565 - steps.encdec - INFO - ==================================================
2026-02-18 15:07:27,565 - steps.encdec - INFO - TRAINING FINISHED
2026-02-18 15:07:27,565 - steps.encdec - INFO - Best Epoch: 10
2026-02-18 15:07:27,565 - steps.encdec - INFO - Best Validation Metrics:
2026-02-18 15:07:27,565 - steps.encdec - INFO -   - total_loss: 0.404419
2026-02-18 15:07:27,565 - steps.encdec - INFO -   - recon_loss: 0.398438
2026-02-18 15:07:27,565 - steps.encdec - INFO -   - recon_data_loss: 0.049585
2026-02-18 15:07:27,565 - steps.encdec - INFO -   - recon_mask_loss: 0.348853
2026-02-18 15:07:27,565 - steps.encdec - INFO -   - kld_loss: 68556.021026
2026-02-18 15:07:27,565 - steps.encdec - INFO -   - kld_free: 68556.021026
2026-02-18 15:07:27,565 - steps.encdec - INFO -   - causal_loss: 0.029902
2026-02-18 15:07:27,566 - steps.encdec - INFO -   - current_beta: 0.000000
2026-02-18 15:07:27,566 - steps.encdec - INFO - Best Validation Score (recon + gamma*causal): 0.404419
2026-02-18 15:07:27,566 - steps.encdec - INFO - ==================================================
2026-02-18 15:07:28,713 - steps.encdec - INFO - Saved loss curves -> cvae_loss_curves.png
2026-02-18 15:07:45,036 - steps.encdec - INFO - Saved encoded data (shape=(540000, 32)) -> cvae_encoded_data_kld_effective.pkl
2026-02-18 18:30:16,488 - steps.encdec - INFO - Step: encdec | training CausalVAE
2026-02-18 18:30:16,517 - steps.encdec - INFO - Device: cuda
2026-02-18 18:33:52,704 - steps.encdec - INFO - Dims | input_dim=29 seq_len=60 num_total_features=29
2026-02-18 18:34:04,362 - steps.encdec - INFO - Start from scratch | resume=False | ckpt_exists=True
2026-02-18 18:34:04,362 - steps.encdec - INFO - Epoch 1/1000
2026-02-18 18:35:13,546 - steps.encdec - INFO - New best val_score=0.569674 | saved ckpt -> cvae_model_kld_effective.pkl
2026-02-18 18:35:13,547 - steps.encdec - INFO - Epoch 2/1000
2026-02-18 18:36:14,079 - steps.encdec - INFO - New best val_score=0.546302 | saved ckpt -> cvae_model_kld_effective.pkl
2026-02-18 18:36:14,079 - steps.encdec - INFO - Epoch 3/1000
2026-02-18 18:37:14,668 - steps.encdec - INFO - New best val_score=0.481673 | saved ckpt -> cvae_model_kld_effective.pkl
2026-02-18 18:37:14,668 - steps.encdec - INFO - Epoch 4/1000
2026-02-18 18:38:15,649 - steps.encdec - INFO - New best val_score=0.443658 | saved ckpt -> cvae_model_kld_effective.pkl
2026-02-18 18:38:15,650 - steps.encdec - INFO - Epoch 5/1000
2026-02-18 18:39:15,932 - steps.encdec - INFO - New best val_score=0.433784 | saved ckpt -> cvae_model_kld_effective.pkl
2026-02-18 18:39:15,933 - steps.encdec - INFO - Epoch 6/1000
2026-02-18 18:40:17,259 - steps.encdec - INFO - No improve (1/100)
2026-02-18 18:40:17,259 - steps.encdec - INFO - Epoch 7/1000
2026-02-18 18:41:17,875 - steps.encdec - INFO - No improve (2/100)
2026-02-18 18:41:17,875 - steps.encdec - INFO - Epoch 8/1000
2026-02-18 18:42:18,503 - steps.encdec - INFO - New best val_score=0.411617 | saved ckpt -> cvae_model_kld_effective.pkl
2026-02-18 18:42:18,504 - steps.encdec - INFO - Epoch 9/1000
2026-02-18 18:43:18,577 - steps.encdec - INFO - New best val_score=0.402201 | saved ckpt -> cvae_model_kld_effective.pkl
2026-02-18 18:43:18,577 - steps.encdec - INFO - Epoch 10/1000
2026-02-18 18:44:18,779 - steps.encdec - INFO - New best val_score=0.382890 | saved ckpt -> cvae_model_kld_effective.pkl
2026-02-18 18:44:18,780 - steps.encdec - INFO - Epoch 11/1000
2026-02-18 18:45:19,548 - steps.encdec - INFO - New best val_score=0.367866 | saved ckpt -> cvae_model_kld_effective.pkl
2026-02-18 18:45:19,548 - steps.encdec - INFO - Epoch 12/1000
2026-02-18 18:46:19,878 - steps.encdec - INFO - No improve (1/100)
2026-02-18 18:46:19,878 - steps.encdec - INFO - Epoch 13/1000
2026-02-18 18:47:20,279 - steps.encdec - INFO - No improve (2/100)
2026-02-18 18:47:20,279 - steps.encdec - INFO - Epoch 14/1000
2026-02-18 18:48:20,526 - steps.encdec - INFO - No improve (3/100)
2026-02-18 18:48:20,526 - steps.encdec - INFO - Epoch 15/1000
2026-02-18 18:49:21,077 - steps.encdec - INFO - No improve (4/100)
2026-02-18 18:49:21,078 - steps.encdec - INFO - Epoch 16/1000
2026-02-18 18:50:21,989 - steps.encdec - INFO - No improve (5/100)
2026-02-18 18:50:21,989 - steps.encdec - INFO - Epoch 17/1000
2026-02-18 18:51:22,045 - steps.encdec - INFO - No improve (6/100)
2026-02-18 18:51:22,046 - steps.encdec - INFO - Epoch 18/1000
2026-02-18 18:52:22,144 - steps.encdec - INFO - No improve (7/100)
2026-02-18 18:52:22,144 - steps.encdec - INFO - Epoch 19/1000
2026-02-18 18:53:22,442 - steps.encdec - INFO - No improve (8/100)
2026-02-18 18:53:22,442 - steps.encdec - INFO - Epoch 20/1000
2026-02-18 18:54:22,695 - steps.encdec - INFO - No improve (9/100)
2026-02-18 18:54:22,696 - steps.encdec - INFO - Epoch 21/1000
2026-02-18 18:55:23,678 - steps.encdec - INFO - No improve (10/100)
2026-02-18 18:55:23,678 - steps.encdec - INFO - Epoch 22/1000
2026-02-18 18:56:24,046 - steps.encdec - INFO - No improve (11/100)
2026-02-18 18:56:24,047 - steps.encdec - INFO - Epoch 23/1000
2026-02-18 18:57:24,709 - steps.encdec - INFO - No improve (12/100)
2026-02-18 18:57:24,709 - steps.encdec - INFO - Epoch 24/1000
2026-02-18 18:58:25,541 - steps.encdec - INFO - No improve (13/100)
2026-02-18 18:58:25,542 - steps.encdec - INFO - Epoch 25/1000
2026-02-18 18:59:25,911 - steps.encdec - INFO - No improve (14/100)
2026-02-18 18:59:25,911 - steps.encdec - INFO - Epoch 26/1000
2026-02-18 19:00:26,814 - steps.encdec - INFO - No improve (15/100)
2026-02-18 19:00:26,814 - steps.encdec - INFO - Epoch 27/1000
2026-02-18 19:01:27,385 - steps.encdec - INFO - No improve (16/100)
2026-02-18 19:01:27,386 - steps.encdec - INFO - Epoch 28/1000
2026-02-18 19:02:27,811 - steps.encdec - INFO - No improve (17/100)
2026-02-18 19:02:27,812 - steps.encdec - INFO - Epoch 29/1000
2026-02-18 19:03:28,150 - steps.encdec - INFO - No improve (18/100)
2026-02-18 19:03:28,150 - steps.encdec - INFO - Epoch 30/1000
2026-02-18 19:04:28,563 - steps.encdec - INFO - No improve (19/100)
2026-02-18 19:04:28,563 - steps.encdec - INFO - Epoch 31/1000
2026-02-18 19:05:29,648 - steps.encdec - INFO - No improve (20/100)
2026-02-18 19:05:29,649 - steps.encdec - INFO - Epoch 32/1000
2026-02-18 19:06:30,296 - steps.encdec - INFO - No improve (21/100)
2026-02-18 19:06:30,297 - steps.encdec - INFO - Epoch 33/1000
2026-02-18 19:07:30,806 - steps.encdec - INFO - No improve (22/100)
2026-02-18 19:07:30,806 - steps.encdec - INFO - Epoch 34/1000
2026-02-18 19:08:31,319 - steps.encdec - INFO - No improve (23/100)
2026-02-18 19:08:31,319 - steps.encdec - INFO - Epoch 35/1000
2026-02-18 19:09:31,889 - steps.encdec - INFO - No improve (24/100)
2026-02-18 19:09:31,890 - steps.encdec - INFO - Epoch 36/1000
2026-02-18 19:10:33,040 - steps.encdec - INFO - No improve (25/100)
2026-02-18 19:10:33,041 - steps.encdec - INFO - Epoch 37/1000
2026-02-18 19:11:33,458 - steps.encdec - INFO - No improve (26/100)
2026-02-18 19:11:33,459 - steps.encdec - INFO - Epoch 38/1000
2026-02-18 19:12:34,187 - steps.encdec - INFO - No improve (27/100)
2026-02-18 19:12:34,187 - steps.encdec - INFO - Epoch 39/1000
2026-02-18 19:13:34,588 - steps.encdec - INFO - No improve (28/100)
2026-02-18 19:13:34,588 - steps.encdec - INFO - Epoch 40/1000
2026-02-18 19:14:34,973 - steps.encdec - INFO - No improve (29/100)
2026-02-18 19:14:34,973 - steps.encdec - INFO - Epoch 41/1000
2026-02-18 19:15:35,792 - steps.encdec - INFO - No improve (30/100)
2026-02-18 19:15:35,792 - steps.encdec - INFO - Epoch 42/1000
2026-02-18 19:16:36,167 - steps.encdec - INFO - No improve (31/100)
2026-02-18 19:16:36,167 - steps.encdec - INFO - Epoch 43/1000
2026-02-18 19:17:36,777 - steps.encdec - INFO - No improve (32/100)
2026-02-18 19:17:36,777 - steps.encdec - INFO - Epoch 44/1000
2026-02-18 19:18:37,314 - steps.encdec - INFO - No improve (33/100)
2026-02-18 19:18:37,314 - steps.encdec - INFO - Epoch 45/1000
2026-02-18 19:19:37,739 - steps.encdec - INFO - No improve (34/100)
2026-02-18 19:19:37,739 - steps.encdec - INFO - Epoch 46/1000
2026-02-18 19:20:38,808 - steps.encdec - INFO - No improve (35/100)
2026-02-18 19:20:38,808 - steps.encdec - INFO - Epoch 47/1000
2026-02-18 19:21:39,228 - steps.encdec - INFO - No improve (36/100)
2026-02-18 19:21:39,229 - steps.encdec - INFO - Epoch 48/1000
2026-02-18 19:22:39,877 - steps.encdec - INFO - No improve (37/100)
2026-02-18 19:22:39,877 - steps.encdec - INFO - Epoch 49/1000
2026-02-18 19:23:40,504 - steps.encdec - INFO - No improve (38/100)
2026-02-18 19:23:40,504 - steps.encdec - INFO - Epoch 50/1000
2026-02-18 19:24:40,964 - steps.encdec - INFO - No improve (39/100)
2026-02-18 19:24:40,965 - steps.encdec - INFO - Epoch 51/1000
2026-02-18 19:25:43,568 - steps.encdec - INFO - No improve (40/100)
2026-02-18 19:25:43,568 - steps.encdec - INFO - Epoch 52/1000
2026-02-18 19:26:45,615 - steps.encdec - INFO - No improve (41/100)
2026-02-18 19:26:45,616 - steps.encdec - INFO - Epoch 53/1000
2026-02-18 19:27:48,880 - steps.encdec - INFO - No improve (42/100)
2026-02-18 19:27:48,880 - steps.encdec - INFO - Epoch 54/1000
2026-02-18 19:28:49,273 - steps.encdec - INFO - No improve (43/100)
2026-02-18 19:28:49,273 - steps.encdec - INFO - Epoch 55/1000
2026-02-18 19:29:49,774 - steps.encdec - INFO - No improve (44/100)
2026-02-18 19:29:49,774 - steps.encdec - INFO - Epoch 56/1000
2026-02-18 19:30:53,246 - steps.encdec - INFO - No improve (45/100)
2026-02-18 19:30:53,246 - steps.encdec - INFO - Epoch 57/1000
2026-02-18 19:31:53,806 - steps.encdec - INFO - No improve (46/100)
2026-02-18 19:31:53,806 - steps.encdec - INFO - Epoch 58/1000
2026-02-18 19:32:54,486 - steps.encdec - INFO - No improve (47/100)
2026-02-18 19:32:54,486 - steps.encdec - INFO - Epoch 59/1000
2026-02-18 19:33:55,721 - steps.encdec - INFO - No improve (48/100)
2026-02-18 19:33:55,721 - steps.encdec - INFO - Epoch 60/1000
2026-02-18 19:34:58,259 - steps.encdec - INFO - No improve (49/100)
2026-02-18 19:34:58,259 - steps.encdec - INFO - Epoch 61/1000
2026-02-18 19:36:00,832 - steps.encdec - INFO - No improve (50/100)
2026-02-18 19:36:00,833 - steps.encdec - INFO - Epoch 62/1000
2026-02-18 19:37:03,656 - steps.encdec - INFO - No improve (51/100)
2026-02-18 19:37:03,656 - steps.encdec - INFO - Epoch 63/1000
2026-02-18 19:38:04,055 - steps.encdec - INFO - No improve (52/100)
2026-02-18 19:38:04,055 - steps.encdec - INFO - Epoch 64/1000
2026-02-18 19:39:04,649 - steps.encdec - INFO - No improve (53/100)
2026-02-18 19:39:04,650 - steps.encdec - INFO - Epoch 65/1000
2026-02-18 19:40:05,219 - steps.encdec - INFO - No improve (54/100)
2026-02-18 19:40:05,219 - steps.encdec - INFO - Epoch 66/1000
2026-02-18 19:41:06,302 - steps.encdec - INFO - No improve (55/100)
2026-02-18 19:41:06,302 - steps.encdec - INFO - Epoch 67/1000
2026-02-18 19:42:06,751 - steps.encdec - INFO - No improve (56/100)
2026-02-18 19:42:06,751 - steps.encdec - INFO - Epoch 68/1000
2026-02-18 19:43:07,289 - steps.encdec - INFO - No improve (57/100)
2026-02-18 19:43:07,289 - steps.encdec - INFO - Epoch 69/1000
2026-02-18 19:44:07,976 - steps.encdec - INFO - No improve (58/100)
2026-02-18 19:44:07,976 - steps.encdec - INFO - Epoch 70/1000
2026-02-18 19:45:08,732 - steps.encdec - INFO - No improve (59/100)
2026-02-18 19:45:08,733 - steps.encdec - INFO - Epoch 71/1000
2026-02-18 19:46:11,494 - steps.encdec - INFO - No improve (60/100)
2026-02-18 19:46:11,494 - steps.encdec - INFO - Epoch 72/1000
2026-02-18 19:47:15,007 - steps.encdec - INFO - No improve (61/100)
2026-02-18 19:47:15,007 - steps.encdec - INFO - Epoch 73/1000
2026-02-18 19:48:17,774 - steps.encdec - INFO - No improve (62/100)
2026-02-18 19:48:17,774 - steps.encdec - INFO - Epoch 74/1000
2026-02-18 19:49:20,494 - steps.encdec - INFO - No improve (63/100)
2026-02-18 19:49:20,494 - steps.encdec - INFO - Epoch 75/1000
2026-02-18 19:50:23,482 - steps.encdec - INFO - No improve (64/100)
2026-02-18 19:50:23,482 - steps.encdec - INFO - Epoch 76/1000
2026-02-18 19:51:27,342 - steps.encdec - INFO - No improve (65/100)
2026-02-18 19:51:27,343 - steps.encdec - INFO - Epoch 77/1000
2026-02-18 19:52:30,582 - steps.encdec - INFO - No improve (66/100)
2026-02-18 19:52:30,582 - steps.encdec - INFO - Epoch 78/1000
2026-02-18 19:53:33,208 - steps.encdec - INFO - No improve (67/100)
2026-02-18 19:53:33,208 - steps.encdec - INFO - Epoch 79/1000
2026-02-18 19:54:35,478 - steps.encdec - INFO - No improve (68/100)
2026-02-18 19:54:35,478 - steps.encdec - INFO - Epoch 80/1000
2026-02-18 19:55:37,161 - steps.encdec - INFO - No improve (69/100)
2026-02-18 19:55:37,161 - steps.encdec - INFO - Epoch 81/1000
2026-02-18 19:56:39,700 - steps.encdec - INFO - No improve (70/100)
2026-02-18 19:56:39,700 - steps.encdec - INFO - Epoch 82/1000
2026-02-18 19:57:41,486 - steps.encdec - INFO - No improve (71/100)
2026-02-18 19:57:41,486 - steps.encdec - INFO - Epoch 83/1000
2026-02-18 19:58:43,743 - steps.encdec - INFO - No improve (72/100)
2026-02-18 19:58:43,744 - steps.encdec - INFO - Epoch 84/1000
2026-02-18 19:59:46,235 - steps.encdec - INFO - No improve (73/100)
2026-02-18 19:59:46,236 - steps.encdec - INFO - Epoch 85/1000
2026-02-18 20:00:48,134 - steps.encdec - INFO - No improve (74/100)
2026-02-18 20:00:48,134 - steps.encdec - INFO - Epoch 86/1000
2026-02-18 20:01:51,196 - steps.encdec - INFO - No improve (75/100)
2026-02-18 20:01:51,196 - steps.encdec - INFO - Epoch 87/1000
2026-02-18 20:02:53,207 - steps.encdec - INFO - No improve (76/100)
2026-02-18 20:02:53,207 - steps.encdec - INFO - Epoch 88/1000
2026-02-18 20:03:55,347 - steps.encdec - INFO - No improve (77/100)
2026-02-18 20:03:55,347 - steps.encdec - INFO - Epoch 89/1000
2026-02-18 20:04:57,628 - steps.encdec - INFO - No improve (78/100)
2026-02-18 20:04:57,629 - steps.encdec - INFO - Epoch 90/1000
2026-02-18 20:06:00,008 - steps.encdec - INFO - No improve (79/100)
2026-02-18 20:06:00,008 - steps.encdec - INFO - Epoch 91/1000
2026-02-18 20:07:02,780 - steps.encdec - INFO - No improve (80/100)
2026-02-18 20:07:02,780 - steps.encdec - INFO - Epoch 92/1000
2026-02-18 20:08:05,054 - steps.encdec - INFO - No improve (81/100)
2026-02-18 20:08:05,054 - steps.encdec - INFO - Epoch 93/1000
2026-02-18 20:09:07,764 - steps.encdec - INFO - No improve (82/100)
2026-02-18 20:09:07,764 - steps.encdec - INFO - Epoch 94/1000
2026-02-18 20:10:10,177 - steps.encdec - INFO - No improve (83/100)
2026-02-18 20:10:10,178 - steps.encdec - INFO - Epoch 95/1000
2026-02-18 20:11:12,405 - steps.encdec - INFO - No improve (84/100)
2026-02-18 20:11:12,406 - steps.encdec - INFO - Epoch 96/1000
2026-02-18 20:12:14,879 - steps.encdec - INFO - No improve (85/100)
2026-02-18 20:12:14,879 - steps.encdec - INFO - Epoch 97/1000
2026-02-18 20:13:16,618 - steps.encdec - INFO - No improve (86/100)
2026-02-18 20:13:16,619 - steps.encdec - INFO - Epoch 98/1000
2026-02-18 20:14:18,395 - steps.encdec - INFO - No improve (87/100)
2026-02-18 20:14:18,395 - steps.encdec - INFO - Epoch 99/1000
2026-02-18 20:15:20,416 - steps.encdec - INFO - No improve (88/100)
2026-02-18 20:15:20,416 - steps.encdec - INFO - Epoch 100/1000
2026-02-18 20:16:22,240 - steps.encdec - INFO - No improve (89/100)
2026-02-18 20:16:22,240 - steps.encdec - INFO - Epoch 101/1000
2026-02-18 20:17:25,100 - steps.encdec - INFO - No improve (90/100)
2026-02-18 20:17:25,100 - steps.encdec - INFO - Epoch 102/1000
2026-02-18 20:18:27,362 - steps.encdec - INFO - No improve (91/100)
2026-02-18 20:18:27,363 - steps.encdec - INFO - Epoch 103/1000
2026-02-18 20:19:29,557 - steps.encdec - INFO - No improve (92/100)
2026-02-18 20:19:29,557 - steps.encdec - INFO - Epoch 104/1000
2026-02-18 20:20:31,687 - steps.encdec - INFO - No improve (93/100)
2026-02-18 20:20:31,687 - steps.encdec - INFO - Epoch 105/1000
2026-02-18 20:21:33,493 - steps.encdec - INFO - No improve (94/100)
2026-02-18 20:21:33,493 - steps.encdec - INFO - Epoch 106/1000
2026-02-18 20:22:35,862 - steps.encdec - INFO - No improve (95/100)
2026-02-18 20:22:35,862 - steps.encdec - INFO - Epoch 107/1000
2026-02-18 20:23:37,700 - steps.encdec - INFO - No improve (96/100)
2026-02-18 20:23:37,700 - steps.encdec - INFO - Epoch 108/1000
2026-02-18 20:24:39,960 - steps.encdec - INFO - No improve (97/100)
2026-02-18 20:24:39,960 - steps.encdec - INFO - Epoch 109/1000
2026-02-18 20:25:42,307 - steps.encdec - INFO - No improve (98/100)
2026-02-18 20:25:42,307 - steps.encdec - INFO - Epoch 110/1000
2026-02-18 20:26:43,166 - steps.encdec - INFO - No improve (99/100)
2026-02-18 20:26:43,166 - steps.encdec - INFO - Epoch 111/1000
2026-02-18 20:27:45,578 - steps.encdec - INFO - No improve (100/100)
2026-02-18 20:27:45,579 - steps.encdec - INFO - Early stopping triggered
2026-02-18 20:27:45,579 - steps.encdec - INFO - ==================================================
2026-02-18 20:27:45,579 - steps.encdec - INFO - TRAINING FINISHED
2026-02-18 20:27:45,579 - steps.encdec - INFO - Best Epoch: 11
2026-02-18 20:27:45,579 - steps.encdec - INFO - Best Validation Metrics:
2026-02-18 20:27:45,579 - steps.encdec - INFO -   - total_loss: 0.367866
2026-02-18 20:27:45,579 - steps.encdec - INFO -   - recon_loss: 0.360016
2026-02-18 20:27:45,579 - steps.encdec - INFO -   - recon_data_loss: 0.059349
2026-02-18 20:27:45,579 - steps.encdec - INFO -   - recon_mask_loss: 0.300667
2026-02-18 20:27:45,579 - steps.encdec - INFO -   - kld_loss: 50924.399656
2026-02-18 20:27:45,579 - steps.encdec - INFO -   - kld_free: 50924.399656
2026-02-18 20:27:45,579 - steps.encdec - INFO -   - causal_loss: 0.039249
2026-02-18 20:27:45,579 - steps.encdec - INFO -   - current_beta: 0.000000
2026-02-18 20:27:45,579 - steps.encdec - INFO - Best Validation Score (recon + gamma*causal): 0.367866
2026-02-18 20:27:45,579 - steps.encdec - INFO - ==================================================
2026-02-18 20:27:46,837 - steps.encdec - INFO - Saved loss curves -> cvae_loss_curves.png
2026-02-18 20:28:03,873 - steps.encdec - INFO - Saved encoded data (shape=(540000, 32)) -> cvae_encoded_data_kld_effective.pkl
2026-02-19 22:06:03,687 - steps.encdec - INFO - Step: encdec | training CausalVAE
2026-02-19 22:06:03,688 - steps.encdec - INFO - Device: cuda
2026-02-19 22:10:55,171 - steps.encdec - INFO - Dims | input_dim=29 seq_len=60 num_total_features=29
2026-02-19 22:11:05,949 - steps.encdec - INFO - Start from scratch | resume=False | ckpt_exists=False
2026-02-19 22:11:05,950 - steps.encdec - INFO - Epoch 1/1000
2026-02-19 22:12:14,534 - steps.encdec - INFO - New best val_score=0.711444 | saved ckpt -> cvae_model_stable_beta01.pkl
2026-02-19 22:12:14,534 - steps.encdec - INFO - Epoch 2/1000
2026-02-19 22:13:16,081 - steps.encdec - INFO - New best val_score=0.604284 | saved ckpt -> cvae_model_stable_beta01.pkl
2026-02-19 22:13:16,081 - steps.encdec - INFO - Epoch 3/1000
2026-02-19 22:14:17,772 - steps.encdec - INFO - New best val_score=0.569419 | saved ckpt -> cvae_model_stable_beta01.pkl
2026-02-19 22:14:17,772 - steps.encdec - INFO - Epoch 4/1000
2026-02-19 22:15:19,737 - steps.encdec - INFO - New best val_score=0.561620 | saved ckpt -> cvae_model_stable_beta01.pkl
2026-02-19 22:15:19,738 - steps.encdec - INFO - Epoch 5/1000
2026-02-19 22:16:21,516 - steps.encdec - INFO - New best val_score=0.559021 | saved ckpt -> cvae_model_stable_beta01.pkl
2026-02-19 22:16:21,516 - steps.encdec - INFO - Epoch 6/1000
2026-02-19 22:17:23,766 - steps.encdec - INFO - New best val_score=0.558141 | saved ckpt -> cvae_model_stable_beta01.pkl
2026-02-19 22:17:23,767 - steps.encdec - INFO - Epoch 7/1000
2026-02-19 22:18:25,379 - steps.encdec - INFO - New best val_score=0.550041 | saved ckpt -> cvae_model_stable_beta01.pkl
2026-02-19 22:18:25,379 - steps.encdec - INFO - Epoch 8/1000
2026-02-19 22:19:26,849 - steps.encdec - INFO - New best val_score=0.535066 | saved ckpt -> cvae_model_stable_beta01.pkl
2026-02-19 22:19:26,849 - steps.encdec - INFO - Epoch 9/1000
2026-02-19 22:20:28,374 - steps.encdec - INFO - New best val_score=0.524445 | saved ckpt -> cvae_model_stable_beta01.pkl
2026-02-19 22:20:28,374 - steps.encdec - INFO - Epoch 10/1000
2026-02-19 22:21:29,780 - steps.encdec - INFO - New best val_score=0.514697 | saved ckpt -> cvae_model_stable_beta01.pkl
2026-02-19 22:21:29,780 - steps.encdec - INFO - Epoch 11/1000
2026-02-19 22:22:31,720 - steps.encdec - INFO - New best val_score=0.507359 | saved ckpt -> cvae_model_stable_beta01.pkl
2026-02-19 22:22:31,721 - steps.encdec - INFO - Epoch 12/1000
2026-02-19 22:23:33,095 - steps.encdec - INFO - New best val_score=0.504689 | saved ckpt -> cvae_model_stable_beta01.pkl
2026-02-19 22:23:33,095 - steps.encdec - INFO - Epoch 13/1000
2026-02-19 22:24:34,753 - steps.encdec - INFO - New best val_score=0.498476 | saved ckpt -> cvae_model_stable_beta01.pkl
2026-02-19 22:24:34,753 - steps.encdec - INFO - Epoch 14/1000
2026-02-19 22:25:36,348 - steps.encdec - INFO - No improve (1/120)
2026-02-19 22:25:36,348 - steps.encdec - INFO - Epoch 15/1000
2026-02-19 22:26:37,708 - steps.encdec - INFO - No improve (2/120)
2026-02-19 22:26:37,708 - steps.encdec - INFO - Epoch 16/1000
2026-02-19 22:27:39,912 - steps.encdec - INFO - No improve (3/120)
2026-02-19 22:27:39,913 - steps.encdec - INFO - Epoch 17/1000
2026-02-19 22:28:41,547 - steps.encdec - INFO - No improve (4/120)
2026-02-19 22:28:41,547 - steps.encdec - INFO - Epoch 18/1000
2026-02-19 22:29:43,145 - steps.encdec - INFO - No improve (5/120)
2026-02-19 22:29:43,145 - steps.encdec - INFO - Epoch 19/1000
2026-02-19 22:30:44,966 - steps.encdec - INFO - No improve (6/120)
2026-02-19 22:30:44,966 - steps.encdec - INFO - Epoch 20/1000
2026-02-19 22:31:46,246 - steps.encdec - INFO - No improve (7/120)
2026-02-19 22:31:46,246 - steps.encdec - INFO - Epoch 21/1000
2026-02-19 22:32:48,153 - steps.encdec - INFO - No improve (8/120)
2026-02-19 22:32:48,153 - steps.encdec - INFO - Epoch 22/1000
2026-02-19 22:33:49,610 - steps.encdec - INFO - No improve (9/120)
2026-02-19 22:33:49,610 - steps.encdec - INFO - Epoch 23/1000
2026-02-19 22:34:50,973 - steps.encdec - INFO - No improve (10/120)
2026-02-19 22:34:50,973 - steps.encdec - INFO - Epoch 24/1000
2026-02-19 22:35:52,469 - steps.encdec - INFO - No improve (11/120)
2026-02-19 22:35:52,469 - steps.encdec - INFO - Epoch 25/1000
2026-02-19 22:36:54,193 - steps.encdec - INFO - No improve (12/120)
2026-02-19 22:36:54,194 - steps.encdec - INFO - Epoch 26/1000
2026-02-19 22:37:56,011 - steps.encdec - INFO - New best val_score=0.450223 | saved ckpt -> cvae_model_stable_beta01.pkl
2026-02-19 22:37:56,011 - steps.encdec - INFO - Epoch 27/1000
2026-02-19 22:38:57,408 - steps.encdec - INFO - New best val_score=0.447246 | saved ckpt -> cvae_model_stable_beta01.pkl
2026-02-19 22:38:57,408 - steps.encdec - INFO - Epoch 28/1000
2026-02-19 22:39:58,892 - steps.encdec - INFO - New best val_score=0.438564 | saved ckpt -> cvae_model_stable_beta01.pkl
2026-02-19 22:39:58,892 - steps.encdec - INFO - Epoch 29/1000
2026-02-19 22:41:00,387 - steps.encdec - INFO - New best val_score=0.420310 | saved ckpt -> cvae_model_stable_beta01.pkl
2026-02-19 22:41:00,387 - steps.encdec - INFO - Epoch 30/1000
2026-02-19 22:42:01,873 - steps.encdec - INFO - New best val_score=0.409869 | saved ckpt -> cvae_model_stable_beta01.pkl
2026-02-19 22:42:01,873 - steps.encdec - INFO - Epoch 31/1000
2026-02-19 22:43:03,759 - steps.encdec - INFO - No improve (1/120)
2026-02-19 22:43:03,759 - steps.encdec - INFO - Epoch 32/1000
2026-02-19 22:44:04,935 - steps.encdec - INFO - New best val_score=0.399961 | saved ckpt -> cvae_model_stable_beta01.pkl
2026-02-19 22:44:04,935 - steps.encdec - INFO - Epoch 33/1000
2026-02-19 22:45:06,340 - steps.encdec - INFO - No improve (1/120)
2026-02-19 22:45:06,340 - steps.encdec - INFO - Epoch 34/1000
2026-02-19 22:46:08,049 - steps.encdec - INFO - New best val_score=0.388204 | saved ckpt -> cvae_model_stable_beta01.pkl
2026-02-19 22:46:08,049 - steps.encdec - INFO - Epoch 35/1000
2026-02-19 22:47:09,580 - steps.encdec - INFO - New best val_score=0.378474 | saved ckpt -> cvae_model_stable_beta01.pkl
2026-02-19 22:47:09,580 - steps.encdec - INFO - Epoch 36/1000
2026-02-19 22:48:12,078 - steps.encdec - INFO - No improve (1/120)
2026-02-19 22:48:12,078 - steps.encdec - INFO - Epoch 37/1000
2026-02-19 22:49:13,997 - steps.encdec - INFO - New best val_score=0.373366 | saved ckpt -> cvae_model_stable_beta01.pkl
2026-02-19 22:49:13,997 - steps.encdec - INFO - Epoch 38/1000
2026-02-19 22:50:15,729 - steps.encdec - INFO - New best val_score=0.368284 | saved ckpt -> cvae_model_stable_beta01.pkl
2026-02-19 22:50:15,729 - steps.encdec - INFO - Epoch 39/1000
2026-02-19 22:51:17,289 - steps.encdec - INFO - New best val_score=0.352278 | saved ckpt -> cvae_model_stable_beta01.pkl
2026-02-19 22:51:17,289 - steps.encdec - INFO - Epoch 40/1000
2026-02-19 22:52:19,352 - steps.encdec - INFO - No improve (1/120)
2026-02-19 22:52:19,352 - steps.encdec - INFO - Epoch 41/1000
2026-02-19 22:53:21,716 - steps.encdec - INFO - No improve (2/120)
2026-02-19 22:53:21,716 - steps.encdec - INFO - Epoch 42/1000
2026-02-19 22:54:23,115 - steps.encdec - INFO - New best val_score=0.346275 | saved ckpt -> cvae_model_stable_beta01.pkl
2026-02-19 22:54:23,115 - steps.encdec - INFO - Epoch 43/1000
2026-02-19 22:55:24,603 - steps.encdec - INFO - New best val_score=0.340634 | saved ckpt -> cvae_model_stable_beta01.pkl
2026-02-19 22:55:24,603 - steps.encdec - INFO - Epoch 44/1000
2026-02-19 22:56:26,185 - steps.encdec - INFO - New best val_score=0.340595 | saved ckpt -> cvae_model_stable_beta01.pkl
2026-02-19 22:56:26,185 - steps.encdec - INFO - Epoch 45/1000
2026-02-19 22:57:27,512 - steps.encdec - INFO - No improve (1/120)
2026-02-19 22:57:27,512 - steps.encdec - INFO - Epoch 46/1000
2026-02-19 22:58:29,634 - steps.encdec - INFO - No improve (2/120)
2026-02-19 22:58:29,634 - steps.encdec - INFO - Epoch 47/1000
2026-02-19 22:59:31,212 - steps.encdec - INFO - New best val_score=0.335123 | saved ckpt -> cvae_model_stable_beta01.pkl
2026-02-19 22:59:31,213 - steps.encdec - INFO - Epoch 48/1000
2026-02-19 23:00:32,825 - steps.encdec - INFO - No improve (1/120)
2026-02-19 23:00:32,825 - steps.encdec - INFO - Epoch 49/1000
2026-02-19 23:01:34,407 - steps.encdec - INFO - No improve (2/120)
2026-02-19 23:01:34,407 - steps.encdec - INFO - Epoch 50/1000
2026-02-19 23:02:36,023 - steps.encdec - INFO - New best val_score=0.320424 | saved ckpt -> cvae_model_stable_beta01.pkl
2026-02-19 23:02:36,023 - steps.encdec - INFO - Epoch 51/1000
2026-02-19 23:03:38,428 - steps.encdec - INFO - No improve (1/120)
2026-02-19 23:03:38,428 - steps.encdec - INFO - Epoch 52/1000
2026-02-19 23:04:40,192 - steps.encdec - INFO - No improve (2/120)
2026-02-19 23:04:40,192 - steps.encdec - INFO - Epoch 53/1000
2026-02-19 23:05:41,933 - steps.encdec - INFO - No improve (3/120)
2026-02-19 23:05:41,934 - steps.encdec - INFO - Epoch 54/1000
2026-02-19 23:06:43,369 - steps.encdec - INFO - No improve (4/120)
2026-02-19 23:06:43,369 - steps.encdec - INFO - Epoch 55/1000
2026-02-19 23:07:44,945 - steps.encdec - INFO - No improve (5/120)
2026-02-19 23:07:44,945 - steps.encdec - INFO - Epoch 56/1000
2026-02-19 23:08:47,241 - steps.encdec - INFO - No improve (6/120)
2026-02-19 23:08:47,241 - steps.encdec - INFO - Epoch 57/1000
2026-02-19 23:09:48,573 - steps.encdec - INFO - No improve (7/120)
2026-02-19 23:09:48,574 - steps.encdec - INFO - Epoch 58/1000
2026-02-19 23:10:50,236 - steps.encdec - INFO - No improve (8/120)
2026-02-19 23:10:50,236 - steps.encdec - INFO - Epoch 59/1000
2026-02-19 23:11:51,709 - steps.encdec - INFO - No improve (9/120)
2026-02-19 23:11:51,709 - steps.encdec - INFO - Epoch 60/1000
2026-02-19 23:12:53,265 - steps.encdec - INFO - No improve (10/120)
2026-02-19 23:12:53,265 - steps.encdec - INFO - Epoch 61/1000
2026-02-19 23:13:55,595 - steps.encdec - INFO - No improve (11/120)
2026-02-19 23:13:55,595 - steps.encdec - INFO - Epoch 62/1000
2026-02-19 23:14:57,438 - steps.encdec - INFO - No improve (12/120)
2026-02-19 23:14:57,438 - steps.encdec - INFO - Epoch 63/1000
2026-02-19 23:15:59,180 - steps.encdec - INFO - No improve (13/120)
2026-02-19 23:15:59,180 - steps.encdec - INFO - Epoch 64/1000
2026-02-19 23:17:00,824 - steps.encdec - INFO - No improve (14/120)
2026-02-19 23:17:00,824 - steps.encdec - INFO - Epoch 65/1000
2026-02-19 23:18:02,665 - steps.encdec - INFO - No improve (15/120)
2026-02-19 23:18:02,665 - steps.encdec - INFO - Epoch 66/1000
2026-02-19 23:19:04,827 - steps.encdec - INFO - No improve (16/120)
2026-02-19 23:19:04,827 - steps.encdec - INFO - Epoch 67/1000
2026-02-19 23:20:06,699 - steps.encdec - INFO - No improve (17/120)
2026-02-19 23:20:06,699 - steps.encdec - INFO - Epoch 68/1000
2026-02-19 23:21:08,068 - steps.encdec - INFO - No improve (18/120)
2026-02-19 23:21:08,068 - steps.encdec - INFO - Epoch 69/1000
2026-02-19 23:22:09,582 - steps.encdec - INFO - No improve (19/120)
2026-02-19 23:22:09,583 - steps.encdec - INFO - Epoch 70/1000
2026-02-19 23:23:11,039 - steps.encdec - INFO - No improve (20/120)
2026-02-19 23:23:11,039 - steps.encdec - INFO - Epoch 71/1000
2026-02-19 23:24:13,150 - steps.encdec - INFO - No improve (21/120)
2026-02-19 23:24:13,150 - steps.encdec - INFO - Epoch 72/1000
2026-02-19 23:25:14,418 - steps.encdec - INFO - No improve (22/120)
2026-02-19 23:25:14,418 - steps.encdec - INFO - Epoch 73/1000
2026-02-19 23:26:15,889 - steps.encdec - INFO - No improve (23/120)
2026-02-19 23:26:15,889 - steps.encdec - INFO - Epoch 74/1000
2026-02-19 23:27:17,334 - steps.encdec - INFO - No improve (24/120)
2026-02-19 23:27:17,335 - steps.encdec - INFO - Epoch 75/1000
2026-02-19 23:28:18,879 - steps.encdec - INFO - No improve (25/120)
2026-02-19 23:28:18,880 - steps.encdec - INFO - Epoch 76/1000
2026-02-19 23:29:21,277 - steps.encdec - INFO - No improve (26/120)
2026-02-19 23:29:21,277 - steps.encdec - INFO - Epoch 77/1000
2026-02-19 23:30:22,677 - steps.encdec - INFO - No improve (27/120)
2026-02-19 23:30:22,677 - steps.encdec - INFO - Epoch 78/1000
2026-02-19 23:31:24,047 - steps.encdec - INFO - No improve (28/120)
2026-02-19 23:31:24,048 - steps.encdec - INFO - Epoch 79/1000
2026-02-19 23:32:25,788 - steps.encdec - INFO - No improve (29/120)
2026-02-19 23:32:25,788 - steps.encdec - INFO - Epoch 80/1000
2026-02-19 23:33:27,369 - steps.encdec - INFO - No improve (30/120)
2026-02-19 23:33:27,369 - steps.encdec - INFO - Epoch 81/1000
2026-02-19 23:34:29,408 - steps.encdec - INFO - No improve (31/120)
2026-02-19 23:34:29,409 - steps.encdec - INFO - Epoch 82/1000
2026-02-19 23:35:31,018 - steps.encdec - INFO - No improve (32/120)
2026-02-19 23:35:31,018 - steps.encdec - INFO - Epoch 83/1000
2026-02-19 23:36:32,667 - steps.encdec - INFO - No improve (33/120)
2026-02-19 23:36:32,667 - steps.encdec - INFO - Epoch 84/1000
2026-02-19 23:37:34,340 - steps.encdec - INFO - No improve (34/120)
2026-02-19 23:37:34,340 - steps.encdec - INFO - Epoch 85/1000
2026-02-19 23:38:35,652 - steps.encdec - INFO - No improve (35/120)
2026-02-19 23:38:35,652 - steps.encdec - INFO - Epoch 86/1000
2026-02-19 23:39:37,396 - steps.encdec - INFO - No improve (36/120)
2026-02-19 23:39:37,396 - steps.encdec - INFO - Epoch 87/1000
2026-02-19 23:40:39,201 - steps.encdec - INFO - No improve (37/120)
2026-02-19 23:40:39,201 - steps.encdec - INFO - Epoch 88/1000
2026-02-19 23:41:40,865 - steps.encdec - INFO - No improve (38/120)
2026-02-19 23:41:40,866 - steps.encdec - INFO - Epoch 89/1000
2026-02-19 23:42:42,459 - steps.encdec - INFO - No improve (39/120)
2026-02-19 23:42:42,459 - steps.encdec - INFO - Epoch 90/1000
2026-02-19 23:43:44,157 - steps.encdec - INFO - No improve (40/120)
2026-02-19 23:43:44,157 - steps.encdec - INFO - Epoch 91/1000
2026-02-19 23:44:46,139 - steps.encdec - INFO - No improve (41/120)
2026-02-19 23:44:46,140 - steps.encdec - INFO - Epoch 92/1000
2026-02-19 23:45:47,815 - steps.encdec - INFO - No improve (42/120)
2026-02-19 23:45:47,815 - steps.encdec - INFO - Epoch 93/1000
2026-02-19 23:46:49,187 - steps.encdec - INFO - No improve (43/120)
2026-02-19 23:46:49,187 - steps.encdec - INFO - Epoch 94/1000
2026-02-19 23:47:50,850 - steps.encdec - INFO - No improve (44/120)
2026-02-19 23:47:50,850 - steps.encdec - INFO - Epoch 95/1000
2026-02-19 23:48:52,467 - steps.encdec - INFO - No improve (45/120)
2026-02-19 23:48:52,467 - steps.encdec - INFO - Epoch 96/1000
2026-02-19 23:49:54,763 - steps.encdec - INFO - No improve (46/120)
2026-02-19 23:49:54,764 - steps.encdec - INFO - Epoch 97/1000
2026-02-19 23:50:56,311 - steps.encdec - INFO - No improve (47/120)
2026-02-19 23:50:56,311 - steps.encdec - INFO - Epoch 98/1000
2026-02-19 23:51:57,896 - steps.encdec - INFO - No improve (48/120)
2026-02-19 23:51:57,896 - steps.encdec - INFO - Epoch 99/1000
2026-02-19 23:52:59,450 - steps.encdec - INFO - No improve (49/120)
2026-02-19 23:52:59,450 - steps.encdec - INFO - Epoch 100/1000
2026-02-19 23:54:00,884 - steps.encdec - INFO - No improve (50/120)
2026-02-19 23:54:00,884 - steps.encdec - INFO - Epoch 101/1000
2026-02-19 23:55:03,073 - steps.encdec - INFO - No improve (51/120)
2026-02-19 23:55:03,073 - steps.encdec - INFO - Epoch 102/1000
2026-02-19 23:56:05,004 - steps.encdec - INFO - No improve (52/120)
2026-02-19 23:56:05,004 - steps.encdec - INFO - Epoch 103/1000
2026-02-19 23:57:06,329 - steps.encdec - INFO - No improve (53/120)
2026-02-19 23:57:06,330 - steps.encdec - INFO - Epoch 104/1000
2026-02-19 23:58:07,616 - steps.encdec - INFO - No improve (54/120)
2026-02-19 23:58:07,617 - steps.encdec - INFO - Epoch 105/1000
2026-02-19 23:59:09,027 - steps.encdec - INFO - No improve (55/120)
2026-02-19 23:59:09,028 - steps.encdec - INFO - Epoch 106/1000
2026-02-20 00:00:11,601 - steps.encdec - INFO - No improve (56/120)
2026-02-20 00:00:11,601 - steps.encdec - INFO - Epoch 107/1000
2026-02-20 00:01:13,173 - steps.encdec - INFO - No improve (57/120)
2026-02-20 00:01:13,174 - steps.encdec - INFO - Epoch 108/1000
2026-02-20 00:02:14,724 - steps.encdec - INFO - No improve (58/120)
2026-02-20 00:02:14,724 - steps.encdec - INFO - Epoch 109/1000
2026-02-20 00:03:16,330 - steps.encdec - INFO - No improve (59/120)
2026-02-20 00:03:16,331 - steps.encdec - INFO - Epoch 110/1000
2026-02-20 00:04:17,968 - steps.encdec - INFO - No improve (60/120)
2026-02-20 00:04:17,968 - steps.encdec - INFO - Epoch 111/1000
2026-02-20 00:05:20,144 - steps.encdec - INFO - No improve (61/120)
2026-02-20 00:05:20,144 - steps.encdec - INFO - Epoch 112/1000
2026-02-20 00:06:22,039 - steps.encdec - INFO - No improve (62/120)
2026-02-20 00:06:22,039 - steps.encdec - INFO - Epoch 113/1000
2026-02-20 00:07:23,967 - steps.encdec - INFO - No improve (63/120)
2026-02-20 00:07:23,967 - steps.encdec - INFO - Epoch 114/1000
2026-02-20 00:08:25,529 - steps.encdec - INFO - No improve (64/120)
2026-02-20 00:08:25,530 - steps.encdec - INFO - Epoch 115/1000
2026-02-20 00:09:26,993 - steps.encdec - INFO - No improve (65/120)
2026-02-20 00:09:26,993 - steps.encdec - INFO - Epoch 116/1000
2026-02-20 00:10:29,036 - steps.encdec - INFO - No improve (66/120)
2026-02-20 00:10:29,037 - steps.encdec - INFO - Epoch 117/1000
2026-02-20 00:11:30,908 - steps.encdec - INFO - No improve (67/120)
2026-02-20 00:11:30,908 - steps.encdec - INFO - Epoch 118/1000
2026-02-20 00:12:32,913 - steps.encdec - INFO - No improve (68/120)
2026-02-20 00:12:32,914 - steps.encdec - INFO - Epoch 119/1000
2026-02-20 00:13:34,476 - steps.encdec - INFO - No improve (69/120)
2026-02-20 00:13:34,476 - steps.encdec - INFO - Epoch 120/1000
2026-02-20 00:14:36,015 - steps.encdec - INFO - No improve (70/120)
2026-02-20 00:14:36,015 - steps.encdec - INFO - Epoch 121/1000
2026-02-20 00:15:38,142 - steps.encdec - INFO - No improve (71/120)
2026-02-20 00:15:38,143 - steps.encdec - INFO - Epoch 122/1000
2026-02-20 00:16:39,937 - steps.encdec - INFO - No improve (72/120)
2026-02-20 00:16:39,937 - steps.encdec - INFO - Epoch 123/1000
2026-02-20 00:17:41,694 - steps.encdec - INFO - No improve (73/120)
2026-02-20 00:17:41,694 - steps.encdec - INFO - Epoch 124/1000
2026-02-20 00:18:43,647 - steps.encdec - INFO - No improve (74/120)
2026-02-20 00:18:43,647 - steps.encdec - INFO - Epoch 125/1000
2026-02-20 00:19:45,572 - steps.encdec - INFO - No improve (75/120)
2026-02-20 00:19:45,572 - steps.encdec - INFO - Epoch 126/1000
2026-02-20 00:20:48,074 - steps.encdec - INFO - No improve (76/120)
2026-02-20 00:20:48,074 - steps.encdec - INFO - Epoch 127/1000
2026-02-20 00:21:49,885 - steps.encdec - INFO - No improve (77/120)
2026-02-20 00:21:49,885 - steps.encdec - INFO - Epoch 128/1000
2026-02-20 00:22:51,686 - steps.encdec - INFO - No improve (78/120)
2026-02-20 00:22:51,686 - steps.encdec - INFO - Epoch 129/1000
2026-02-20 00:23:53,238 - steps.encdec - INFO - No improve (79/120)
2026-02-20 00:23:53,238 - steps.encdec - INFO - Epoch 130/1000
2026-02-20 00:24:54,763 - steps.encdec - INFO - No improve (80/120)
2026-02-20 00:24:54,764 - steps.encdec - INFO - Epoch 131/1000
2026-02-20 00:25:56,840 - steps.encdec - INFO - No improve (81/120)
2026-02-20 00:25:56,840 - steps.encdec - INFO - Epoch 132/1000
2026-02-20 00:26:58,713 - steps.encdec - INFO - No improve (82/120)
2026-02-20 00:26:58,713 - steps.encdec - INFO - Epoch 133/1000
2026-02-20 00:28:00,481 - steps.encdec - INFO - No improve (83/120)
2026-02-20 00:28:00,481 - steps.encdec - INFO - Epoch 134/1000
2026-02-20 00:29:02,092 - steps.encdec - INFO - No improve (84/120)
2026-02-20 00:29:02,093 - steps.encdec - INFO - Epoch 135/1000
2026-02-20 00:30:03,673 - steps.encdec - INFO - No improve (85/120)
2026-02-20 00:30:03,673 - steps.encdec - INFO - Epoch 136/1000
2026-02-20 00:31:05,917 - steps.encdec - INFO - No improve (86/120)
2026-02-20 00:31:05,918 - steps.encdec - INFO - Epoch 137/1000
2026-02-20 00:32:07,632 - steps.encdec - INFO - No improve (87/120)
2026-02-20 00:32:07,632 - steps.encdec - INFO - Epoch 138/1000
2026-02-20 00:33:09,320 - steps.encdec - INFO - No improve (88/120)
2026-02-20 00:33:09,321 - steps.encdec - INFO - Epoch 139/1000
2026-02-20 00:34:11,013 - steps.encdec - INFO - No improve (89/120)
2026-02-20 00:34:11,013 - steps.encdec - INFO - Epoch 140/1000
2026-02-20 00:35:12,802 - steps.encdec - INFO - No improve (90/120)
2026-02-20 00:35:12,802 - steps.encdec - INFO - Epoch 141/1000
2026-02-20 00:36:15,430 - steps.encdec - INFO - No improve (91/120)
2026-02-20 00:36:15,431 - steps.encdec - INFO - Epoch 142/1000
2026-02-20 00:37:17,438 - steps.encdec - INFO - No improve (92/120)
2026-02-20 00:37:17,438 - steps.encdec - INFO - Epoch 143/1000
2026-02-20 00:38:19,178 - steps.encdec - INFO - No improve (93/120)
2026-02-20 00:38:19,178 - steps.encdec - INFO - Epoch 144/1000
2026-02-20 00:39:20,907 - steps.encdec - INFO - No improve (94/120)
2026-02-20 00:39:20,907 - steps.encdec - INFO - Epoch 145/1000
2026-02-20 00:40:22,247 - steps.encdec - INFO - No improve (95/120)
2026-02-20 00:40:22,247 - steps.encdec - INFO - Epoch 146/1000
2026-02-20 00:41:24,172 - steps.encdec - INFO - No improve (96/120)
2026-02-20 00:41:24,172 - steps.encdec - INFO - Epoch 147/1000
2026-02-20 00:42:25,945 - steps.encdec - INFO - No improve (97/120)
2026-02-20 00:42:25,946 - steps.encdec - INFO - Epoch 148/1000
2026-02-20 00:43:27,861 - steps.encdec - INFO - No improve (98/120)
2026-02-20 00:43:27,861 - steps.encdec - INFO - Epoch 149/1000
2026-02-20 00:44:29,886 - steps.encdec - INFO - No improve (99/120)
2026-02-20 00:44:29,886 - steps.encdec - INFO - Epoch 150/1000
2026-02-20 00:45:31,703 - steps.encdec - INFO - No improve (100/120)
2026-02-20 00:45:31,703 - steps.encdec - INFO - Epoch 151/1000
2026-02-20 00:46:33,849 - steps.encdec - INFO - No improve (101/120)
2026-02-20 00:46:33,849 - steps.encdec - INFO - Epoch 152/1000
2026-02-20 00:47:35,738 - steps.encdec - INFO - No improve (102/120)
2026-02-20 00:47:35,738 - steps.encdec - INFO - Epoch 153/1000
2026-02-20 00:48:37,474 - steps.encdec - INFO - No improve (103/120)
2026-02-20 00:48:37,474 - steps.encdec - INFO - Epoch 154/1000
2026-02-20 00:49:38,926 - steps.encdec - INFO - No improve (104/120)
2026-02-20 00:49:38,926 - steps.encdec - INFO - Epoch 155/1000
2026-02-20 00:50:40,328 - steps.encdec - INFO - No improve (105/120)
2026-02-20 00:50:40,328 - steps.encdec - INFO - Epoch 156/1000
2026-02-20 00:51:42,270 - steps.encdec - INFO - No improve (106/120)
2026-02-20 00:51:42,270 - steps.encdec - INFO - Epoch 157/1000
2026-02-20 00:52:43,655 - steps.encdec - INFO - No improve (107/120)
2026-02-20 00:52:43,656 - steps.encdec - INFO - Epoch 158/1000
2026-02-20 00:53:45,422 - steps.encdec - INFO - No improve (108/120)
2026-02-20 00:53:45,423 - steps.encdec - INFO - Epoch 159/1000
2026-02-20 00:54:46,762 - steps.encdec - INFO - No improve (109/120)
2026-02-20 00:54:46,762 - steps.encdec - INFO - Epoch 160/1000
2026-02-20 00:55:48,253 - steps.encdec - INFO - No improve (110/120)
2026-02-20 00:55:48,253 - steps.encdec - INFO - Epoch 161/1000
2026-02-20 00:56:50,075 - steps.encdec - INFO - No improve (111/120)
2026-02-20 00:56:50,075 - steps.encdec - INFO - Epoch 162/1000
2026-02-20 00:57:51,139 - steps.encdec - INFO - No improve (112/120)
2026-02-20 00:57:51,139 - steps.encdec - INFO - Epoch 163/1000
2026-02-20 00:58:51,933 - steps.encdec - INFO - No improve (113/120)
2026-02-20 00:58:51,933 - steps.encdec - INFO - Epoch 164/1000
2026-02-20 00:59:52,663 - steps.encdec - INFO - No improve (114/120)
2026-02-20 00:59:52,663 - steps.encdec - INFO - Epoch 165/1000
2026-02-20 01:00:53,358 - steps.encdec - INFO - No improve (115/120)
2026-02-20 01:00:53,358 - steps.encdec - INFO - Epoch 166/1000
2026-02-20 01:01:54,451 - steps.encdec - INFO - No improve (116/120)
2026-02-20 01:01:54,452 - steps.encdec - INFO - Epoch 167/1000
2026-02-20 01:02:54,984 - steps.encdec - INFO - No improve (117/120)
2026-02-20 01:02:54,984 - steps.encdec - INFO - Epoch 168/1000
2026-02-20 01:03:55,828 - steps.encdec - INFO - No improve (118/120)
2026-02-20 01:03:55,828 - steps.encdec - INFO - Epoch 169/1000
2026-02-20 01:04:56,491 - steps.encdec - INFO - No improve (119/120)
2026-02-20 01:04:56,491 - steps.encdec - INFO - Epoch 170/1000
2026-02-20 01:05:57,137 - steps.encdec - INFO - No improve (120/120)
2026-02-20 01:05:57,137 - steps.encdec - INFO - Early stopping triggered
2026-02-20 01:05:57,137 - steps.encdec - INFO - ==================================================
2026-02-20 01:05:57,137 - steps.encdec - INFO - TRAINING FINISHED
2026-02-20 01:05:57,137 - steps.encdec - INFO - Best Epoch: 50
2026-02-20 01:05:57,137 - steps.encdec - INFO - Best Validation Metrics:
2026-02-20 01:05:57,138 - steps.encdec - INFO -   - total_loss: 0.330638
2026-02-20 01:05:57,138 - steps.encdec - INFO -   - recon_loss: 0.312321
2026-02-20 01:05:57,138 - steps.encdec - INFO -   - recon_data_loss: 0.055304
2026-02-20 01:05:57,138 - steps.encdec - INFO -   - recon_mask_loss: 0.257016
2026-02-20 01:05:57,138 - steps.encdec - INFO -   - kld_loss: 7.044489
2026-02-20 01:05:57,138 - steps.encdec - INFO -   - kld_free: 7.044489
2026-02-20 01:05:57,138 - steps.encdec - INFO -   - causal_loss: 0.081033
2026-02-20 01:05:57,138 - steps.encdec - INFO -   - current_beta: 0.001450
2026-02-20 01:05:57,138 - steps.encdec - INFO - Best Validation Score (recon + gamma*causal): 0.320424
2026-02-20 01:05:57,138 - steps.encdec - INFO - ==================================================
2026-02-20 01:05:58,373 - steps.encdec - INFO - Saved loss curves -> cvae_loss_curves.png
2026-02-20 01:06:15,716 - steps.encdec - INFO - Saved encoded data (shape=(540000, 32)) -> cvae_encoded_data_stable_beta01.pkl
2026-02-20 10:23:18,231 - steps.encdec - INFO - Step: encdec | training CausalVAE
2026-02-20 10:23:18,232 - steps.encdec - INFO - Device: cuda
2026-02-20 10:26:40,160 - steps.encdec - INFO - Dims | input_dim=29 seq_len=60 num_total_features=29
2026-02-20 10:26:44,368 - steps.encdec - INFO - Start from scratch | resume=False | ckpt_exists=False
2026-02-20 10:26:44,368 - steps.encdec - INFO - Epoch 1/1000
2026-02-20 10:27:48,388 - steps.encdec - INFO - New best val_score=0.877353 | saved ckpt -> cvae_model_final_stable.pkl
2026-02-20 10:27:48,388 - steps.encdec - INFO - Epoch 2/1000
2026-02-20 10:28:49,135 - steps.encdec - INFO - New best val_score=0.727564 | saved ckpt -> cvae_model_final_stable.pkl
2026-02-20 10:28:49,135 - steps.encdec - INFO - Epoch 3/1000
2026-02-20 10:29:49,982 - steps.encdec - INFO - New best val_score=0.658965 | saved ckpt -> cvae_model_final_stable.pkl
2026-02-20 10:29:49,982 - steps.encdec - INFO - Epoch 4/1000
2026-02-20 10:30:50,895 - steps.encdec - INFO - New best val_score=0.621813 | saved ckpt -> cvae_model_final_stable.pkl
2026-02-20 10:30:50,895 - steps.encdec - INFO - Epoch 5/1000
2026-02-20 10:31:52,149 - steps.encdec - INFO - New best val_score=0.602688 | saved ckpt -> cvae_model_final_stable.pkl
2026-02-20 10:31:52,150 - steps.encdec - INFO - Epoch 6/1000
2026-02-20 10:32:53,642 - steps.encdec - INFO - New best val_score=0.590927 | saved ckpt -> cvae_model_final_stable.pkl
2026-02-20 10:32:53,642 - steps.encdec - INFO - Epoch 7/1000
2026-02-20 10:33:54,858 - steps.encdec - INFO - New best val_score=0.582780 | saved ckpt -> cvae_model_final_stable.pkl
2026-02-20 10:33:54,858 - steps.encdec - INFO - Epoch 8/1000
2026-02-20 10:34:55,656 - steps.encdec - INFO - New best val_score=0.577528 | saved ckpt -> cvae_model_final_stable.pkl
2026-02-20 10:34:55,656 - steps.encdec - INFO - Epoch 9/1000
2026-02-20 10:35:56,098 - steps.encdec - INFO - New best val_score=0.572873 | saved ckpt -> cvae_model_final_stable.pkl
2026-02-20 10:35:56,098 - steps.encdec - INFO - Epoch 10/1000
2026-02-20 10:36:56,780 - steps.encdec - INFO - New best val_score=0.570559 | saved ckpt -> cvae_model_final_stable.pkl
2026-02-20 10:36:56,780 - steps.encdec - INFO - Epoch 11/1000
2026-02-20 10:37:58,200 - steps.encdec - INFO - New best val_score=0.568515 | saved ckpt -> cvae_model_final_stable.pkl
2026-02-20 10:37:58,200 - steps.encdec - INFO - Epoch 12/1000
2026-02-20 10:38:59,552 - steps.encdec - INFO - New best val_score=0.566699 | saved ckpt -> cvae_model_final_stable.pkl
2026-02-20 10:38:59,552 - steps.encdec - INFO - Epoch 13/1000
2026-02-20 10:40:00,546 - steps.encdec - INFO - New best val_score=0.565286 | saved ckpt -> cvae_model_final_stable.pkl
2026-02-20 10:40:00,546 - steps.encdec - INFO - Epoch 14/1000
2026-02-20 10:41:01,039 - steps.encdec - INFO - New best val_score=0.562580 | saved ckpt -> cvae_model_final_stable.pkl
2026-02-20 10:41:01,039 - steps.encdec - INFO - Epoch 15/1000
2026-02-20 10:42:01,971 - steps.encdec - INFO - New best val_score=0.558169 | saved ckpt -> cvae_model_final_stable.pkl
2026-02-20 10:42:01,971 - steps.encdec - INFO - Epoch 16/1000
2026-02-20 10:43:03,381 - steps.encdec - INFO - New best val_score=0.550144 | saved ckpt -> cvae_model_final_stable.pkl
2026-02-20 10:43:03,381 - steps.encdec - INFO - Epoch 17/1000
2026-02-20 10:44:04,261 - steps.encdec - INFO - New best val_score=0.544463 | saved ckpt -> cvae_model_final_stable.pkl
2026-02-20 10:44:04,261 - steps.encdec - INFO - Epoch 18/1000
2026-02-20 10:45:05,026 - steps.encdec - INFO - New best val_score=0.539020 | saved ckpt -> cvae_model_final_stable.pkl
2026-02-20 10:45:05,026 - steps.encdec - INFO - Epoch 19/1000
2026-02-20 10:46:05,938 - steps.encdec - INFO - New best val_score=0.533720 | saved ckpt -> cvae_model_final_stable.pkl
2026-02-20 10:46:05,938 - steps.encdec - INFO - Epoch 20/1000
2026-02-20 10:47:07,007 - steps.encdec - INFO - New best val_score=0.528093 | saved ckpt -> cvae_model_final_stable.pkl
2026-02-20 10:47:07,007 - steps.encdec - INFO - Epoch 21/1000
2026-02-20 10:48:08,523 - steps.encdec - INFO - New best val_score=0.523555 | saved ckpt -> cvae_model_final_stable.pkl
2026-02-20 10:48:08,524 - steps.encdec - INFO - Epoch 22/1000
2026-02-20 10:49:09,179 - steps.encdec - INFO - New best val_score=0.518891 | saved ckpt -> cvae_model_final_stable.pkl
2026-02-20 10:49:09,180 - steps.encdec - INFO - Epoch 23/1000
2026-02-20 10:50:09,826 - steps.encdec - INFO - New best val_score=0.513894 | saved ckpt -> cvae_model_final_stable.pkl
2026-02-20 10:50:09,826 - steps.encdec - INFO - Epoch 24/1000
2026-02-20 10:51:10,803 - steps.encdec - INFO - New best val_score=0.510397 | saved ckpt -> cvae_model_final_stable.pkl
2026-02-20 10:51:10,803 - steps.encdec - INFO - Epoch 25/1000
2026-02-20 10:52:11,674 - steps.encdec - INFO - New best val_score=0.505716 | saved ckpt -> cvae_model_final_stable.pkl
2026-02-20 10:52:11,674 - steps.encdec - INFO - Epoch 26/1000
2026-02-20 10:53:13,007 - steps.encdec - INFO - New best val_score=0.503436 | saved ckpt -> cvae_model_final_stable.pkl
2026-02-20 10:53:13,007 - steps.encdec - INFO - Epoch 27/1000
2026-02-20 10:54:13,883 - steps.encdec - INFO - New best val_score=0.501284 | saved ckpt -> cvae_model_final_stable.pkl
2026-02-20 10:54:13,916 - steps.encdec - INFO - Epoch 28/1000
2026-02-20 10:55:15,084 - steps.encdec - INFO - New best val_score=0.498051 | saved ckpt -> cvae_model_final_stable.pkl
2026-02-20 10:55:15,084 - steps.encdec - INFO - Epoch 29/1000
2026-02-20 10:56:16,143 - steps.encdec - INFO - New best val_score=0.497113 | saved ckpt -> cvae_model_final_stable.pkl
2026-02-20 10:56:16,144 - steps.encdec - INFO - Epoch 30/1000
2026-02-20 10:57:16,989 - steps.encdec - INFO - New best val_score=0.495074 | saved ckpt -> cvae_model_final_stable.pkl
2026-02-20 10:57:16,989 - steps.encdec - INFO - Epoch 31/1000
2026-02-20 10:58:18,074 - steps.encdec - INFO - New best val_score=0.494641 | saved ckpt -> cvae_model_final_stable.pkl
2026-02-20 10:58:18,074 - steps.encdec - INFO - Epoch 32/1000
2026-02-20 10:59:18,770 - steps.encdec - INFO - New best val_score=0.493333 | saved ckpt -> cvae_model_final_stable.pkl
2026-02-20 10:59:18,770 - steps.encdec - INFO - Epoch 33/1000
2026-02-20 11:00:19,489 - steps.encdec - INFO - New best val_score=0.493006 | saved ckpt -> cvae_model_final_stable.pkl
2026-02-20 11:00:19,490 - steps.encdec - INFO - Epoch 34/1000
2026-02-20 11:01:20,236 - steps.encdec - INFO - New best val_score=0.491528 | saved ckpt -> cvae_model_final_stable.pkl
2026-02-20 11:01:20,236 - steps.encdec - INFO - Epoch 35/1000
2026-02-20 11:02:21,209 - steps.encdec - INFO - New best val_score=0.490306 | saved ckpt -> cvae_model_final_stable.pkl
2026-02-20 11:02:21,209 - steps.encdec - INFO - Epoch 36/1000
2026-02-20 11:03:22,422 - steps.encdec - INFO - New best val_score=0.488993 | saved ckpt -> cvae_model_final_stable.pkl
2026-02-20 11:03:22,422 - steps.encdec - INFO - Epoch 37/1000
2026-02-20 11:04:22,985 - steps.encdec - INFO - New best val_score=0.484463 | saved ckpt -> cvae_model_final_stable.pkl
2026-02-20 11:04:22,985 - steps.encdec - INFO - Epoch 38/1000
2026-02-20 11:05:23,585 - steps.encdec - INFO - New best val_score=0.481217 | saved ckpt -> cvae_model_final_stable.pkl
2026-02-20 11:05:23,585 - steps.encdec - INFO - Epoch 39/1000
2026-02-20 11:06:24,261 - steps.encdec - INFO - New best val_score=0.476050 | saved ckpt -> cvae_model_final_stable.pkl
2026-02-20 11:06:24,261 - steps.encdec - INFO - Epoch 40/1000
2026-02-20 11:07:25,120 - steps.encdec - INFO - New best val_score=0.473304 | saved ckpt -> cvae_model_final_stable.pkl
2026-02-20 11:07:25,121 - steps.encdec - INFO - Epoch 41/1000
2026-02-20 11:08:26,567 - steps.encdec - INFO - New best val_score=0.470468 | saved ckpt -> cvae_model_final_stable.pkl
2026-02-20 11:08:26,567 - steps.encdec - INFO - Epoch 42/1000
2026-02-20 11:09:27,545 - steps.encdec - INFO - New best val_score=0.467638 | saved ckpt -> cvae_model_final_stable.pkl
2026-02-20 11:09:27,545 - steps.encdec - INFO - Epoch 43/1000
2026-02-20 11:10:28,473 - steps.encdec - INFO - No improve (1/150)
2026-02-20 11:10:28,473 - steps.encdec - INFO - Epoch 44/1000
2026-02-20 11:11:29,462 - steps.encdec - INFO - No improve (2/150)
2026-02-20 11:11:29,462 - steps.encdec - INFO - Epoch 45/1000
2026-02-20 11:12:30,104 - steps.encdec - INFO - No improve (3/150)
2026-02-20 11:12:30,104 - steps.encdec - INFO - Epoch 46/1000
2026-02-20 11:13:31,414 - steps.encdec - INFO - No improve (4/150)
2026-02-20 11:13:31,415 - steps.encdec - INFO - Epoch 47/1000
2026-02-20 11:14:32,428 - steps.encdec - INFO - No improve (5/150)
2026-02-20 11:14:32,428 - steps.encdec - INFO - Epoch 48/1000
2026-02-20 11:15:33,388 - steps.encdec - INFO - No improve (6/150)
2026-02-20 11:15:33,389 - steps.encdec - INFO - Epoch 49/1000
2026-02-20 11:16:33,811 - steps.encdec - INFO - No improve (7/150)
2026-02-20 11:16:33,811 - steps.encdec - INFO - Epoch 50/1000
2026-02-20 11:17:34,609 - steps.encdec - INFO - No improve (8/150)
2026-02-20 11:17:34,609 - steps.encdec - INFO - Epoch 51/1000
2026-02-20 11:18:36,231 - steps.encdec - INFO - No improve (9/150)
2026-02-20 11:18:36,231 - steps.encdec - INFO - Epoch 52/1000
2026-02-20 11:19:37,109 - steps.encdec - INFO - No improve (10/150)
2026-02-20 11:19:37,109 - steps.encdec - INFO - Epoch 53/1000
2026-02-20 11:20:37,970 - steps.encdec - INFO - No improve (11/150)
2026-02-20 11:20:37,970 - steps.encdec - INFO - Epoch 54/1000
2026-02-20 11:21:38,634 - steps.encdec - INFO - No improve (12/150)
2026-02-20 11:21:38,634 - steps.encdec - INFO - Epoch 55/1000
2026-02-20 11:22:39,226 - steps.encdec - INFO - No improve (13/150)
2026-02-20 11:22:39,226 - steps.encdec - INFO - Epoch 56/1000
2026-02-20 11:23:40,639 - steps.encdec - INFO - No improve (14/150)
2026-02-20 11:23:40,639 - steps.encdec - INFO - Epoch 57/1000
2026-02-20 11:24:41,109 - steps.encdec - INFO - No improve (15/150)
2026-02-20 11:24:41,109 - steps.encdec - INFO - Epoch 58/1000
2026-02-20 11:25:41,793 - steps.encdec - INFO - No improve (16/150)
2026-02-20 11:25:41,794 - steps.encdec - INFO - Epoch 59/1000
2026-02-20 11:26:42,407 - steps.encdec - INFO - No improve (17/150)
2026-02-20 11:26:42,407 - steps.encdec - INFO - Epoch 60/1000
2026-02-20 11:27:43,233 - steps.encdec - INFO - No improve (18/150)
2026-02-20 11:27:43,233 - steps.encdec - INFO - Epoch 61/1000
2026-02-20 11:28:44,725 - steps.encdec - INFO - No improve (19/150)
2026-02-20 11:28:44,725 - steps.encdec - INFO - Epoch 62/1000
2026-02-20 11:29:45,519 - steps.encdec - INFO - No improve (20/150)
2026-02-20 11:29:45,519 - steps.encdec - INFO - Epoch 63/1000
2026-02-20 11:30:46,398 - steps.encdec - INFO - No improve (21/150)
2026-02-20 11:30:46,398 - steps.encdec - INFO - Epoch 64/1000
2026-02-20 11:31:47,128 - steps.encdec - INFO - No improve (22/150)
2026-02-20 11:31:47,128 - steps.encdec - INFO - Epoch 65/1000
2026-02-20 11:32:48,110 - steps.encdec - INFO - No improve (23/150)
2026-02-20 11:32:48,110 - steps.encdec - INFO - Epoch 66/1000
2026-02-20 11:33:49,654 - steps.encdec - INFO - No improve (24/150)
2026-02-20 11:33:49,684 - steps.encdec - INFO - Epoch 67/1000
2026-02-20 11:34:50,632 - steps.encdec - INFO - No improve (25/150)
2026-02-20 11:34:50,633 - steps.encdec - INFO - Epoch 68/1000
2026-02-20 11:35:51,336 - steps.encdec - INFO - No improve (26/150)
2026-02-20 11:35:51,336 - steps.encdec - INFO - Epoch 69/1000
2026-02-20 11:36:52,135 - steps.encdec - INFO - No improve (27/150)
2026-02-20 11:36:52,135 - steps.encdec - INFO - Epoch 70/1000
2026-02-20 11:37:52,763 - steps.encdec - INFO - No improve (28/150)
2026-02-20 11:37:52,764 - steps.encdec - INFO - Epoch 71/1000
2026-02-20 11:38:53,861 - steps.encdec - INFO - No improve (29/150)
2026-02-20 11:38:53,862 - steps.encdec - INFO - Epoch 72/1000
2026-02-20 11:39:54,524 - steps.encdec - INFO - No improve (30/150)
2026-02-20 11:39:54,524 - steps.encdec - INFO - Epoch 73/1000
2026-02-20 11:40:55,214 - steps.encdec - INFO - No improve (31/150)
2026-02-20 11:40:55,214 - steps.encdec - INFO - Epoch 74/1000
2026-02-20 11:41:55,996 - steps.encdec - INFO - No improve (32/150)
2026-02-20 11:41:55,996 - steps.encdec - INFO - Epoch 75/1000
2026-02-20 11:42:56,807 - steps.encdec - INFO - No improve (33/150)
2026-02-20 11:42:56,808 - steps.encdec - INFO - Epoch 76/1000
2026-02-20 11:43:58,342 - steps.encdec - INFO - No improve (34/150)
2026-02-20 11:43:58,342 - steps.encdec - INFO - Epoch 77/1000
2026-02-20 11:44:59,216 - steps.encdec - INFO - No improve (35/150)
2026-02-20 11:44:59,216 - steps.encdec - INFO - Epoch 78/1000
2026-02-20 11:46:00,014 - steps.encdec - INFO - No improve (36/150)
2026-02-20 11:46:00,014 - steps.encdec - INFO - Epoch 79/1000
2026-02-20 11:47:01,224 - steps.encdec - INFO - No improve (37/150)
2026-02-20 11:47:01,224 - steps.encdec - INFO - Epoch 80/1000
2026-02-20 11:48:02,114 - steps.encdec - INFO - No improve (38/150)
2026-02-20 11:48:02,115 - steps.encdec - INFO - Epoch 81/1000
2026-02-20 11:49:03,631 - steps.encdec - INFO - No improve (39/150)
2026-02-20 11:49:03,663 - steps.encdec - INFO - Epoch 82/1000
2026-02-20 11:50:04,458 - steps.encdec - INFO - No improve (40/150)
2026-02-20 11:50:04,459 - steps.encdec - INFO - Epoch 83/1000
2026-02-20 11:51:05,332 - steps.encdec - INFO - No improve (41/150)
2026-02-20 11:51:05,332 - steps.encdec - INFO - Epoch 84/1000
2026-02-20 11:52:06,303 - steps.encdec - INFO - No improve (42/150)
2026-02-20 11:52:06,303 - steps.encdec - INFO - Epoch 85/1000
2026-02-20 11:53:06,914 - steps.encdec - INFO - No improve (43/150)
2026-02-20 11:53:06,914 - steps.encdec - INFO - Epoch 86/1000
2026-02-20 11:54:07,984 - steps.encdec - INFO - No improve (44/150)
2026-02-20 11:54:07,984 - steps.encdec - INFO - Epoch 87/1000
2026-02-20 11:55:08,558 - steps.encdec - INFO - No improve (45/150)
2026-02-20 11:55:08,558 - steps.encdec - INFO - Epoch 88/1000
2026-02-20 11:56:09,163 - steps.encdec - INFO - No improve (46/150)
2026-02-20 11:56:09,163 - steps.encdec - INFO - Epoch 89/1000
2026-02-20 11:57:09,628 - steps.encdec - INFO - No improve (47/150)
2026-02-20 11:57:09,628 - steps.encdec - INFO - Epoch 90/1000
2026-02-20 11:58:10,258 - steps.encdec - INFO - No improve (48/150)
2026-02-20 11:58:10,259 - steps.encdec - INFO - Epoch 91/1000
2026-02-20 11:59:11,802 - steps.encdec - INFO - No improve (49/150)
2026-02-20 11:59:11,802 - steps.encdec - INFO - Epoch 92/1000
2026-02-20 12:00:12,739 - steps.encdec - INFO - No improve (50/150)
2026-02-20 12:00:12,739 - steps.encdec - INFO - Epoch 93/1000
2026-02-20 12:01:13,591 - steps.encdec - INFO - No improve (51/150)
2026-02-20 12:01:13,591 - steps.encdec - INFO - Epoch 94/1000
2026-02-20 12:02:14,279 - steps.encdec - INFO - No improve (52/150)
2026-02-20 12:02:14,280 - steps.encdec - INFO - Epoch 95/1000
2026-02-20 12:03:14,958 - steps.encdec - INFO - No improve (53/150)
2026-02-20 12:03:14,958 - steps.encdec - INFO - Epoch 96/1000
2026-02-20 12:04:16,420 - steps.encdec - INFO - No improve (54/150)
2026-02-20 12:04:16,420 - steps.encdec - INFO - Epoch 97/1000
2026-02-20 12:05:16,967 - steps.encdec - INFO - No improve (55/150)
2026-02-20 12:05:16,967 - steps.encdec - INFO - Epoch 98/1000
2026-02-20 12:06:17,702 - steps.encdec - INFO - No improve (56/150)
2026-02-20 12:06:17,702 - steps.encdec - INFO - Epoch 99/1000
2026-02-20 12:07:18,684 - steps.encdec - INFO - No improve (57/150)
2026-02-20 12:07:18,684 - steps.encdec - INFO - Epoch 100/1000
2026-02-20 12:08:19,538 - steps.encdec - INFO - No improve (58/150)
2026-02-20 12:08:19,539 - steps.encdec - INFO - Epoch 101/1000
2026-02-20 12:09:21,172 - steps.encdec - INFO - No improve (59/150)
2026-02-20 12:09:21,172 - steps.encdec - INFO - Epoch 102/1000
2026-02-20 12:10:22,048 - steps.encdec - INFO - No improve (60/150)
2026-02-20 12:10:22,048 - steps.encdec - INFO - Epoch 103/1000
2026-02-20 12:11:22,978 - steps.encdec - INFO - No improve (61/150)
2026-02-20 12:11:22,978 - steps.encdec - INFO - Epoch 104/1000
2026-02-20 12:12:23,874 - steps.encdec - INFO - No improve (62/150)
2026-02-20 12:12:23,874 - steps.encdec - INFO - Epoch 105/1000
2026-02-20 12:13:24,912 - steps.encdec - INFO - No improve (63/150)
2026-02-20 12:13:24,912 - steps.encdec - INFO - Epoch 106/1000
2026-02-20 12:14:26,513 - steps.encdec - INFO - No improve (64/150)
2026-02-20 12:14:26,514 - steps.encdec - INFO - Epoch 107/1000
2026-02-20 12:15:27,608 - steps.encdec - INFO - No improve (65/150)
2026-02-20 12:15:27,608 - steps.encdec - INFO - Epoch 108/1000
2026-02-20 12:16:28,437 - steps.encdec - INFO - No improve (66/150)
2026-02-20 12:16:28,438 - steps.encdec - INFO - Epoch 109/1000
2026-02-20 12:17:29,173 - steps.encdec - INFO - No improve (67/150)
2026-02-20 12:17:29,173 - steps.encdec - INFO - Epoch 110/1000
2026-02-20 12:18:29,973 - steps.encdec - INFO - No improve (68/150)
2026-02-20 12:18:29,973 - steps.encdec - INFO - Epoch 111/1000
2026-02-20 12:19:31,455 - steps.encdec - INFO - No improve (69/150)
2026-02-20 12:19:31,456 - steps.encdec - INFO - Epoch 112/1000
2026-02-20 12:20:32,279 - steps.encdec - INFO - No improve (70/150)
2026-02-20 12:20:32,279 - steps.encdec - INFO - Epoch 113/1000
2026-02-20 12:21:33,211 - steps.encdec - INFO - No improve (71/150)
2026-02-20 12:21:33,211 - steps.encdec - INFO - Epoch 114/1000
2026-02-20 12:22:33,989 - steps.encdec - INFO - No improve (72/150)
2026-02-20 12:22:33,989 - steps.encdec - INFO - Epoch 115/1000
2026-02-20 12:23:34,723 - steps.encdec - INFO - No improve (73/150)
2026-02-20 12:23:34,724 - steps.encdec - INFO - Epoch 116/1000
2026-02-20 12:24:35,892 - steps.encdec - INFO - No improve (74/150)
2026-02-20 12:24:35,892 - steps.encdec - INFO - Epoch 117/1000
2026-02-20 12:25:36,952 - steps.encdec - INFO - No improve (75/150)
2026-02-20 12:25:36,952 - steps.encdec - INFO - Epoch 118/1000
2026-02-20 12:26:39,957 - steps.encdec - INFO - No improve (76/150)
2026-02-20 12:26:39,957 - steps.encdec - INFO - Epoch 119/1000
2026-02-20 12:27:43,248 - steps.encdec - INFO - No improve (77/150)
2026-02-20 12:27:43,249 - steps.encdec - INFO - Epoch 120/1000
2026-02-20 12:28:46,083 - steps.encdec - INFO - No improve (78/150)
2026-02-20 12:28:46,083 - steps.encdec - INFO - Epoch 121/1000
2026-02-20 12:29:49,714 - steps.encdec - INFO - No improve (79/150)
2026-02-20 12:29:49,715 - steps.encdec - INFO - Epoch 122/1000
2026-02-20 12:30:53,569 - steps.encdec - INFO - No improve (80/150)
2026-02-20 12:30:53,569 - steps.encdec - INFO - Epoch 123/1000
2026-02-20 12:31:56,689 - steps.encdec - INFO - No improve (81/150)
2026-02-20 12:31:56,689 - steps.encdec - INFO - Epoch 124/1000
2026-02-20 12:32:59,750 - steps.encdec - INFO - No improve (82/150)
2026-02-20 12:32:59,750 - steps.encdec - INFO - Epoch 125/1000
2026-02-20 12:34:02,653 - steps.encdec - INFO - No improve (83/150)
2026-02-20 12:34:02,653 - steps.encdec - INFO - Epoch 126/1000
2026-02-20 12:35:06,592 - steps.encdec - INFO - No improve (84/150)
2026-02-20 12:35:06,592 - steps.encdec - INFO - Epoch 127/1000
2026-02-20 12:36:09,318 - steps.encdec - INFO - No improve (85/150)
2026-02-20 12:36:09,318 - steps.encdec - INFO - Epoch 128/1000
2026-02-20 12:37:12,602 - steps.encdec - INFO - No improve (86/150)
2026-02-20 12:37:12,602 - steps.encdec - INFO - Epoch 129/1000
2026-02-20 12:38:16,106 - steps.encdec - INFO - No improve (87/150)
2026-02-20 12:38:16,106 - steps.encdec - INFO - Epoch 130/1000
2026-02-20 12:39:19,097 - steps.encdec - INFO - No improve (88/150)
2026-02-20 12:39:19,097 - steps.encdec - INFO - Epoch 131/1000
2026-02-20 12:40:22,809 - steps.encdec - INFO - No improve (89/150)
2026-02-20 12:40:22,809 - steps.encdec - INFO - Epoch 132/1000
2026-02-20 12:41:25,641 - steps.encdec - INFO - No improve (90/150)
2026-02-20 12:41:25,641 - steps.encdec - INFO - Epoch 133/1000
2026-02-20 12:42:28,602 - steps.encdec - INFO - No improve (91/150)
2026-02-20 12:42:28,602 - steps.encdec - INFO - Epoch 134/1000
2026-02-20 12:43:32,103 - steps.encdec - INFO - No improve (92/150)
2026-02-20 12:43:32,104 - steps.encdec - INFO - Epoch 135/1000
2026-02-20 12:44:35,478 - steps.encdec - INFO - No improve (93/150)
2026-02-20 12:44:35,478 - steps.encdec - INFO - Epoch 136/1000
2026-02-20 12:45:39,521 - steps.encdec - INFO - No improve (94/150)
2026-02-20 12:45:39,521 - steps.encdec - INFO - Epoch 137/1000
2026-02-20 12:46:42,643 - steps.encdec - INFO - No improve (95/150)
2026-02-20 12:46:42,643 - steps.encdec - INFO - Epoch 138/1000
2026-02-20 12:47:45,673 - steps.encdec - INFO - No improve (96/150)
2026-02-20 12:47:45,673 - steps.encdec - INFO - Epoch 139/1000
2026-02-20 12:48:48,932 - steps.encdec - INFO - No improve (97/150)
2026-02-20 12:48:48,932 - steps.encdec - INFO - Epoch 140/1000
2026-02-20 12:49:51,736 - steps.encdec - INFO - No improve (98/150)
2026-02-20 12:49:51,736 - steps.encdec - INFO - Epoch 141/1000
2026-02-20 12:50:55,269 - steps.encdec - INFO - No improve (99/150)
2026-02-20 12:50:55,270 - steps.encdec - INFO - Epoch 142/1000
2026-02-20 12:51:58,233 - steps.encdec - INFO - No improve (100/150)
2026-02-20 12:51:58,233 - steps.encdec - INFO - Epoch 143/1000
2026-02-20 12:53:01,075 - steps.encdec - INFO - No improve (101/150)
2026-02-20 12:53:01,076 - steps.encdec - INFO - Epoch 144/1000
2026-02-20 12:54:04,605 - steps.encdec - INFO - No improve (102/150)
2026-02-20 12:54:04,606 - steps.encdec - INFO - Epoch 145/1000
2026-02-20 12:55:08,224 - steps.encdec - INFO - No improve (103/150)
2026-02-20 12:55:08,224 - steps.encdec - INFO - Epoch 146/1000
2026-02-20 12:56:11,990 - steps.encdec - INFO - No improve (104/150)
2026-02-20 12:56:11,990 - steps.encdec - INFO - Epoch 147/1000
2026-02-20 12:57:15,256 - steps.encdec - INFO - No improve (105/150)
2026-02-20 12:57:15,256 - steps.encdec - INFO - Epoch 148/1000
2026-02-20 12:58:18,548 - steps.encdec - INFO - No improve (106/150)
2026-02-20 12:58:18,549 - steps.encdec - INFO - Epoch 149/1000
2026-02-20 12:59:19,629 - steps.encdec - INFO - No improve (107/150)
2026-02-20 12:59:19,629 - steps.encdec - INFO - Epoch 150/1000
2026-02-20 13:00:20,300 - steps.encdec - INFO - No improve (108/150)
2026-02-20 13:00:20,300 - steps.encdec - INFO - Epoch 151/1000
2026-02-20 13:01:21,491 - steps.encdec - INFO - No improve (109/150)
2026-02-20 13:01:21,491 - steps.encdec - INFO - Epoch 152/1000
2026-02-20 13:02:22,068 - steps.encdec - INFO - No improve (110/150)
2026-02-20 13:02:22,068 - steps.encdec - INFO - Epoch 153/1000
2026-02-20 13:03:22,893 - steps.encdec - INFO - No improve (111/150)
2026-02-20 13:03:22,893 - steps.encdec - INFO - Epoch 154/1000
2026-02-20 13:04:23,870 - steps.encdec - INFO - No improve (112/150)
2026-02-20 13:04:23,870 - steps.encdec - INFO - Epoch 155/1000
2026-02-20 13:05:25,137 - steps.encdec - INFO - No improve (113/150)
2026-02-20 13:05:25,137 - steps.encdec - INFO - Epoch 156/1000
2026-02-20 13:06:26,865 - steps.encdec - INFO - No improve (114/150)
2026-02-20 13:06:26,865 - steps.encdec - INFO - Epoch 157/1000
2026-02-20 13:07:28,006 - steps.encdec - INFO - No improve (115/150)
2026-02-20 13:07:28,006 - steps.encdec - INFO - Epoch 158/1000
2026-02-20 13:08:28,716 - steps.encdec - INFO - No improve (116/150)
2026-02-20 13:08:28,716 - steps.encdec - INFO - Epoch 159/1000
2026-02-20 13:09:29,300 - steps.encdec - INFO - No improve (117/150)
2026-02-20 13:09:29,301 - steps.encdec - INFO - Epoch 160/1000
2026-02-20 13:10:29,778 - steps.encdec - INFO - No improve (118/150)
2026-02-20 13:10:29,778 - steps.encdec - INFO - Epoch 161/1000
2026-02-20 13:11:31,461 - steps.encdec - INFO - No improve (119/150)
2026-02-20 13:11:31,461 - steps.encdec - INFO - Epoch 162/1000
2026-02-20 13:12:32,526 - steps.encdec - INFO - No improve (120/150)
2026-02-20 13:12:32,526 - steps.encdec - INFO - Epoch 163/1000
2026-02-20 13:13:33,379 - steps.encdec - INFO - No improve (121/150)
2026-02-20 13:13:33,380 - steps.encdec - INFO - Epoch 164/1000
2026-02-20 13:14:34,256 - steps.encdec - INFO - No improve (122/150)
2026-02-20 13:14:34,257 - steps.encdec - INFO - Epoch 165/1000
2026-02-20 13:15:34,867 - steps.encdec - INFO - No improve (123/150)
2026-02-20 13:15:34,867 - steps.encdec - INFO - Epoch 166/1000
2026-02-20 13:16:36,139 - steps.encdec - INFO - No improve (124/150)
2026-02-20 13:16:36,140 - steps.encdec - INFO - Epoch 167/1000
2026-02-20 13:17:36,770 - steps.encdec - INFO - No improve (125/150)
2026-02-20 13:17:36,770 - steps.encdec - INFO - Epoch 168/1000
2026-02-20 13:18:37,675 - steps.encdec - INFO - No improve (126/150)
2026-02-20 13:18:37,675 - steps.encdec - INFO - Epoch 169/1000
2026-02-20 13:19:38,698 - steps.encdec - INFO - No improve (127/150)
2026-02-20 13:19:38,699 - steps.encdec - INFO - Epoch 170/1000
2026-02-20 13:20:39,336 - steps.encdec - INFO - No improve (128/150)
2026-02-20 13:20:39,337 - steps.encdec - INFO - Epoch 171/1000
2026-02-20 13:21:40,606 - steps.encdec - INFO - No improve (129/150)
2026-02-20 13:21:40,607 - steps.encdec - INFO - Epoch 172/1000
2026-02-20 13:22:41,466 - steps.encdec - INFO - No improve (130/150)
2026-02-20 13:22:41,466 - steps.encdec - INFO - Epoch 173/1000
2026-02-20 13:23:42,358 - steps.encdec - INFO - No improve (131/150)
2026-02-20 13:23:42,358 - steps.encdec - INFO - Epoch 174/1000
2026-02-20 13:24:42,985 - steps.encdec - INFO - No improve (132/150)
2026-02-20 13:24:42,985 - steps.encdec - INFO - Epoch 175/1000
2026-02-20 13:25:43,526 - steps.encdec - INFO - No improve (133/150)
2026-02-20 13:25:43,526 - steps.encdec - INFO - Epoch 176/1000
2026-02-20 13:26:44,561 - steps.encdec - INFO - No improve (134/150)
2026-02-20 13:26:44,561 - steps.encdec - INFO - Epoch 177/1000
2026-02-20 13:27:45,246 - steps.encdec - INFO - No improve (135/150)
2026-02-20 13:27:45,247 - steps.encdec - INFO - Epoch 178/1000
2026-02-20 13:28:46,209 - steps.encdec - INFO - No improve (136/150)
2026-02-20 13:28:46,209 - steps.encdec - INFO - Epoch 179/1000
2026-02-20 13:29:46,892 - steps.encdec - INFO - No improve (137/150)
2026-02-20 13:29:46,892 - steps.encdec - INFO - Epoch 180/1000
2026-02-20 13:30:48,077 - steps.encdec - INFO - No improve (138/150)
2026-02-20 13:30:48,077 - steps.encdec - INFO - Epoch 181/1000
2026-02-20 13:31:49,840 - steps.encdec - INFO - No improve (139/150)
2026-02-20 13:31:49,840 - steps.encdec - INFO - Epoch 182/1000
2026-02-20 13:32:51,085 - steps.encdec - INFO - No improve (140/150)
2026-02-20 13:32:51,085 - steps.encdec - INFO - Epoch 183/1000
2026-02-20 13:33:52,226 - steps.encdec - INFO - No improve (141/150)
2026-02-20 13:33:52,226 - steps.encdec - INFO - Epoch 184/1000
2026-02-20 13:34:53,431 - steps.encdec - INFO - No improve (142/150)
2026-02-20 13:34:53,431 - steps.encdec - INFO - Epoch 185/1000
2026-02-20 13:35:54,423 - steps.encdec - INFO - No improve (143/150)
2026-02-20 13:35:54,423 - steps.encdec - INFO - Epoch 186/1000
2026-02-20 13:36:56,143 - steps.encdec - INFO - No improve (144/150)
2026-02-20 13:36:56,144 - steps.encdec - INFO - Epoch 187/1000
2026-02-20 13:37:57,224 - steps.encdec - INFO - No improve (145/150)
2026-02-20 13:37:57,224 - steps.encdec - INFO - Epoch 188/1000
2026-02-20 13:38:58,407 - steps.encdec - INFO - No improve (146/150)
2026-02-20 13:38:58,408 - steps.encdec - INFO - Epoch 189/1000
2026-02-20 13:39:59,302 - steps.encdec - INFO - No improve (147/150)
2026-02-20 13:39:59,303 - steps.encdec - INFO - Epoch 190/1000
2026-02-20 13:41:00,146 - steps.encdec - INFO - No improve (148/150)
2026-02-20 13:41:00,146 - steps.encdec - INFO - Epoch 191/1000
2026-02-20 13:42:01,515 - steps.encdec - INFO - No improve (149/150)
2026-02-20 13:42:01,515 - steps.encdec - INFO - Epoch 192/1000
2026-02-20 13:43:02,185 - steps.encdec - INFO - No improve (150/150)
2026-02-20 13:43:02,186 - steps.encdec - INFO - Early stopping triggered
2026-02-20 13:43:02,186 - steps.encdec - INFO - ==================================================
2026-02-20 13:43:02,186 - steps.encdec - INFO - TRAINING FINISHED
2026-02-20 13:43:02,186 - steps.encdec - INFO - Best Epoch: 42
2026-02-20 13:43:02,186 - steps.encdec - INFO - Best Validation Metrics:
2026-02-20 13:43:02,186 - steps.encdec - INFO -   - total_loss: 0.470884
2026-02-20 13:43:02,186 - steps.encdec - INFO -   - recon_loss: 0.464751
2026-02-20 13:43:02,186 - steps.encdec - INFO -   - recon_data_loss: 0.073254
2026-02-20 13:43:02,186 - steps.encdec - INFO -   - recon_mask_loss: 0.391497
2026-02-20 13:43:02,186 - steps.encdec - INFO -   - kld_loss: 6.491455
2026-02-20 13:43:02,186 - steps.encdec - INFO -   - kld_free: 6.491455
2026-02-20 13:43:02,186 - steps.encdec - INFO -   - causal_loss: 0.028873
2026-02-20 13:43:02,186 - steps.encdec - INFO -   - current_beta: 0.000500
2026-02-20 13:43:02,186 - steps.encdec - INFO - Best Validation Score (recon + gamma*causal): 0.467638
2026-02-20 13:43:02,186 - steps.encdec - INFO - ==================================================
2026-02-20 13:43:03,305 - steps.encdec - INFO - Saved loss curves -> cvae_loss_curves.png
2026-02-20 13:43:20,755 - steps.encdec - INFO - Saved encoded data (shape=(540000, 32)) -> cvae_encoded_data_final_stable.pkl
2026-02-20 16:20:28,190 - steps.encdec - INFO - Step: encdec | training CausalVAE
2026-02-20 16:20:28,191 - steps.encdec - INFO - Device: cuda
2026-02-20 16:22:29,143 - steps.encdec - INFO - Dims | input_dim=29 seq_len=60 num_total_features=29
2026-02-20 16:22:37,008 - steps.encdec - INFO - Start from scratch | resume=False | ckpt_exists=False
2026-02-20 16:22:37,008 - steps.encdec - INFO - Epoch 1/1000
2026-02-20 16:23:41,178 - steps.encdec - INFO - New best val_score=1.120234 | saved ckpt -> cvae_model_balanced_enhanced.pkl
2026-02-20 16:23:41,178 - steps.encdec - INFO - Epoch 2/1000
2026-02-20 16:24:41,402 - steps.encdec - INFO - New best val_score=1.024189 | saved ckpt -> cvae_model_balanced_enhanced.pkl
2026-02-20 16:24:41,403 - steps.encdec - INFO - Epoch 3/1000
2026-02-20 16:25:41,692 - steps.encdec - INFO - New best val_score=0.961891 | saved ckpt -> cvae_model_balanced_enhanced.pkl
2026-02-20 16:25:41,692 - steps.encdec - INFO - Epoch 4/1000
2026-02-20 16:26:41,975 - steps.encdec - INFO - New best val_score=0.897661 | saved ckpt -> cvae_model_balanced_enhanced.pkl
2026-02-20 16:26:41,975 - steps.encdec - INFO - Epoch 5/1000
2026-02-20 16:27:42,275 - steps.encdec - INFO - New best val_score=0.842742 | saved ckpt -> cvae_model_balanced_enhanced.pkl
2026-02-20 16:27:42,275 - steps.encdec - INFO - Epoch 6/1000
2026-02-20 16:28:43,381 - steps.encdec - INFO - New best val_score=0.796756 | saved ckpt -> cvae_model_balanced_enhanced.pkl
2026-02-20 16:28:43,381 - steps.encdec - INFO - Epoch 7/1000
2026-02-20 16:29:43,693 - steps.encdec - INFO - New best val_score=0.757125 | saved ckpt -> cvae_model_balanced_enhanced.pkl
2026-02-20 16:29:43,693 - steps.encdec - INFO - Epoch 8/1000
2026-02-20 16:30:43,803 - steps.encdec - INFO - New best val_score=0.721504 | saved ckpt -> cvae_model_balanced_enhanced.pkl
2026-02-20 16:30:43,803 - steps.encdec - INFO - Epoch 9/1000
2026-02-20 16:31:43,709 - steps.encdec - INFO - New best val_score=0.689851 | saved ckpt -> cvae_model_balanced_enhanced.pkl
2026-02-20 16:31:43,709 - steps.encdec - INFO - Epoch 10/1000
2026-02-20 16:32:43,918 - steps.encdec - INFO - New best val_score=0.662339 | saved ckpt -> cvae_model_balanced_enhanced.pkl
2026-02-20 16:32:43,918 - steps.encdec - INFO - Epoch 11/1000
2026-02-20 16:33:44,519 - steps.encdec - INFO - New best val_score=0.640898 | saved ckpt -> cvae_model_balanced_enhanced.pkl
2026-02-20 16:33:44,519 - steps.encdec - INFO - Epoch 12/1000
2026-02-20 16:34:44,436 - steps.encdec - INFO - New best val_score=0.624377 | saved ckpt -> cvae_model_balanced_enhanced.pkl
2026-02-20 16:34:44,436 - steps.encdec - INFO - Epoch 13/1000
2026-02-20 16:35:44,691 - steps.encdec - INFO - New best val_score=0.610782 | saved ckpt -> cvae_model_balanced_enhanced.pkl
2026-02-20 16:35:44,691 - steps.encdec - INFO - Epoch 14/1000
2026-02-20 16:36:44,803 - steps.encdec - INFO - New best val_score=0.600069 | saved ckpt -> cvae_model_balanced_enhanced.pkl
2026-02-20 16:36:44,803 - steps.encdec - INFO - Epoch 15/1000
2026-02-20 16:37:44,986 - steps.encdec - INFO - New best val_score=0.591311 | saved ckpt -> cvae_model_balanced_enhanced.pkl
2026-02-20 16:37:44,986 - steps.encdec - INFO - Epoch 16/1000
2026-02-20 16:38:46,067 - steps.encdec - INFO - New best val_score=0.584667 | saved ckpt -> cvae_model_balanced_enhanced.pkl
2026-02-20 16:38:46,067 - steps.encdec - INFO - Epoch 17/1000
2026-02-20 16:39:46,528 - steps.encdec - INFO - New best val_score=0.580007 | saved ckpt -> cvae_model_balanced_enhanced.pkl
2026-02-20 16:39:46,528 - steps.encdec - INFO - Epoch 18/1000
2026-02-20 16:40:46,849 - steps.encdec - INFO - New best val_score=0.575920 | saved ckpt -> cvae_model_balanced_enhanced.pkl
2026-02-20 16:40:46,849 - steps.encdec - INFO - Epoch 19/1000
2026-02-20 16:41:46,987 - steps.encdec - INFO - New best val_score=0.572927 | saved ckpt -> cvae_model_balanced_enhanced.pkl
2026-02-20 16:41:46,987 - steps.encdec - INFO - Epoch 20/1000
2026-02-20 16:42:47,036 - steps.encdec - INFO - New best val_score=0.570714 | saved ckpt -> cvae_model_balanced_enhanced.pkl
2026-02-20 16:42:47,036 - steps.encdec - INFO - Epoch 21/1000
2026-02-20 16:43:47,987 - steps.encdec - INFO - New best val_score=0.568698 | saved ckpt -> cvae_model_balanced_enhanced.pkl
2026-02-20 16:43:47,987 - steps.encdec - INFO - Epoch 22/1000
2026-02-20 16:44:48,271 - steps.encdec - INFO - New best val_score=0.567633 | saved ckpt -> cvae_model_balanced_enhanced.pkl
2026-02-20 16:44:48,271 - steps.encdec - INFO - Epoch 23/1000
2026-02-20 16:45:48,467 - steps.encdec - INFO - New best val_score=0.565898 | saved ckpt -> cvae_model_balanced_enhanced.pkl
2026-02-20 16:45:48,468 - steps.encdec - INFO - Epoch 24/1000
2026-02-20 16:46:48,982 - steps.encdec - INFO - New best val_score=0.564907 | saved ckpt -> cvae_model_balanced_enhanced.pkl
2026-02-20 16:46:48,983 - steps.encdec - INFO - Epoch 25/1000
2026-02-20 16:47:49,253 - steps.encdec - INFO - New best val_score=0.563997 | saved ckpt -> cvae_model_balanced_enhanced.pkl
2026-02-20 16:47:49,253 - steps.encdec - INFO - Epoch 26/1000
2026-02-20 16:48:50,220 - steps.encdec - INFO - New best val_score=0.562644 | saved ckpt -> cvae_model_balanced_enhanced.pkl
2026-02-20 16:48:50,220 - steps.encdec - INFO - Epoch 27/1000
2026-02-20 16:49:50,658 - steps.encdec - INFO - New best val_score=0.561433 | saved ckpt -> cvae_model_balanced_enhanced.pkl
2026-02-20 16:49:50,658 - steps.encdec - INFO - Epoch 28/1000
2026-02-20 16:50:51,311 - steps.encdec - INFO - New best val_score=0.559713 | saved ckpt -> cvae_model_balanced_enhanced.pkl
2026-02-20 16:50:51,311 - steps.encdec - INFO - Epoch 29/1000
2026-02-20 16:51:52,050 - steps.encdec - INFO - New best val_score=0.558061 | saved ckpt -> cvae_model_balanced_enhanced.pkl
2026-02-20 16:51:52,051 - steps.encdec - INFO - Epoch 30/1000
2026-02-20 16:52:52,872 - steps.encdec - INFO - New best val_score=0.555936 | saved ckpt -> cvae_model_balanced_enhanced.pkl
2026-02-20 16:52:52,872 - steps.encdec - INFO - Epoch 31/1000
2026-02-20 16:53:54,048 - steps.encdec - INFO - New best val_score=0.553726 | saved ckpt -> cvae_model_balanced_enhanced.pkl
2026-02-20 16:53:54,048 - steps.encdec - INFO - Epoch 32/1000
2026-02-20 16:54:54,711 - steps.encdec - INFO - New best val_score=0.551306 | saved ckpt -> cvae_model_balanced_enhanced.pkl
2026-02-20 16:54:54,711 - steps.encdec - INFO - Epoch 33/1000
2026-02-20 16:55:54,925 - steps.encdec - INFO - New best val_score=0.548640 | saved ckpt -> cvae_model_balanced_enhanced.pkl
2026-02-20 16:55:54,925 - steps.encdec - INFO - Epoch 34/1000
2026-02-20 16:56:55,298 - steps.encdec - INFO - New best val_score=0.546002 | saved ckpt -> cvae_model_balanced_enhanced.pkl
2026-02-20 16:56:55,298 - steps.encdec - INFO - Epoch 35/1000
2026-02-20 16:57:55,538 - steps.encdec - INFO - New best val_score=0.542860 | saved ckpt -> cvae_model_balanced_enhanced.pkl
2026-02-20 16:57:55,538 - steps.encdec - INFO - Epoch 36/1000
2026-02-20 16:58:56,245 - steps.encdec - INFO - New best val_score=0.539648 | saved ckpt -> cvae_model_balanced_enhanced.pkl
2026-02-20 16:58:56,245 - steps.encdec - INFO - Epoch 37/1000
2026-02-20 16:59:56,795 - steps.encdec - INFO - New best val_score=0.536596 | saved ckpt -> cvae_model_balanced_enhanced.pkl
2026-02-20 16:59:56,795 - steps.encdec - INFO - Epoch 38/1000
2026-02-20 17:00:57,404 - steps.encdec - INFO - New best val_score=0.533605 | saved ckpt -> cvae_model_balanced_enhanced.pkl
2026-02-20 17:00:57,404 - steps.encdec - INFO - Epoch 39/1000
2026-02-20 17:01:58,132 - steps.encdec - INFO - New best val_score=0.530748 | saved ckpt -> cvae_model_balanced_enhanced.pkl
2026-02-20 17:01:58,133 - steps.encdec - INFO - Epoch 40/1000
2026-02-20 17:02:58,876 - steps.encdec - INFO - New best val_score=0.528128 | saved ckpt -> cvae_model_balanced_enhanced.pkl
2026-02-20 17:02:58,876 - steps.encdec - INFO - Epoch 41/1000
2026-02-20 17:03:59,610 - steps.encdec - INFO - New best val_score=0.525491 | saved ckpt -> cvae_model_balanced_enhanced.pkl
2026-02-20 17:03:59,610 - steps.encdec - INFO - Epoch 42/1000
2026-02-20 17:04:59,610 - steps.encdec - INFO - New best val_score=0.522985 | saved ckpt -> cvae_model_balanced_enhanced.pkl
2026-02-20 17:04:59,610 - steps.encdec - INFO - Epoch 43/1000
2026-02-20 17:05:59,508 - steps.encdec - INFO - New best val_score=0.521034 | saved ckpt -> cvae_model_balanced_enhanced.pkl
2026-02-20 17:05:59,508 - steps.encdec - INFO - Epoch 44/1000
2026-02-20 17:06:59,491 - steps.encdec - INFO - New best val_score=0.519117 | saved ckpt -> cvae_model_balanced_enhanced.pkl
2026-02-20 17:06:59,491 - steps.encdec - INFO - Epoch 45/1000
2026-02-20 17:07:59,512 - steps.encdec - INFO - New best val_score=0.517303 | saved ckpt -> cvae_model_balanced_enhanced.pkl
2026-02-20 17:07:59,512 - steps.encdec - INFO - Epoch 46/1000
2026-02-20 17:08:59,966 - steps.encdec - INFO - New best val_score=0.515260 | saved ckpt -> cvae_model_balanced_enhanced.pkl
2026-02-20 17:08:59,966 - steps.encdec - INFO - Epoch 47/1000
2026-02-20 17:10:00,263 - steps.encdec - INFO - New best val_score=0.513417 | saved ckpt -> cvae_model_balanced_enhanced.pkl
2026-02-20 17:10:00,263 - steps.encdec - INFO - Epoch 48/1000
2026-02-20 17:11:00,657 - steps.encdec - INFO - New best val_score=0.512165 | saved ckpt -> cvae_model_balanced_enhanced.pkl
2026-02-20 17:11:00,657 - steps.encdec - INFO - Epoch 49/1000
2026-02-20 17:12:00,939 - steps.encdec - INFO - New best val_score=0.510612 | saved ckpt -> cvae_model_balanced_enhanced.pkl
2026-02-20 17:12:00,939 - steps.encdec - INFO - Epoch 50/1000
2026-02-20 17:13:01,202 - steps.encdec - INFO - New best val_score=0.508547 | saved ckpt -> cvae_model_balanced_enhanced.pkl
2026-02-20 17:13:01,202 - steps.encdec - INFO - Epoch 51/1000
2026-02-20 17:14:02,306 - steps.encdec - INFO - New best val_score=0.507341 | saved ckpt -> cvae_model_balanced_enhanced.pkl
2026-02-20 17:14:02,306 - steps.encdec - INFO - Epoch 52/1000
2026-02-20 17:15:03,157 - steps.encdec - INFO - New best val_score=0.506101 | saved ckpt -> cvae_model_balanced_enhanced.pkl
2026-02-20 17:15:03,157 - steps.encdec - INFO - Epoch 53/1000
2026-02-20 17:16:03,872 - steps.encdec - INFO - New best val_score=0.504584 | saved ckpt -> cvae_model_balanced_enhanced.pkl
2026-02-20 17:16:03,872 - steps.encdec - INFO - Epoch 54/1000
2026-02-20 17:17:04,549 - steps.encdec - INFO - New best val_score=0.503292 | saved ckpt -> cvae_model_balanced_enhanced.pkl
2026-02-20 17:17:04,549 - steps.encdec - INFO - Epoch 55/1000
2026-02-20 17:18:04,854 - steps.encdec - INFO - New best val_score=0.501939 | saved ckpt -> cvae_model_balanced_enhanced.pkl
2026-02-20 17:18:04,855 - steps.encdec - INFO - Epoch 56/1000
2026-02-20 17:19:05,672 - steps.encdec - INFO - New best val_score=0.499928 | saved ckpt -> cvae_model_balanced_enhanced.pkl
2026-02-20 17:19:05,672 - steps.encdec - INFO - Epoch 57/1000
2026-02-20 17:20:05,998 - steps.encdec - INFO - New best val_score=0.497544 | saved ckpt -> cvae_model_balanced_enhanced.pkl
2026-02-20 17:20:05,998 - steps.encdec - INFO - Epoch 58/1000
2026-02-20 17:21:06,297 - steps.encdec - INFO - New best val_score=0.495418 | saved ckpt -> cvae_model_balanced_enhanced.pkl
2026-02-20 17:21:06,297 - steps.encdec - INFO - Epoch 59/1000
2026-02-20 17:22:06,444 - steps.encdec - INFO - New best val_score=0.493304 | saved ckpt -> cvae_model_balanced_enhanced.pkl
2026-02-20 17:22:06,444 - steps.encdec - INFO - Epoch 60/1000
2026-02-20 17:23:06,826 - steps.encdec - INFO - New best val_score=0.491734 | saved ckpt -> cvae_model_balanced_enhanced.pkl
2026-02-20 17:23:06,826 - steps.encdec - INFO - Epoch 61/1000
2026-02-20 17:24:07,776 - steps.encdec - INFO - New best val_score=0.490390 | saved ckpt -> cvae_model_balanced_enhanced.pkl
2026-02-20 17:24:07,776 - steps.encdec - INFO - Epoch 62/1000
2026-02-20 17:25:08,064 - steps.encdec - INFO - New best val_score=0.489412 | saved ckpt -> cvae_model_balanced_enhanced.pkl
2026-02-20 17:25:08,064 - steps.encdec - INFO - Epoch 63/1000
2026-02-20 17:26:08,563 - steps.encdec - INFO - New best val_score=0.488161 | saved ckpt -> cvae_model_balanced_enhanced.pkl
2026-02-20 17:26:08,563 - steps.encdec - INFO - Epoch 64/1000
2026-02-20 17:27:08,650 - steps.encdec - INFO - New best val_score=0.486950 | saved ckpt -> cvae_model_balanced_enhanced.pkl
2026-02-20 17:27:08,651 - steps.encdec - INFO - Epoch 65/1000
2026-02-20 17:28:08,710 - steps.encdec - INFO - New best val_score=0.485923 | saved ckpt -> cvae_model_balanced_enhanced.pkl
2026-02-20 17:28:08,711 - steps.encdec - INFO - Epoch 66/1000
2026-02-20 17:29:09,583 - steps.encdec - INFO - New best val_score=0.485175 | saved ckpt -> cvae_model_balanced_enhanced.pkl
2026-02-20 17:29:09,583 - steps.encdec - INFO - Epoch 67/1000
2026-02-20 17:30:10,210 - steps.encdec - INFO - New best val_score=0.483787 | saved ckpt -> cvae_model_balanced_enhanced.pkl
2026-02-20 17:30:10,210 - steps.encdec - INFO - Epoch 68/1000
2026-02-20 17:31:10,110 - steps.encdec - INFO - New best val_score=0.483233 | saved ckpt -> cvae_model_balanced_enhanced.pkl
2026-02-20 17:31:10,110 - steps.encdec - INFO - Epoch 69/1000
2026-02-20 17:32:10,064 - steps.encdec - INFO - No improve (1/150)
2026-02-20 17:32:10,064 - steps.encdec - INFO - Epoch 70/1000
2026-02-20 17:33:10,419 - steps.encdec - INFO - New best val_score=0.481760 | saved ckpt -> cvae_model_balanced_enhanced.pkl
2026-02-20 17:33:10,420 - steps.encdec - INFO - Epoch 71/1000
2026-02-20 17:34:11,010 - steps.encdec - INFO - New best val_score=0.480489 | saved ckpt -> cvae_model_balanced_enhanced.pkl
2026-02-20 17:34:11,010 - steps.encdec - INFO - Epoch 72/1000
2026-02-20 17:35:11,167 - steps.encdec - INFO - New best val_score=0.479267 | saved ckpt -> cvae_model_balanced_enhanced.pkl
2026-02-20 17:35:11,168 - steps.encdec - INFO - Epoch 73/1000
2026-02-20 17:36:11,345 - steps.encdec - INFO - New best val_score=0.477322 | saved ckpt -> cvae_model_balanced_enhanced.pkl
2026-02-20 17:36:11,345 - steps.encdec - INFO - Epoch 74/1000
2026-02-20 17:37:11,451 - steps.encdec - INFO - New best val_score=0.476021 | saved ckpt -> cvae_model_balanced_enhanced.pkl
2026-02-20 17:37:11,452 - steps.encdec - INFO - Epoch 75/1000
2026-02-20 17:38:11,849 - steps.encdec - INFO - New best val_score=0.474906 | saved ckpt -> cvae_model_balanced_enhanced.pkl
2026-02-20 17:38:11,850 - steps.encdec - INFO - Epoch 76/1000
2026-02-20 17:39:12,709 - steps.encdec - INFO - New best val_score=0.474178 | saved ckpt -> cvae_model_balanced_enhanced.pkl
2026-02-20 17:39:12,709 - steps.encdec - INFO - Epoch 77/1000
2026-02-20 17:40:13,029 - steps.encdec - INFO - New best val_score=0.472772 | saved ckpt -> cvae_model_balanced_enhanced.pkl
2026-02-20 17:40:13,029 - steps.encdec - INFO - Epoch 78/1000
2026-02-20 17:41:13,444 - steps.encdec - INFO - New best val_score=0.470614 | saved ckpt -> cvae_model_balanced_enhanced.pkl
2026-02-20 17:41:13,445 - steps.encdec - INFO - Epoch 79/1000
2026-02-20 17:42:13,389 - steps.encdec - INFO - New best val_score=0.469911 | saved ckpt -> cvae_model_balanced_enhanced.pkl
2026-02-20 17:42:13,389 - steps.encdec - INFO - Epoch 80/1000
2026-02-20 17:43:13,533 - steps.encdec - INFO - New best val_score=0.468679 | saved ckpt -> cvae_model_balanced_enhanced.pkl
2026-02-20 17:43:13,533 - steps.encdec - INFO - Epoch 81/1000
2026-02-20 17:44:14,485 - steps.encdec - INFO - New best val_score=0.467276 | saved ckpt -> cvae_model_balanced_enhanced.pkl
2026-02-20 17:44:14,485 - steps.encdec - INFO - Epoch 82/1000
2026-02-20 17:45:14,996 - steps.encdec - INFO - New best val_score=0.466527 | saved ckpt -> cvae_model_balanced_enhanced.pkl
2026-02-20 17:45:14,996 - steps.encdec - INFO - Epoch 83/1000
2026-02-20 17:46:15,246 - steps.encdec - INFO - New best val_score=0.464285 | saved ckpt -> cvae_model_balanced_enhanced.pkl
2026-02-20 17:46:15,246 - steps.encdec - INFO - Epoch 84/1000
2026-02-20 17:47:15,225 - steps.encdec - INFO - New best val_score=0.462412 | saved ckpt -> cvae_model_balanced_enhanced.pkl
2026-02-20 17:47:15,225 - steps.encdec - INFO - Epoch 85/1000
2026-02-20 17:48:15,597 - steps.encdec - INFO - New best val_score=0.461229 | saved ckpt -> cvae_model_balanced_enhanced.pkl
2026-02-20 17:48:15,597 - steps.encdec - INFO - Epoch 86/1000
2026-02-20 17:49:16,638 - steps.encdec - INFO - New best val_score=0.459213 | saved ckpt -> cvae_model_balanced_enhanced.pkl
2026-02-20 17:49:16,639 - steps.encdec - INFO - Epoch 87/1000
2026-02-20 17:50:16,999 - steps.encdec - INFO - New best val_score=0.457347 | saved ckpt -> cvae_model_balanced_enhanced.pkl
2026-02-20 17:50:16,999 - steps.encdec - INFO - Epoch 88/1000
2026-02-20 17:51:17,077 - steps.encdec - INFO - New best val_score=0.455423 | saved ckpt -> cvae_model_balanced_enhanced.pkl
2026-02-20 17:51:17,078 - steps.encdec - INFO - Epoch 89/1000
2026-02-20 17:52:17,109 - steps.encdec - INFO - New best val_score=0.453641 | saved ckpt -> cvae_model_balanced_enhanced.pkl
2026-02-20 17:52:17,110 - steps.encdec - INFO - Epoch 90/1000
2026-02-20 17:53:17,291 - steps.encdec - INFO - New best val_score=0.451546 | saved ckpt -> cvae_model_balanced_enhanced.pkl
2026-02-20 17:53:17,292 - steps.encdec - INFO - Epoch 91/1000
2026-02-20 17:54:18,321 - steps.encdec - INFO - New best val_score=0.449777 | saved ckpt -> cvae_model_balanced_enhanced.pkl
2026-02-20 17:54:18,321 - steps.encdec - INFO - Epoch 92/1000
2026-02-20 17:55:18,531 - steps.encdec - INFO - New best val_score=0.447314 | saved ckpt -> cvae_model_balanced_enhanced.pkl
2026-02-20 17:55:18,531 - steps.encdec - INFO - Epoch 93/1000
2026-02-20 17:56:19,035 - steps.encdec - INFO - New best val_score=0.444867 | saved ckpt -> cvae_model_balanced_enhanced.pkl
2026-02-20 17:56:19,035 - steps.encdec - INFO - Epoch 94/1000
2026-02-20 17:57:18,997 - steps.encdec - INFO - New best val_score=0.442964 | saved ckpt -> cvae_model_balanced_enhanced.pkl
2026-02-20 17:57:18,997 - steps.encdec - INFO - Epoch 95/1000
2026-02-20 17:58:18,942 - steps.encdec - INFO - New best val_score=0.439423 | saved ckpt -> cvae_model_balanced_enhanced.pkl
2026-02-20 17:58:18,942 - steps.encdec - INFO - Epoch 96/1000
2026-02-20 17:59:19,411 - steps.encdec - INFO - New best val_score=0.438323 | saved ckpt -> cvae_model_balanced_enhanced.pkl
2026-02-20 17:59:19,411 - steps.encdec - INFO - Epoch 97/1000
2026-02-20 18:00:19,513 - steps.encdec - INFO - New best val_score=0.434653 | saved ckpt -> cvae_model_balanced_enhanced.pkl
2026-02-20 18:00:19,513 - steps.encdec - INFO - Epoch 98/1000
2026-02-20 18:01:19,817 - steps.encdec - INFO - New best val_score=0.433991 | saved ckpt -> cvae_model_balanced_enhanced.pkl
2026-02-20 18:01:19,817 - steps.encdec - INFO - Epoch 99/1000
2026-02-20 18:02:20,400 - steps.encdec - INFO - New best val_score=0.430810 | saved ckpt -> cvae_model_balanced_enhanced.pkl
2026-02-20 18:02:20,400 - steps.encdec - INFO - Epoch 100/1000
2026-02-20 18:03:20,990 - steps.encdec - INFO - New best val_score=0.428421 | saved ckpt -> cvae_model_balanced_enhanced.pkl
2026-02-20 18:03:20,990 - steps.encdec - INFO - Epoch 101/1000
2026-02-20 18:04:22,124 - steps.encdec - INFO - New best val_score=0.426324 | saved ckpt -> cvae_model_balanced_enhanced.pkl
2026-02-20 18:04:22,124 - steps.encdec - INFO - Epoch 102/1000
2026-02-20 18:05:22,668 - steps.encdec - INFO - New best val_score=0.423692 | saved ckpt -> cvae_model_balanced_enhanced.pkl
2026-02-20 18:05:22,668 - steps.encdec - INFO - Epoch 103/1000
2026-02-20 18:06:23,107 - steps.encdec - INFO - New best val_score=0.422608 | saved ckpt -> cvae_model_balanced_enhanced.pkl
2026-02-20 18:06:23,107 - steps.encdec - INFO - Epoch 104/1000
2026-02-20 18:07:23,152 - steps.encdec - INFO - New best val_score=0.420658 | saved ckpt -> cvae_model_balanced_enhanced.pkl
2026-02-20 18:07:23,152 - steps.encdec - INFO - Epoch 105/1000
2026-02-20 18:08:23,407 - steps.encdec - INFO - New best val_score=0.417385 | saved ckpt -> cvae_model_balanced_enhanced.pkl
2026-02-20 18:08:23,407 - steps.encdec - INFO - Epoch 106/1000
2026-02-20 18:09:24,180 - steps.encdec - INFO - New best val_score=0.415947 | saved ckpt -> cvae_model_balanced_enhanced.pkl
2026-02-20 18:09:24,180 - steps.encdec - INFO - Epoch 107/1000
2026-02-20 18:10:24,507 - steps.encdec - INFO - New best val_score=0.412872 | saved ckpt -> cvae_model_balanced_enhanced.pkl
2026-02-20 18:10:24,508 - steps.encdec - INFO - Epoch 108/1000
2026-02-20 18:11:24,501 - steps.encdec - INFO - New best val_score=0.411543 | saved ckpt -> cvae_model_balanced_enhanced.pkl
2026-02-20 18:11:24,502 - steps.encdec - INFO - Epoch 109/1000
2026-02-20 18:12:24,571 - steps.encdec - INFO - New best val_score=0.409200 | saved ckpt -> cvae_model_balanced_enhanced.pkl
2026-02-20 18:12:24,571 - steps.encdec - INFO - Epoch 110/1000
2026-02-20 18:13:24,887 - steps.encdec - INFO - New best val_score=0.406827 | saved ckpt -> cvae_model_balanced_enhanced.pkl
2026-02-20 18:13:24,887 - steps.encdec - INFO - Epoch 111/1000
2026-02-20 18:14:25,931 - steps.encdec - INFO - New best val_score=0.403614 | saved ckpt -> cvae_model_balanced_enhanced.pkl
2026-02-20 18:14:25,931 - steps.encdec - INFO - Epoch 112/1000
2026-02-20 18:15:26,354 - steps.encdec - INFO - New best val_score=0.403400 | saved ckpt -> cvae_model_balanced_enhanced.pkl
2026-02-20 18:15:26,354 - steps.encdec - INFO - Epoch 113/1000
2026-02-20 18:16:26,737 - steps.encdec - INFO - New best val_score=0.401922 | saved ckpt -> cvae_model_balanced_enhanced.pkl
2026-02-20 18:16:26,737 - steps.encdec - INFO - Epoch 114/1000
2026-02-20 18:17:26,967 - steps.encdec - INFO - New best val_score=0.400896 | saved ckpt -> cvae_model_balanced_enhanced.pkl
2026-02-20 18:17:26,967 - steps.encdec - INFO - Epoch 115/1000
2026-02-20 18:18:27,068 - steps.encdec - INFO - New best val_score=0.397772 | saved ckpt -> cvae_model_balanced_enhanced.pkl
2026-02-20 18:18:27,068 - steps.encdec - INFO - Epoch 116/1000
2026-02-20 18:19:27,877 - steps.encdec - INFO - New best val_score=0.396664 | saved ckpt -> cvae_model_balanced_enhanced.pkl
2026-02-20 18:19:27,877 - steps.encdec - INFO - Epoch 117/1000
2026-02-20 18:20:28,156 - steps.encdec - INFO - New best val_score=0.394218 | saved ckpt -> cvae_model_balanced_enhanced.pkl
2026-02-20 18:20:28,156 - steps.encdec - INFO - Epoch 118/1000
2026-02-20 18:21:28,609 - steps.encdec - INFO - New best val_score=0.391520 | saved ckpt -> cvae_model_balanced_enhanced.pkl
2026-02-20 18:21:28,609 - steps.encdec - INFO - Epoch 119/1000
2026-02-20 18:22:28,885 - steps.encdec - INFO - New best val_score=0.389971 | saved ckpt -> cvae_model_balanced_enhanced.pkl
2026-02-20 18:22:28,885 - steps.encdec - INFO - Epoch 120/1000
2026-02-20 18:23:29,238 - steps.encdec - INFO - New best val_score=0.389325 | saved ckpt -> cvae_model_balanced_enhanced.pkl
2026-02-20 18:23:29,238 - steps.encdec - INFO - Epoch 121/1000
2026-02-20 18:24:30,301 - steps.encdec - INFO - New best val_score=0.386213 | saved ckpt -> cvae_model_balanced_enhanced.pkl
2026-02-20 18:24:30,301 - steps.encdec - INFO - Epoch 122/1000
2026-02-20 18:25:30,735 - steps.encdec - INFO - New best val_score=0.384912 | saved ckpt -> cvae_model_balanced_enhanced.pkl
2026-02-20 18:25:30,735 - steps.encdec - INFO - Epoch 123/1000
2026-02-20 18:26:30,794 - steps.encdec - INFO - New best val_score=0.383300 | saved ckpt -> cvae_model_balanced_enhanced.pkl
2026-02-20 18:26:30,794 - steps.encdec - INFO - Epoch 124/1000
2026-02-20 18:27:31,059 - steps.encdec - INFO - New best val_score=0.382280 | saved ckpt -> cvae_model_balanced_enhanced.pkl
2026-02-20 18:27:31,059 - steps.encdec - INFO - Epoch 125/1000
2026-02-20 18:28:31,481 - steps.encdec - INFO - New best val_score=0.381179 | saved ckpt -> cvae_model_balanced_enhanced.pkl
2026-02-20 18:28:31,481 - steps.encdec - INFO - Epoch 126/1000
2026-02-20 18:29:32,579 - steps.encdec - INFO - New best val_score=0.377900 | saved ckpt -> cvae_model_balanced_enhanced.pkl
2026-02-20 18:29:32,580 - steps.encdec - INFO - Epoch 127/1000
2026-02-20 18:30:33,202 - steps.encdec - INFO - New best val_score=0.375967 | saved ckpt -> cvae_model_balanced_enhanced.pkl
2026-02-20 18:30:33,202 - steps.encdec - INFO - Epoch 128/1000
2026-02-20 18:31:33,725 - steps.encdec - INFO - New best val_score=0.375405 | saved ckpt -> cvae_model_balanced_enhanced.pkl
2026-02-20 18:31:33,725 - steps.encdec - INFO - Epoch 129/1000
2026-02-20 18:32:34,022 - steps.encdec - INFO - New best val_score=0.374034 | saved ckpt -> cvae_model_balanced_enhanced.pkl
2026-02-20 18:32:34,022 - steps.encdec - INFO - Epoch 130/1000
2026-02-20 18:33:34,357 - steps.encdec - INFO - No improve (1/150)
2026-02-20 18:33:34,357 - steps.encdec - INFO - Epoch 131/1000
2026-02-20 18:34:35,402 - steps.encdec - INFO - New best val_score=0.372793 | saved ckpt -> cvae_model_balanced_enhanced.pkl
2026-02-20 18:34:35,402 - steps.encdec - INFO - Epoch 132/1000
2026-02-20 18:35:35,648 - steps.encdec - INFO - No improve (1/150)
2026-02-20 18:35:35,649 - steps.encdec - INFO - Epoch 133/1000
2026-02-20 18:36:36,173 - steps.encdec - INFO - New best val_score=0.372115 | saved ckpt -> cvae_model_balanced_enhanced.pkl
2026-02-20 18:36:36,174 - steps.encdec - INFO - Epoch 134/1000
2026-02-20 18:37:36,516 - steps.encdec - INFO - New best val_score=0.371539 | saved ckpt -> cvae_model_balanced_enhanced.pkl
2026-02-20 18:37:36,517 - steps.encdec - INFO - Epoch 135/1000
2026-02-20 18:38:36,761 - steps.encdec - INFO - New best val_score=0.369299 | saved ckpt -> cvae_model_balanced_enhanced.pkl
2026-02-20 18:38:36,761 - steps.encdec - INFO - Epoch 136/1000
2026-02-20 18:39:37,747 - steps.encdec - INFO - No improve (1/150)
2026-02-20 18:39:37,748 - steps.encdec - INFO - Epoch 137/1000
2026-02-20 18:40:38,035 - steps.encdec - INFO - No improve (2/150)
2026-02-20 18:40:38,035 - steps.encdec - INFO - Epoch 138/1000
2026-02-20 18:41:38,236 - steps.encdec - INFO - New best val_score=0.368925 | saved ckpt -> cvae_model_balanced_enhanced.pkl
2026-02-20 18:41:38,236 - steps.encdec - INFO - Epoch 139/1000
2026-02-20 18:42:38,383 - steps.encdec - INFO - New best val_score=0.368225 | saved ckpt -> cvae_model_balanced_enhanced.pkl
2026-02-20 18:42:38,383 - steps.encdec - INFO - Epoch 140/1000
2026-02-20 18:43:38,641 - steps.encdec - INFO - New best val_score=0.365833 | saved ckpt -> cvae_model_balanced_enhanced.pkl
2026-02-20 18:43:38,641 - steps.encdec - INFO - Epoch 141/1000
2026-02-20 18:44:41,079 - steps.encdec - INFO - New best val_score=0.364462 | saved ckpt -> cvae_model_balanced_enhanced.pkl
2026-02-20 18:44:41,079 - steps.encdec - INFO - Epoch 142/1000
2026-02-20 18:45:41,364 - steps.encdec - INFO - No improve (1/150)
2026-02-20 18:45:41,365 - steps.encdec - INFO - Epoch 143/1000
2026-02-20 18:46:41,600 - steps.encdec - INFO - New best val_score=0.364370 | saved ckpt -> cvae_model_balanced_enhanced.pkl
2026-02-20 18:46:41,601 - steps.encdec - INFO - Epoch 144/1000
2026-02-20 18:47:41,932 - steps.encdec - INFO - New best val_score=0.361139 | saved ckpt -> cvae_model_balanced_enhanced.pkl
2026-02-20 18:47:41,932 - steps.encdec - INFO - Epoch 145/1000
2026-02-20 18:48:42,478 - steps.encdec - INFO - New best val_score=0.359388 | saved ckpt -> cvae_model_balanced_enhanced.pkl
2026-02-20 18:48:42,479 - steps.encdec - INFO - Epoch 146/1000
2026-02-20 18:49:43,225 - steps.encdec - INFO - New best val_score=0.357312 | saved ckpt -> cvae_model_balanced_enhanced.pkl
2026-02-20 18:49:43,225 - steps.encdec - INFO - Epoch 147/1000
2026-02-20 18:50:43,583 - steps.encdec - INFO - New best val_score=0.356857 | saved ckpt -> cvae_model_balanced_enhanced.pkl
2026-02-20 18:50:43,583 - steps.encdec - INFO - Epoch 148/1000
2026-02-20 18:51:44,214 - steps.encdec - INFO - New best val_score=0.355276 | saved ckpt -> cvae_model_balanced_enhanced.pkl
2026-02-20 18:51:44,214 - steps.encdec - INFO - Epoch 149/1000
2026-02-20 18:52:44,622 - steps.encdec - INFO - New best val_score=0.352181 | saved ckpt -> cvae_model_balanced_enhanced.pkl
2026-02-20 18:52:44,622 - steps.encdec - INFO - Epoch 150/1000
2026-02-20 18:53:44,970 - steps.encdec - INFO - No improve (1/150)
2026-02-20 18:53:44,970 - steps.encdec - INFO - Epoch 151/1000
2026-02-20 18:54:46,102 - steps.encdec - INFO - New best val_score=0.350434 | saved ckpt -> cvae_model_balanced_enhanced.pkl
2026-02-20 18:54:46,102 - steps.encdec - INFO - Epoch 152/1000
2026-02-20 18:55:46,608 - steps.encdec - INFO - New best val_score=0.348531 | saved ckpt -> cvae_model_balanced_enhanced.pkl
2026-02-20 18:55:46,608 - steps.encdec - INFO - Epoch 153/1000
2026-02-20 18:56:47,399 - steps.encdec - INFO - No improve (1/150)
2026-02-20 18:56:47,399 - steps.encdec - INFO - Epoch 154/1000
2026-02-20 18:57:48,659 - steps.encdec - INFO - New best val_score=0.348386 | saved ckpt -> cvae_model_balanced_enhanced.pkl
2026-02-20 18:57:48,659 - steps.encdec - INFO - Epoch 155/1000
2026-02-20 18:58:49,320 - steps.encdec - INFO - No improve (1/150)
2026-02-20 18:58:49,321 - steps.encdec - INFO - Epoch 156/1000
2026-02-20 18:59:50,731 - steps.encdec - INFO - New best val_score=0.345163 | saved ckpt -> cvae_model_balanced_enhanced.pkl
2026-02-20 18:59:50,731 - steps.encdec - INFO - Epoch 157/1000
2026-02-20 19:00:51,605 - steps.encdec - INFO - No improve (1/150)
2026-02-20 19:00:51,605 - steps.encdec - INFO - Epoch 158/1000
2026-02-20 19:01:51,724 - steps.encdec - INFO - New best val_score=0.344452 | saved ckpt -> cvae_model_balanced_enhanced.pkl
2026-02-20 19:01:51,724 - steps.encdec - INFO - Epoch 159/1000
2026-02-20 19:02:51,884 - steps.encdec - INFO - No improve (1/150)
2026-02-20 19:02:51,884 - steps.encdec - INFO - Epoch 160/1000
2026-02-20 19:03:52,167 - steps.encdec - INFO - New best val_score=0.343902 | saved ckpt -> cvae_model_balanced_enhanced.pkl
2026-02-20 19:03:52,167 - steps.encdec - INFO - Epoch 161/1000
2026-02-20 19:04:53,312 - steps.encdec - INFO - New best val_score=0.337352 | saved ckpt -> cvae_model_balanced_enhanced.pkl
2026-02-20 19:04:53,312 - steps.encdec - INFO - Epoch 162/1000
2026-02-20 19:05:53,814 - steps.encdec - INFO - No improve (1/150)
2026-02-20 19:05:53,814 - steps.encdec - INFO - Epoch 163/1000
2026-02-20 19:06:54,013 - steps.encdec - INFO - New best val_score=0.337246 | saved ckpt -> cvae_model_balanced_enhanced.pkl
2026-02-20 19:06:54,013 - steps.encdec - INFO - Epoch 164/1000
2026-02-20 19:07:54,372 - steps.encdec - INFO - New best val_score=0.336215 | saved ckpt -> cvae_model_balanced_enhanced.pkl
2026-02-20 19:07:54,372 - steps.encdec - INFO - Epoch 165/1000
2026-02-20 19:08:54,721 - steps.encdec - INFO - New best val_score=0.335883 | saved ckpt -> cvae_model_balanced_enhanced.pkl
2026-02-20 19:08:54,721 - steps.encdec - INFO - Epoch 166/1000
2026-02-20 19:09:55,302 - steps.encdec - INFO - New best val_score=0.335832 | saved ckpt -> cvae_model_balanced_enhanced.pkl
2026-02-20 19:09:55,302 - steps.encdec - INFO - Epoch 167/1000
2026-02-20 19:10:55,341 - steps.encdec - INFO - New best val_score=0.334240 | saved ckpt -> cvae_model_balanced_enhanced.pkl
2026-02-20 19:10:55,341 - steps.encdec - INFO - Epoch 168/1000
2026-02-20 19:11:55,567 - steps.encdec - INFO - New best val_score=0.332096 | saved ckpt -> cvae_model_balanced_enhanced.pkl
2026-02-20 19:11:55,568 - steps.encdec - INFO - Epoch 169/1000
2026-02-20 19:12:55,928 - steps.encdec - INFO - New best val_score=0.329427 | saved ckpt -> cvae_model_balanced_enhanced.pkl
2026-02-20 19:12:55,928 - steps.encdec - INFO - Epoch 170/1000
2026-02-20 19:13:56,254 - steps.encdec - INFO - New best val_score=0.329108 | saved ckpt -> cvae_model_balanced_enhanced.pkl
2026-02-20 19:13:56,255 - steps.encdec - INFO - Epoch 171/1000
2026-02-20 19:14:57,265 - steps.encdec - INFO - New best val_score=0.327411 | saved ckpt -> cvae_model_balanced_enhanced.pkl
2026-02-20 19:14:57,265 - steps.encdec - INFO - Epoch 172/1000
2026-02-20 19:15:57,742 - steps.encdec - INFO - New best val_score=0.327350 | saved ckpt -> cvae_model_balanced_enhanced.pkl
2026-02-20 19:15:57,743 - steps.encdec - INFO - Epoch 173/1000
2026-02-20 19:16:58,291 - steps.encdec - INFO - No improve (1/150)
2026-02-20 19:16:58,291 - steps.encdec - INFO - Epoch 174/1000
2026-02-20 19:17:58,993 - steps.encdec - INFO - New best val_score=0.323297 | saved ckpt -> cvae_model_balanced_enhanced.pkl
2026-02-20 19:17:58,993 - steps.encdec - INFO - Epoch 175/1000
2026-02-20 19:18:59,259 - steps.encdec - INFO - No improve (1/150)
2026-02-20 19:18:59,260 - steps.encdec - INFO - Epoch 176/1000
2026-02-20 19:20:00,180 - steps.encdec - INFO - No improve (2/150)
2026-02-20 19:20:00,180 - steps.encdec - INFO - Epoch 177/1000
2026-02-20 19:21:00,731 - steps.encdec - INFO - No improve (3/150)
2026-02-20 19:21:00,732 - steps.encdec - INFO - Epoch 178/1000
2026-02-20 19:22:01,138 - steps.encdec - INFO - New best val_score=0.321126 | saved ckpt -> cvae_model_balanced_enhanced.pkl
2026-02-20 19:22:01,138 - steps.encdec - INFO - Epoch 179/1000
2026-02-20 19:23:01,650 - steps.encdec - INFO - No improve (1/150)
2026-02-20 19:23:01,650 - steps.encdec - INFO - Epoch 180/1000
2026-02-20 19:24:02,283 - steps.encdec - INFO - New best val_score=0.318457 | saved ckpt -> cvae_model_balanced_enhanced.pkl
2026-02-20 19:24:02,283 - steps.encdec - INFO - Epoch 181/1000
2026-02-20 19:25:03,636 - steps.encdec - INFO - No improve (1/150)
2026-02-20 19:25:03,636 - steps.encdec - INFO - Epoch 182/1000
2026-02-20 19:26:04,225 - steps.encdec - INFO - No improve (2/150)
2026-02-20 19:26:04,226 - steps.encdec - INFO - Epoch 183/1000
2026-02-20 19:27:04,587 - steps.encdec - INFO - New best val_score=0.315505 | saved ckpt -> cvae_model_balanced_enhanced.pkl
2026-02-20 19:27:04,587 - steps.encdec - INFO - Epoch 184/1000
2026-02-20 19:28:05,157 - steps.encdec - INFO - No improve (1/150)
2026-02-20 19:28:05,157 - steps.encdec - INFO - Epoch 185/1000
2026-02-20 19:29:05,595 - steps.encdec - INFO - New best val_score=0.313988 | saved ckpt -> cvae_model_balanced_enhanced.pkl
2026-02-20 19:29:05,596 - steps.encdec - INFO - Epoch 186/1000
2026-02-20 19:30:06,567 - steps.encdec - INFO - New best val_score=0.313787 | saved ckpt -> cvae_model_balanced_enhanced.pkl
2026-02-20 19:30:06,567 - steps.encdec - INFO - Epoch 187/1000
2026-02-20 19:31:06,758 - steps.encdec - INFO - New best val_score=0.311334 | saved ckpt -> cvae_model_balanced_enhanced.pkl
2026-02-20 19:31:06,758 - steps.encdec - INFO - Epoch 188/1000
2026-02-20 19:32:06,908 - steps.encdec - INFO - No improve (1/150)
2026-02-20 19:32:06,908 - steps.encdec - INFO - Epoch 189/1000
2026-02-20 19:33:06,988 - steps.encdec - INFO - New best val_score=0.310232 | saved ckpt -> cvae_model_balanced_enhanced.pkl
2026-02-20 19:33:06,988 - steps.encdec - INFO - Epoch 190/1000
2026-02-20 19:34:07,414 - steps.encdec - INFO - No improve (1/150)
2026-02-20 19:34:07,415 - steps.encdec - INFO - Epoch 191/1000
2026-02-20 19:35:08,703 - steps.encdec - INFO - New best val_score=0.307811 | saved ckpt -> cvae_model_balanced_enhanced.pkl
2026-02-20 19:35:08,703 - steps.encdec - INFO - Epoch 192/1000
2026-02-20 19:36:09,290 - steps.encdec - INFO - No improve (1/150)
2026-02-20 19:36:09,290 - steps.encdec - INFO - Epoch 193/1000
2026-02-20 19:37:09,368 - steps.encdec - INFO - No improve (2/150)
2026-02-20 19:37:09,368 - steps.encdec - INFO - Epoch 194/1000
2026-02-20 19:38:09,691 - steps.encdec - INFO - New best val_score=0.305510 | saved ckpt -> cvae_model_balanced_enhanced.pkl
2026-02-20 19:38:09,691 - steps.encdec - INFO - Epoch 195/1000
2026-02-20 19:39:10,314 - steps.encdec - INFO - New best val_score=0.304797 | saved ckpt -> cvae_model_balanced_enhanced.pkl
2026-02-20 19:39:10,314 - steps.encdec - INFO - Epoch 196/1000
2026-02-20 19:40:11,159 - steps.encdec - INFO - New best val_score=0.304192 | saved ckpt -> cvae_model_balanced_enhanced.pkl
2026-02-20 19:40:11,159 - steps.encdec - INFO - Epoch 197/1000
2026-02-20 19:41:11,598 - steps.encdec - INFO - No improve (1/150)
2026-02-20 19:41:11,598 - steps.encdec - INFO - Epoch 198/1000
2026-02-20 19:42:12,185 - steps.encdec - INFO - New best val_score=0.301849 | saved ckpt -> cvae_model_balanced_enhanced.pkl
2026-02-20 19:42:12,185 - steps.encdec - INFO - Epoch 199/1000
2026-02-20 19:43:12,821 - steps.encdec - INFO - No improve (1/150)
2026-02-20 19:43:12,821 - steps.encdec - INFO - Epoch 200/1000
2026-02-20 19:44:13,413 - steps.encdec - INFO - No improve (2/150)
2026-02-20 19:44:13,413 - steps.encdec - INFO - Epoch 201/1000
2026-02-20 19:45:14,467 - steps.encdec - INFO - No improve (3/150)
2026-02-20 19:45:14,467 - steps.encdec - INFO - Epoch 202/1000
2026-02-20 19:46:14,942 - steps.encdec - INFO - No improve (4/150)
2026-02-20 19:46:14,942 - steps.encdec - INFO - Epoch 203/1000
2026-02-20 19:47:15,738 - steps.encdec - INFO - New best val_score=0.299622 | saved ckpt -> cvae_model_balanced_enhanced.pkl
2026-02-20 19:47:15,739 - steps.encdec - INFO - Epoch 204/1000
2026-02-20 19:48:16,288 - steps.encdec - INFO - No improve (1/150)
2026-02-20 19:48:16,288 - steps.encdec - INFO - Epoch 205/1000
2026-02-20 19:49:16,714 - steps.encdec - INFO - New best val_score=0.299071 | saved ckpt -> cvae_model_balanced_enhanced.pkl
2026-02-20 19:49:16,714 - steps.encdec - INFO - Epoch 206/1000
2026-02-20 19:50:17,742 - steps.encdec - INFO - No improve (1/150)
2026-02-20 19:50:17,743 - steps.encdec - INFO - Epoch 207/1000
2026-02-20 19:51:18,220 - steps.encdec - INFO - No improve (2/150)
2026-02-20 19:51:18,221 - steps.encdec - INFO - Epoch 208/1000
2026-02-20 19:52:18,618 - steps.encdec - INFO - No improve (3/150)
2026-02-20 19:52:18,618 - steps.encdec - INFO - Epoch 209/1000
2026-02-20 19:53:19,077 - steps.encdec - INFO - No improve (4/150)
2026-02-20 19:53:19,077 - steps.encdec - INFO - Epoch 210/1000
2026-02-20 19:54:19,836 - steps.encdec - INFO - No improve (5/150)
2026-02-20 19:54:19,836 - steps.encdec - INFO - Epoch 211/1000
2026-02-20 19:55:20,785 - steps.encdec - INFO - No improve (6/150)
2026-02-20 19:55:20,786 - steps.encdec - INFO - Epoch 212/1000
2026-02-20 19:56:21,214 - steps.encdec - INFO - New best val_score=0.294551 | saved ckpt -> cvae_model_balanced_enhanced.pkl
2026-02-20 19:56:21,214 - steps.encdec - INFO - Epoch 213/1000
2026-02-20 19:57:21,829 - steps.encdec - INFO - New best val_score=0.294328 | saved ckpt -> cvae_model_balanced_enhanced.pkl
2026-02-20 19:57:21,829 - steps.encdec - INFO - Epoch 214/1000
2026-02-20 19:58:22,465 - steps.encdec - INFO - No improve (1/150)
2026-02-20 19:58:22,465 - steps.encdec - INFO - Epoch 215/1000
2026-02-20 19:59:23,084 - steps.encdec - INFO - No improve (2/150)
2026-02-20 19:59:23,084 - steps.encdec - INFO - Epoch 216/1000
2026-02-20 20:00:23,982 - steps.encdec - INFO - No improve (3/150)
2026-02-20 20:00:23,982 - steps.encdec - INFO - Epoch 217/1000
2026-02-20 20:01:24,739 - steps.encdec - INFO - New best val_score=0.293802 | saved ckpt -> cvae_model_balanced_enhanced.pkl
2026-02-20 20:01:24,739 - steps.encdec - INFO - Epoch 218/1000
2026-02-20 20:02:25,524 - steps.encdec - INFO - New best val_score=0.292712 | saved ckpt -> cvae_model_balanced_enhanced.pkl
2026-02-20 20:02:25,524 - steps.encdec - INFO - Epoch 219/1000
2026-02-20 20:03:26,035 - steps.encdec - INFO - New best val_score=0.291356 | saved ckpt -> cvae_model_balanced_enhanced.pkl
2026-02-20 20:03:26,035 - steps.encdec - INFO - Epoch 220/1000
2026-02-20 20:04:26,206 - steps.encdec - INFO - No improve (1/150)
2026-02-20 20:04:26,206 - steps.encdec - INFO - Epoch 221/1000
2026-02-20 20:05:26,911 - steps.encdec - INFO - New best val_score=0.287028 | saved ckpt -> cvae_model_balanced_enhanced.pkl
2026-02-20 20:05:26,911 - steps.encdec - INFO - Epoch 222/1000
2026-02-20 20:06:27,208 - steps.encdec - INFO - No improve (1/150)
2026-02-20 20:06:27,209 - steps.encdec - INFO - Epoch 223/1000
2026-02-20 20:07:27,666 - steps.encdec - INFO - No improve (2/150)
2026-02-20 20:07:27,666 - steps.encdec - INFO - Epoch 224/1000
2026-02-20 20:08:27,898 - steps.encdec - INFO - New best val_score=0.286871 | saved ckpt -> cvae_model_balanced_enhanced.pkl
2026-02-20 20:08:27,898 - steps.encdec - INFO - Epoch 225/1000
2026-02-20 20:09:28,108 - steps.encdec - INFO - No improve (1/150)
2026-02-20 20:09:28,108 - steps.encdec - INFO - Epoch 226/1000
2026-02-20 20:10:28,922 - steps.encdec - INFO - No improve (2/150)
2026-02-20 20:10:28,922 - steps.encdec - INFO - Epoch 227/1000
2026-02-20 20:11:29,261 - steps.encdec - INFO - New best val_score=0.286453 | saved ckpt -> cvae_model_balanced_enhanced.pkl
2026-02-20 20:11:29,261 - steps.encdec - INFO - Epoch 228/1000
2026-02-20 20:12:29,570 - steps.encdec - INFO - No improve (1/150)
2026-02-20 20:12:29,571 - steps.encdec - INFO - Epoch 229/1000
2026-02-20 20:13:30,060 - steps.encdec - INFO - New best val_score=0.282914 | saved ckpt -> cvae_model_balanced_enhanced.pkl
2026-02-20 20:13:30,060 - steps.encdec - INFO - Epoch 230/1000
2026-02-20 20:14:30,601 - steps.encdec - INFO - New best val_score=0.282223 | saved ckpt -> cvae_model_balanced_enhanced.pkl
2026-02-20 20:14:30,601 - steps.encdec - INFO - Epoch 231/1000
2026-02-20 20:15:31,596 - steps.encdec - INFO - New best val_score=0.279288 | saved ckpt -> cvae_model_balanced_enhanced.pkl
2026-02-20 20:15:31,596 - steps.encdec - INFO - Epoch 232/1000
2026-02-20 20:16:32,238 - steps.encdec - INFO - No improve (1/150)
2026-02-20 20:16:32,238 - steps.encdec - INFO - Epoch 233/1000
2026-02-20 20:17:32,557 - steps.encdec - INFO - No improve (2/150)
2026-02-20 20:17:32,557 - steps.encdec - INFO - Epoch 234/1000
2026-02-20 20:18:33,094 - steps.encdec - INFO - New best val_score=0.278932 | saved ckpt -> cvae_model_balanced_enhanced.pkl
2026-02-20 20:18:33,094 - steps.encdec - INFO - Epoch 235/1000
2026-02-20 20:19:33,984 - steps.encdec - INFO - New best val_score=0.277084 | saved ckpt -> cvae_model_balanced_enhanced.pkl
2026-02-20 20:19:33,984 - steps.encdec - INFO - Epoch 236/1000
2026-02-20 20:20:34,876 - steps.encdec - INFO - No improve (1/150)
2026-02-20 20:20:34,877 - steps.encdec - INFO - Epoch 237/1000
2026-02-20 20:21:34,888 - steps.encdec - INFO - No improve (2/150)
2026-02-20 20:21:34,889 - steps.encdec - INFO - Epoch 238/1000
2026-02-20 20:22:36,810 - steps.encdec - INFO - New best val_score=0.274623 | saved ckpt -> cvae_model_balanced_enhanced.pkl
2026-02-20 20:22:36,810 - steps.encdec - INFO - Epoch 239/1000
2026-02-20 20:23:37,628 - steps.encdec - INFO - No improve (1/150)
2026-02-20 20:23:37,628 - steps.encdec - INFO - Epoch 240/1000
2026-02-20 20:24:37,996 - steps.encdec - INFO - New best val_score=0.274490 | saved ckpt -> cvae_model_balanced_enhanced.pkl
2026-02-20 20:24:37,996 - steps.encdec - INFO - Epoch 241/1000
2026-02-20 20:25:38,662 - steps.encdec - INFO - New best val_score=0.274039 | saved ckpt -> cvae_model_balanced_enhanced.pkl
2026-02-20 20:25:38,663 - steps.encdec - INFO - Epoch 242/1000
2026-02-20 20:26:39,058 - steps.encdec - INFO - No improve (1/150)
2026-02-20 20:26:39,058 - steps.encdec - INFO - Epoch 243/1000
2026-02-20 20:27:39,969 - steps.encdec - INFO - No improve (2/150)
2026-02-20 20:27:39,969 - steps.encdec - INFO - Epoch 244/1000
2026-02-20 20:28:40,856 - steps.encdec - INFO - New best val_score=0.270683 | saved ckpt -> cvae_model_balanced_enhanced.pkl
2026-02-20 20:28:40,857 - steps.encdec - INFO - Epoch 245/1000
2026-02-20 20:29:41,638 - steps.encdec - INFO - No improve (1/150)
2026-02-20 20:29:41,638 - steps.encdec - INFO - Epoch 246/1000
2026-02-20 20:30:42,865 - steps.encdec - INFO - No improve (2/150)
2026-02-20 20:30:42,866 - steps.encdec - INFO - Epoch 247/1000
2026-02-20 20:31:43,129 - steps.encdec - INFO - No improve (3/150)
2026-02-20 20:31:43,129 - steps.encdec - INFO - Epoch 248/1000
2026-02-20 20:32:43,167 - steps.encdec - INFO - No improve (4/150)
2026-02-20 20:32:43,167 - steps.encdec - INFO - Epoch 249/1000
2026-02-20 20:33:43,367 - steps.encdec - INFO - No improve (5/150)
2026-02-20 20:33:43,367 - steps.encdec - INFO - Epoch 250/1000
2026-02-20 20:34:43,734 - steps.encdec - INFO - New best val_score=0.268192 | saved ckpt -> cvae_model_balanced_enhanced.pkl
2026-02-20 20:34:43,735 - steps.encdec - INFO - Epoch 251/1000
2026-02-20 20:35:44,705 - steps.encdec - INFO - No improve (1/150)
2026-02-20 20:35:44,705 - steps.encdec - INFO - Epoch 252/1000
2026-02-20 20:36:45,079 - steps.encdec - INFO - No improve (2/150)
2026-02-20 20:36:45,079 - steps.encdec - INFO - Epoch 253/1000
2026-02-20 20:37:45,273 - steps.encdec - INFO - No improve (3/150)
2026-02-20 20:37:45,273 - steps.encdec - INFO - Epoch 254/1000
2026-02-20 20:38:45,541 - steps.encdec - INFO - No improve (4/150)
2026-02-20 20:38:45,541 - steps.encdec - INFO - Epoch 255/1000
2026-02-20 20:39:45,877 - steps.encdec - INFO - No improve (5/150)
2026-02-20 20:39:45,877 - steps.encdec - INFO - Epoch 256/1000
2026-02-20 20:40:47,299 - steps.encdec - INFO - New best val_score=0.261920 | saved ckpt -> cvae_model_balanced_enhanced.pkl
2026-02-20 20:40:47,299 - steps.encdec - INFO - Epoch 257/1000
2026-02-20 20:41:47,921 - steps.encdec - INFO - No improve (1/150)
2026-02-20 20:41:47,921 - steps.encdec - INFO - Epoch 258/1000
2026-02-20 20:42:48,260 - steps.encdec - INFO - New best val_score=0.261333 | saved ckpt -> cvae_model_balanced_enhanced.pkl
2026-02-20 20:42:48,260 - steps.encdec - INFO - Epoch 259/1000
2026-02-20 20:43:48,180 - steps.encdec - INFO - No improve (1/150)
2026-02-20 20:43:48,180 - steps.encdec - INFO - Epoch 260/1000
2026-02-20 20:44:50,061 - steps.encdec - INFO - No improve (2/150)
2026-02-20 20:44:50,061 - steps.encdec - INFO - Epoch 261/1000
2026-02-20 20:45:51,009 - steps.encdec - INFO - New best val_score=0.260836 | saved ckpt -> cvae_model_balanced_enhanced.pkl
2026-02-20 20:45:51,009 - steps.encdec - INFO - Epoch 262/1000
2026-02-20 20:46:51,476 - steps.encdec - INFO - No improve (1/150)
2026-02-20 20:46:51,476 - steps.encdec - INFO - Epoch 263/1000
2026-02-20 20:47:52,235 - steps.encdec - INFO - New best val_score=0.259527 | saved ckpt -> cvae_model_balanced_enhanced.pkl
2026-02-20 20:47:52,235 - steps.encdec - INFO - Epoch 264/1000
2026-02-20 20:48:52,812 - steps.encdec - INFO - New best val_score=0.257581 | saved ckpt -> cvae_model_balanced_enhanced.pkl
2026-02-20 20:48:52,812 - steps.encdec - INFO - Epoch 265/1000
2026-02-20 20:49:53,357 - steps.encdec - INFO - No improve (1/150)
2026-02-20 20:49:53,357 - steps.encdec - INFO - Epoch 266/1000
2026-02-20 20:50:54,681 - steps.encdec - INFO - New best val_score=0.256298 | saved ckpt -> cvae_model_balanced_enhanced.pkl
2026-02-20 20:50:54,681 - steps.encdec - INFO - Epoch 267/1000
2026-02-20 20:51:55,403 - steps.encdec - INFO - No improve (1/150)
2026-02-20 20:51:55,403 - steps.encdec - INFO - Epoch 268/1000
2026-02-20 20:52:56,211 - steps.encdec - INFO - No improve (2/150)
2026-02-20 20:52:56,211 - steps.encdec - INFO - Epoch 269/1000
2026-02-20 20:53:56,636 - steps.encdec - INFO - No improve (3/150)
2026-02-20 20:53:56,636 - steps.encdec - INFO - Epoch 270/1000
2026-02-20 20:54:56,744 - steps.encdec - INFO - New best val_score=0.255855 | saved ckpt -> cvae_model_balanced_enhanced.pkl
2026-02-20 20:54:56,744 - steps.encdec - INFO - Epoch 271/1000
2026-02-20 20:55:57,655 - steps.encdec - INFO - No improve (1/150)
2026-02-20 20:55:57,655 - steps.encdec - INFO - Epoch 272/1000
2026-02-20 20:56:58,143 - steps.encdec - INFO - New best val_score=0.254432 | saved ckpt -> cvae_model_balanced_enhanced.pkl
2026-02-20 20:56:58,143 - steps.encdec - INFO - Epoch 273/1000
2026-02-20 20:57:58,684 - steps.encdec - INFO - No improve (1/150)
2026-02-20 20:57:58,684 - steps.encdec - INFO - Epoch 274/1000
2026-02-20 20:58:59,171 - steps.encdec - INFO - New best val_score=0.249405 | saved ckpt -> cvae_model_balanced_enhanced.pkl
2026-02-20 20:58:59,172 - steps.encdec - INFO - Epoch 275/1000
2026-02-20 20:59:59,447 - steps.encdec - INFO - No improve (1/150)
2026-02-20 20:59:59,447 - steps.encdec - INFO - Epoch 276/1000
2026-02-20 21:01:00,415 - steps.encdec - INFO - No improve (2/150)
2026-02-20 21:01:00,415 - steps.encdec - INFO - Epoch 277/1000
2026-02-20 21:02:01,157 - steps.encdec - INFO - No improve (3/150)
2026-02-20 21:02:01,158 - steps.encdec - INFO - Epoch 278/1000
2026-02-20 21:03:01,758 - steps.encdec - INFO - No improve (4/150)
2026-02-20 21:03:01,758 - steps.encdec - INFO - Epoch 279/1000
2026-02-20 21:04:02,043 - steps.encdec - INFO - No improve (5/150)
2026-02-20 21:04:02,043 - steps.encdec - INFO - Epoch 280/1000
2026-02-20 21:05:02,371 - steps.encdec - INFO - No improve (6/150)
2026-02-20 21:05:02,372 - steps.encdec - INFO - Epoch 281/1000
2026-02-20 21:06:03,518 - steps.encdec - INFO - No improve (7/150)
2026-02-20 21:06:03,518 - steps.encdec - INFO - Epoch 282/1000
2026-02-20 21:07:04,159 - steps.encdec - INFO - New best val_score=0.248706 | saved ckpt -> cvae_model_balanced_enhanced.pkl
2026-02-20 21:07:04,159 - steps.encdec - INFO - Epoch 283/1000
2026-02-20 21:08:04,768 - steps.encdec - INFO - New best val_score=0.248116 | saved ckpt -> cvae_model_balanced_enhanced.pkl
2026-02-20 21:08:04,769 - steps.encdec - INFO - Epoch 284/1000
2026-02-20 21:09:04,949 - steps.encdec - INFO - New best val_score=0.246310 | saved ckpt -> cvae_model_balanced_enhanced.pkl
2026-02-20 21:09:04,949 - steps.encdec - INFO - Epoch 285/1000
2026-02-20 21:10:05,557 - steps.encdec - INFO - No improve (1/150)
2026-02-20 21:10:05,557 - steps.encdec - INFO - Epoch 286/1000
2026-02-20 21:11:06,709 - steps.encdec - INFO - New best val_score=0.244111 | saved ckpt -> cvae_model_balanced_enhanced.pkl
2026-02-20 21:11:06,709 - steps.encdec - INFO - Epoch 287/1000
2026-02-20 21:12:06,904 - steps.encdec - INFO - New best val_score=0.243168 | saved ckpt -> cvae_model_balanced_enhanced.pkl
2026-02-20 21:12:06,905 - steps.encdec - INFO - Epoch 288/1000
2026-02-20 21:13:07,269 - steps.encdec - INFO - No improve (1/150)
2026-02-20 21:13:07,269 - steps.encdec - INFO - Epoch 289/1000
2026-02-20 21:14:08,080 - steps.encdec - INFO - No improve (2/150)
2026-02-20 21:14:08,081 - steps.encdec - INFO - Epoch 290/1000
2026-02-20 21:15:09,032 - steps.encdec - INFO - New best val_score=0.242818 | saved ckpt -> cvae_model_balanced_enhanced.pkl
2026-02-20 21:15:09,033 - steps.encdec - INFO - Epoch 291/1000
2026-02-20 21:16:10,396 - steps.encdec - INFO - No improve (1/150)
2026-02-20 21:16:10,396 - steps.encdec - INFO - Epoch 292/1000
2026-02-20 21:17:11,018 - steps.encdec - INFO - No improve (2/150)
2026-02-20 21:17:11,018 - steps.encdec - INFO - Epoch 293/1000
2026-02-20 21:18:11,614 - steps.encdec - INFO - No improve (3/150)
2026-02-20 21:18:11,614 - steps.encdec - INFO - Epoch 294/1000
2026-02-20 21:19:11,882 - steps.encdec - INFO - No improve (4/150)
2026-02-20 21:19:11,883 - steps.encdec - INFO - Epoch 295/1000
2026-02-20 21:20:12,315 - steps.encdec - INFO - No improve (5/150)
2026-02-20 21:20:12,316 - steps.encdec - INFO - Epoch 296/1000
2026-02-20 21:21:13,113 - steps.encdec - INFO - No improve (6/150)
2026-02-20 21:21:13,113 - steps.encdec - INFO - Epoch 297/1000
2026-02-20 21:22:13,093 - steps.encdec - INFO - New best val_score=0.240995 | saved ckpt -> cvae_model_balanced_enhanced.pkl
2026-02-20 21:22:13,093 - steps.encdec - INFO - Epoch 298/1000
2026-02-20 21:23:13,253 - steps.encdec - INFO - New best val_score=0.238632 | saved ckpt -> cvae_model_balanced_enhanced.pkl
2026-02-20 21:23:13,253 - steps.encdec - INFO - Epoch 299/1000
2026-02-20 21:24:13,951 - steps.encdec - INFO - No improve (1/150)
2026-02-20 21:24:13,951 - steps.encdec - INFO - Epoch 300/1000
2026-02-20 21:25:14,813 - steps.encdec - INFO - No improve (2/150)
2026-02-20 21:25:14,814 - steps.encdec - INFO - Epoch 301/1000
2026-02-20 21:26:16,207 - steps.encdec - INFO - No improve (3/150)
2026-02-20 21:26:16,208 - steps.encdec - INFO - Epoch 302/1000
2026-02-20 21:27:16,918 - steps.encdec - INFO - No improve (4/150)
2026-02-20 21:27:16,919 - steps.encdec - INFO - Epoch 303/1000
2026-02-20 21:28:17,038 - steps.encdec - INFO - New best val_score=0.235183 | saved ckpt -> cvae_model_balanced_enhanced.pkl
2026-02-20 21:28:17,038 - steps.encdec - INFO - Epoch 304/1000
2026-02-20 21:29:17,630 - steps.encdec - INFO - No improve (1/150)
2026-02-20 21:29:17,630 - steps.encdec - INFO - Epoch 305/1000
2026-02-20 21:30:18,248 - steps.encdec - INFO - No improve (2/150)
2026-02-20 21:30:18,248 - steps.encdec - INFO - Epoch 306/1000
2026-02-20 21:31:19,271 - steps.encdec - INFO - New best val_score=0.234517 | saved ckpt -> cvae_model_balanced_enhanced.pkl
2026-02-20 21:31:19,271 - steps.encdec - INFO - Epoch 307/1000
2026-02-20 21:32:20,008 - steps.encdec - INFO - New best val_score=0.232995 | saved ckpt -> cvae_model_balanced_enhanced.pkl
2026-02-20 21:32:20,008 - steps.encdec - INFO - Epoch 308/1000
2026-02-20 21:33:20,569 - steps.encdec - INFO - New best val_score=0.229692 | saved ckpt -> cvae_model_balanced_enhanced.pkl
2026-02-20 21:33:20,569 - steps.encdec - INFO - Epoch 309/1000
2026-02-20 21:34:20,623 - steps.encdec - INFO - No improve (1/150)
2026-02-20 21:34:20,623 - steps.encdec - INFO - Epoch 310/1000
2026-02-20 21:35:20,657 - steps.encdec - INFO - No improve (2/150)
2026-02-20 21:35:20,657 - steps.encdec - INFO - Epoch 311/1000
2026-02-20 21:36:21,767 - steps.encdec - INFO - No improve (3/150)
2026-02-20 21:36:21,767 - steps.encdec - INFO - Epoch 312/1000
2026-02-20 21:37:22,141 - steps.encdec - INFO - No improve (4/150)
2026-02-20 21:37:22,141 - steps.encdec - INFO - Epoch 313/1000
2026-02-20 21:38:22,566 - steps.encdec - INFO - No improve (5/150)
2026-02-20 21:38:22,567 - steps.encdec - INFO - Epoch 314/1000
2026-02-20 21:39:23,073 - steps.encdec - INFO - No improve (6/150)
2026-02-20 21:39:23,073 - steps.encdec - INFO - Epoch 315/1000
2026-02-20 21:40:24,011 - steps.encdec - INFO - No improve (7/150)
2026-02-20 21:40:24,011 - steps.encdec - INFO - Epoch 316/1000
2026-02-20 21:41:25,442 - steps.encdec - INFO - New best val_score=0.229020 | saved ckpt -> cvae_model_balanced_enhanced.pkl
2026-02-20 21:41:25,442 - steps.encdec - INFO - Epoch 317/1000
2026-02-20 21:42:26,041 - steps.encdec - INFO - No improve (1/150)
2026-02-20 21:42:26,041 - steps.encdec - INFO - Epoch 318/1000
2026-02-20 21:43:26,177 - steps.encdec - INFO - No improve (2/150)
2026-02-20 21:43:26,177 - steps.encdec - INFO - Epoch 319/1000
2026-02-20 21:44:26,416 - steps.encdec - INFO - New best val_score=0.226864 | saved ckpt -> cvae_model_balanced_enhanced.pkl
2026-02-20 21:44:26,416 - steps.encdec - INFO - Epoch 320/1000
2026-02-20 21:45:26,768 - steps.encdec - INFO - No improve (1/150)
2026-02-20 21:45:26,768 - steps.encdec - INFO - Epoch 321/1000
2026-02-20 21:46:27,573 - steps.encdec - INFO - No improve (2/150)
2026-02-20 21:46:27,574 - steps.encdec - INFO - Epoch 322/1000
2026-02-20 21:47:28,183 - steps.encdec - INFO - No improve (3/150)
2026-02-20 21:47:28,183 - steps.encdec - INFO - Epoch 323/1000
2026-02-20 21:48:28,712 - steps.encdec - INFO - No improve (4/150)
2026-02-20 21:48:28,712 - steps.encdec - INFO - Epoch 324/1000
2026-02-20 21:49:29,302 - steps.encdec - INFO - New best val_score=0.226011 | saved ckpt -> cvae_model_balanced_enhanced.pkl
2026-02-20 21:49:29,302 - steps.encdec - INFO - Epoch 325/1000
2026-02-20 21:50:29,826 - steps.encdec - INFO - No improve (1/150)
2026-02-20 21:50:29,826 - steps.encdec - INFO - Epoch 326/1000
2026-02-20 21:51:30,808 - steps.encdec - INFO - No improve (2/150)
2026-02-20 21:51:30,808 - steps.encdec - INFO - Epoch 327/1000
2026-02-20 21:52:31,236 - steps.encdec - INFO - No improve (3/150)
2026-02-20 21:52:31,236 - steps.encdec - INFO - Epoch 328/1000
2026-02-20 21:53:31,413 - steps.encdec - INFO - No improve (4/150)
2026-02-20 21:53:31,413 - steps.encdec - INFO - Epoch 329/1000
2026-02-20 21:54:31,514 - steps.encdec - INFO - New best val_score=0.225391 | saved ckpt -> cvae_model_balanced_enhanced.pkl
2026-02-20 21:54:31,514 - steps.encdec - INFO - Epoch 330/1000
2026-02-20 21:55:31,725 - steps.encdec - INFO - No improve (1/150)
2026-02-20 21:55:31,725 - steps.encdec - INFO - Epoch 331/1000
2026-02-20 21:56:32,564 - steps.encdec - INFO - No improve (2/150)
2026-02-20 21:56:32,564 - steps.encdec - INFO - Epoch 332/1000
2026-02-20 21:57:33,078 - steps.encdec - INFO - No improve (3/150)
2026-02-20 21:57:33,079 - steps.encdec - INFO - Epoch 333/1000
2026-02-20 21:58:33,477 - steps.encdec - INFO - No improve (4/150)
2026-02-20 21:58:33,477 - steps.encdec - INFO - Epoch 334/1000
2026-02-20 21:59:33,593 - steps.encdec - INFO - New best val_score=0.222754 | saved ckpt -> cvae_model_balanced_enhanced.pkl
2026-02-20 21:59:33,593 - steps.encdec - INFO - Epoch 335/1000
2026-02-20 22:00:33,788 - steps.encdec - INFO - New best val_score=0.222419 | saved ckpt -> cvae_model_balanced_enhanced.pkl
2026-02-20 22:00:33,788 - steps.encdec - INFO - Epoch 336/1000
2026-02-20 22:01:34,664 - steps.encdec - INFO - No improve (1/150)
2026-02-20 22:01:34,664 - steps.encdec - INFO - Epoch 337/1000
2026-02-20 22:02:35,348 - steps.encdec - INFO - No improve (2/150)
2026-02-20 22:02:35,348 - steps.encdec - INFO - Epoch 338/1000
2026-02-20 22:03:35,901 - steps.encdec - INFO - No improve (3/150)
2026-02-20 22:03:35,901 - steps.encdec - INFO - Epoch 339/1000
2026-02-20 22:04:36,143 - steps.encdec - INFO - No improve (4/150)
2026-02-20 22:04:36,143 - steps.encdec - INFO - Epoch 340/1000
2026-02-20 22:05:36,745 - steps.encdec - INFO - No improve (5/150)
2026-02-20 22:05:36,745 - steps.encdec - INFO - Epoch 341/1000
2026-02-20 22:06:37,806 - steps.encdec - INFO - New best val_score=0.221485 | saved ckpt -> cvae_model_balanced_enhanced.pkl
2026-02-20 22:06:37,806 - steps.encdec - INFO - Epoch 342/1000
2026-02-20 22:07:38,214 - steps.encdec - INFO - New best val_score=0.218720 | saved ckpt -> cvae_model_balanced_enhanced.pkl
2026-02-20 22:07:38,214 - steps.encdec - INFO - Epoch 343/1000
2026-02-20 22:08:38,739 - steps.encdec - INFO - New best val_score=0.217749 | saved ckpt -> cvae_model_balanced_enhanced.pkl
2026-02-20 22:08:38,739 - steps.encdec - INFO - Epoch 344/1000
2026-02-20 22:09:39,518 - steps.encdec - INFO - No improve (1/150)
2026-02-20 22:09:39,518 - steps.encdec - INFO - Epoch 345/1000
2026-02-20 22:10:40,358 - steps.encdec - INFO - New best val_score=0.217228 | saved ckpt -> cvae_model_balanced_enhanced.pkl
2026-02-20 22:10:40,358 - steps.encdec - INFO - Epoch 346/1000
2026-02-20 22:11:41,839 - steps.encdec - INFO - New best val_score=0.217124 | saved ckpt -> cvae_model_balanced_enhanced.pkl
2026-02-20 22:11:41,839 - steps.encdec - INFO - Epoch 347/1000
2026-02-20 22:12:42,532 - steps.encdec - INFO - No improve (1/150)
2026-02-20 22:12:42,532 - steps.encdec - INFO - Epoch 348/1000
2026-02-20 22:13:42,677 - steps.encdec - INFO - No improve (2/150)
2026-02-20 22:13:42,677 - steps.encdec - INFO - Epoch 349/1000
2026-02-20 22:14:42,923 - steps.encdec - INFO - No improve (3/150)
2026-02-20 22:14:42,923 - steps.encdec - INFO - Epoch 350/1000
2026-02-20 22:15:43,354 - steps.encdec - INFO - No improve (4/150)
2026-02-20 22:15:43,354 - steps.encdec - INFO - Epoch 351/1000
2026-02-20 22:16:44,360 - steps.encdec - INFO - No improve (5/150)
2026-02-20 22:16:44,360 - steps.encdec - INFO - Epoch 352/1000
2026-02-20 22:17:44,697 - steps.encdec - INFO - No improve (6/150)
2026-02-20 22:17:44,698 - steps.encdec - INFO - Epoch 353/1000
2026-02-20 22:18:45,498 - steps.encdec - INFO - No improve (7/150)
2026-02-20 22:18:45,498 - steps.encdec - INFO - Epoch 354/1000
2026-02-20 22:19:46,180 - steps.encdec - INFO - New best val_score=0.215493 | saved ckpt -> cvae_model_balanced_enhanced.pkl
2026-02-20 22:19:46,181 - steps.encdec - INFO - Epoch 355/1000
2026-02-20 22:20:46,785 - steps.encdec - INFO - New best val_score=0.215155 | saved ckpt -> cvae_model_balanced_enhanced.pkl
2026-02-20 22:20:46,785 - steps.encdec - INFO - Epoch 356/1000
2026-02-20 22:21:47,602 - steps.encdec - INFO - No improve (1/150)
2026-02-20 22:21:47,602 - steps.encdec - INFO - Epoch 357/1000
2026-02-20 22:22:49,382 - steps.encdec - INFO - No improve (2/150)
2026-02-20 22:22:49,382 - steps.encdec - INFO - Epoch 358/1000
2026-02-20 22:23:49,859 - steps.encdec - INFO - No improve (3/150)
2026-02-20 22:23:49,859 - steps.encdec - INFO - Epoch 359/1000
2026-02-20 22:24:50,549 - steps.encdec - INFO - New best val_score=0.213598 | saved ckpt -> cvae_model_balanced_enhanced.pkl
2026-02-20 22:24:50,550 - steps.encdec - INFO - Epoch 360/1000
2026-02-20 22:25:51,287 - steps.encdec - INFO - No improve (1/150)
2026-02-20 22:25:51,287 - steps.encdec - INFO - Epoch 361/1000
2026-02-20 22:26:52,558 - steps.encdec - INFO - No improve (2/150)
2026-02-20 22:26:52,558 - steps.encdec - INFO - Epoch 362/1000
2026-02-20 22:27:53,373 - steps.encdec - INFO - No improve (3/150)
2026-02-20 22:27:53,373 - steps.encdec - INFO - Epoch 363/1000
2026-02-20 22:28:53,952 - steps.encdec - INFO - No improve (4/150)
2026-02-20 22:28:53,952 - steps.encdec - INFO - Epoch 364/1000
2026-02-20 22:29:54,484 - steps.encdec - INFO - No improve (5/150)
2026-02-20 22:29:54,484 - steps.encdec - INFO - Epoch 365/1000
2026-02-20 22:30:55,169 - steps.encdec - INFO - New best val_score=0.211878 | saved ckpt -> cvae_model_balanced_enhanced.pkl
2026-02-20 22:30:55,169 - steps.encdec - INFO - Epoch 366/1000
2026-02-20 22:31:56,921 - steps.encdec - INFO - No improve (1/150)
2026-02-20 22:31:56,921 - steps.encdec - INFO - Epoch 367/1000
2026-02-20 22:32:58,150 - steps.encdec - INFO - No improve (2/150)
2026-02-20 22:32:58,150 - steps.encdec - INFO - Epoch 368/1000
2026-02-20 22:33:58,820 - steps.encdec - INFO - No improve (3/150)
2026-02-20 22:33:58,821 - steps.encdec - INFO - Epoch 369/1000
2026-02-20 22:34:59,101 - steps.encdec - INFO - No improve (4/150)
2026-02-20 22:34:59,101 - steps.encdec - INFO - Epoch 370/1000
2026-02-20 22:35:59,546 - steps.encdec - INFO - No improve (5/150)
2026-02-20 22:35:59,546 - steps.encdec - INFO - Epoch 371/1000
2026-02-20 22:37:00,447 - steps.encdec - INFO - No improve (6/150)
2026-02-20 22:37:00,447 - steps.encdec - INFO - Epoch 372/1000
2026-02-20 22:38:00,798 - steps.encdec - INFO - No improve (7/150)
2026-02-20 22:38:00,798 - steps.encdec - INFO - Epoch 373/1000
2026-02-20 22:39:00,952 - steps.encdec - INFO - No improve (8/150)
2026-02-20 22:39:00,953 - steps.encdec - INFO - Epoch 374/1000
2026-02-20 22:40:00,847 - steps.encdec - INFO - No improve (9/150)
2026-02-20 22:40:00,847 - steps.encdec - INFO - Epoch 375/1000
2026-02-20 22:41:00,936 - steps.encdec - INFO - No improve (10/150)
2026-02-20 22:41:00,936 - steps.encdec - INFO - Epoch 376/1000
2026-02-20 22:42:01,169 - steps.encdec - INFO - No improve (11/150)
2026-02-20 22:42:01,169 - steps.encdec - INFO - Epoch 377/1000
2026-02-20 22:43:00,508 - steps.encdec - INFO - No improve (12/150)
2026-02-20 22:43:00,508 - steps.encdec - INFO - Epoch 378/1000
2026-02-20 22:43:59,936 - steps.encdec - INFO - No improve (13/150)
2026-02-20 22:43:59,937 - steps.encdec - INFO - Epoch 379/1000
2026-02-20 22:45:00,607 - steps.encdec - INFO - New best val_score=0.211518 | saved ckpt -> cvae_model_balanced_enhanced.pkl
2026-02-20 22:45:00,607 - steps.encdec - INFO - Epoch 380/1000
2026-02-20 22:46:00,269 - steps.encdec - INFO - No improve (1/150)
2026-02-20 22:46:00,269 - steps.encdec - INFO - Epoch 381/1000
2026-02-20 22:47:00,521 - steps.encdec - INFO - No improve (2/150)
2026-02-20 22:47:00,521 - steps.encdec - INFO - Epoch 382/1000
2026-02-20 22:48:00,481 - steps.encdec - INFO - No improve (3/150)
2026-02-20 22:48:00,481 - steps.encdec - INFO - Epoch 383/1000
2026-02-20 22:49:00,187 - steps.encdec - INFO - No improve (4/150)
2026-02-20 22:49:00,187 - steps.encdec - INFO - Epoch 384/1000
2026-02-20 22:49:59,938 - steps.encdec - INFO - No improve (5/150)
2026-02-20 22:49:59,938 - steps.encdec - INFO - Epoch 385/1000
2026-02-20 22:50:59,720 - steps.encdec - INFO - New best val_score=0.211384 | saved ckpt -> cvae_model_balanced_enhanced.pkl
2026-02-20 22:50:59,720 - steps.encdec - INFO - Epoch 386/1000
2026-02-20 22:52:00,264 - steps.encdec - INFO - New best val_score=0.211027 | saved ckpt -> cvae_model_balanced_enhanced.pkl
2026-02-20 22:52:00,265 - steps.encdec - INFO - Epoch 387/1000
2026-02-20 22:53:00,274 - steps.encdec - INFO - No improve (1/150)
2026-02-20 22:53:00,274 - steps.encdec - INFO - Epoch 388/1000
2026-02-20 22:54:00,369 - steps.encdec - INFO - New best val_score=0.210160 | saved ckpt -> cvae_model_balanced_enhanced.pkl
2026-02-20 22:54:00,369 - steps.encdec - INFO - Epoch 389/1000
2026-02-20 22:54:59,983 - steps.encdec - INFO - No improve (1/150)
2026-02-20 22:54:59,983 - steps.encdec - INFO - Epoch 390/1000
2026-02-20 22:55:59,561 - steps.encdec - INFO - New best val_score=0.209724 | saved ckpt -> cvae_model_balanced_enhanced.pkl
2026-02-20 22:55:59,561 - steps.encdec - INFO - Epoch 391/1000
2026-02-20 22:56:59,646 - steps.encdec - INFO - New best val_score=0.208615 | saved ckpt -> cvae_model_balanced_enhanced.pkl
2026-02-20 22:56:59,646 - steps.encdec - INFO - Epoch 392/1000
2026-02-20 22:57:59,178 - steps.encdec - INFO - No improve (1/150)
2026-02-20 22:57:59,178 - steps.encdec - INFO - Epoch 393/1000
2026-02-20 22:58:58,922 - steps.encdec - INFO - No improve (2/150)
2026-02-20 22:58:58,922 - steps.encdec - INFO - Epoch 394/1000
2026-02-20 22:59:58,498 - steps.encdec - INFO - New best val_score=0.208412 | saved ckpt -> cvae_model_balanced_enhanced.pkl
2026-02-20 22:59:58,499 - steps.encdec - INFO - Epoch 395/1000
2026-02-20 23:00:58,217 - steps.encdec - INFO - No improve (1/150)
2026-02-20 23:00:58,217 - steps.encdec - INFO - Epoch 396/1000
2026-02-20 23:01:58,549 - steps.encdec - INFO - No improve (2/150)
2026-02-20 23:01:58,549 - steps.encdec - INFO - Epoch 397/1000
2026-02-20 23:02:58,510 - steps.encdec - INFO - No improve (3/150)
2026-02-20 23:02:58,510 - steps.encdec - INFO - Epoch 398/1000
2026-02-20 23:03:58,037 - steps.encdec - INFO - New best val_score=0.204933 | saved ckpt -> cvae_model_balanced_enhanced.pkl
2026-02-20 23:03:58,037 - steps.encdec - INFO - Epoch 399/1000
2026-02-20 23:04:57,834 - steps.encdec - INFO - No improve (1/150)
2026-02-20 23:04:57,834 - steps.encdec - INFO - Epoch 400/1000
2026-02-20 23:05:57,881 - steps.encdec - INFO - No improve (2/150)
2026-02-20 23:05:57,881 - steps.encdec - INFO - Epoch 401/1000
2026-02-20 23:06:58,497 - steps.encdec - INFO - No improve (3/150)
2026-02-20 23:06:58,498 - steps.encdec - INFO - Epoch 402/1000
2026-02-20 23:07:58,570 - steps.encdec - INFO - No improve (4/150)
2026-02-20 23:07:58,570 - steps.encdec - INFO - Epoch 403/1000
2026-02-20 23:08:58,434 - steps.encdec - INFO - No improve (5/150)
2026-02-20 23:08:58,434 - steps.encdec - INFO - Epoch 404/1000
2026-02-20 23:09:58,239 - steps.encdec - INFO - New best val_score=0.204317 | saved ckpt -> cvae_model_balanced_enhanced.pkl
2026-02-20 23:09:58,239 - steps.encdec - INFO - Epoch 405/1000
2026-02-20 23:10:58,305 - steps.encdec - INFO - No improve (1/150)
2026-02-20 23:10:58,305 - steps.encdec - INFO - Epoch 406/1000
2026-02-20 23:11:58,517 - steps.encdec - INFO - No improve (2/150)
2026-02-20 23:11:58,517 - steps.encdec - INFO - Epoch 407/1000
2026-02-20 23:12:58,201 - steps.encdec - INFO - No improve (3/150)
2026-02-20 23:12:58,201 - steps.encdec - INFO - Epoch 408/1000
2026-02-20 23:13:57,810 - steps.encdec - INFO - New best val_score=0.203883 | saved ckpt -> cvae_model_balanced_enhanced.pkl
2026-02-20 23:13:57,811 - steps.encdec - INFO - Epoch 409/1000
2026-02-20 23:14:57,697 - steps.encdec - INFO - No improve (1/150)
2026-02-20 23:14:57,697 - steps.encdec - INFO - Epoch 410/1000
2026-02-20 23:15:57,823 - steps.encdec - INFO - No improve (2/150)
2026-02-20 23:15:57,823 - steps.encdec - INFO - Epoch 411/1000
2026-02-20 23:16:58,550 - steps.encdec - INFO - No improve (3/150)
2026-02-20 23:16:58,550 - steps.encdec - INFO - Epoch 412/1000
2026-02-20 23:17:58,320 - steps.encdec - INFO - No improve (4/150)
2026-02-20 23:17:58,320 - steps.encdec - INFO - Epoch 413/1000
2026-02-20 23:18:58,087 - steps.encdec - INFO - No improve (5/150)
2026-02-20 23:18:58,088 - steps.encdec - INFO - Epoch 414/1000
2026-02-20 23:19:57,997 - steps.encdec - INFO - No improve (6/150)
2026-02-20 23:19:57,997 - steps.encdec - INFO - Epoch 415/1000
2026-02-20 23:20:57,881 - steps.encdec - INFO - No improve (7/150)
2026-02-20 23:20:57,881 - steps.encdec - INFO - Epoch 416/1000
2026-02-20 23:21:58,213 - steps.encdec - INFO - No improve (8/150)
2026-02-20 23:21:58,213 - steps.encdec - INFO - Epoch 417/1000
2026-02-20 23:22:58,146 - steps.encdec - INFO - New best val_score=0.202789 | saved ckpt -> cvae_model_balanced_enhanced.pkl
2026-02-20 23:22:58,146 - steps.encdec - INFO - Epoch 418/1000
2026-02-20 23:23:57,950 - steps.encdec - INFO - No improve (1/150)
2026-02-20 23:23:57,950 - steps.encdec - INFO - Epoch 419/1000
2026-02-20 23:24:57,694 - steps.encdec - INFO - No improve (2/150)
2026-02-20 23:24:57,694 - steps.encdec - INFO - Epoch 420/1000
2026-02-20 23:25:57,551 - steps.encdec - INFO - No improve (3/150)
2026-02-20 23:25:57,551 - steps.encdec - INFO - Epoch 421/1000
2026-02-20 23:26:58,124 - steps.encdec - INFO - No improve (4/150)
2026-02-20 23:26:58,124 - steps.encdec - INFO - Epoch 422/1000
2026-02-20 23:27:58,107 - steps.encdec - INFO - No improve (5/150)
2026-02-20 23:27:58,107 - steps.encdec - INFO - Epoch 423/1000
2026-02-20 23:28:58,140 - steps.encdec - INFO - No improve (6/150)
2026-02-20 23:28:58,141 - steps.encdec - INFO - Epoch 424/1000
2026-02-20 23:29:58,095 - steps.encdec - INFO - New best val_score=0.202664 | saved ckpt -> cvae_model_balanced_enhanced.pkl
2026-02-20 23:29:58,096 - steps.encdec - INFO - Epoch 425/1000
2026-02-20 23:30:58,027 - steps.encdec - INFO - No improve (1/150)
2026-02-20 23:30:58,028 - steps.encdec - INFO - Epoch 426/1000
2026-02-20 23:31:58,452 - steps.encdec - INFO - New best val_score=0.201402 | saved ckpt -> cvae_model_balanced_enhanced.pkl
2026-02-20 23:31:58,453 - steps.encdec - INFO - Epoch 427/1000
2026-02-20 23:32:58,087 - steps.encdec - INFO - No improve (1/150)
2026-02-20 23:32:58,087 - steps.encdec - INFO - Epoch 428/1000
2026-02-20 23:33:57,883 - steps.encdec - INFO - No improve (2/150)
2026-02-20 23:33:57,884 - steps.encdec - INFO - Epoch 429/1000
2026-02-20 23:34:57,531 - steps.encdec - INFO - No improve (3/150)
2026-02-20 23:34:57,532 - steps.encdec - INFO - Epoch 430/1000
2026-02-20 23:35:57,393 - steps.encdec - INFO - No improve (4/150)
2026-02-20 23:35:57,393 - steps.encdec - INFO - Epoch 431/1000
2026-02-20 23:36:57,896 - steps.encdec - INFO - No improve (5/150)
2026-02-20 23:36:57,897 - steps.encdec - INFO - Epoch 432/1000
2026-02-20 23:37:57,614 - steps.encdec - INFO - No improve (6/150)
2026-02-20 23:37:57,615 - steps.encdec - INFO - Epoch 433/1000
2026-02-20 23:38:57,537 - steps.encdec - INFO - No improve (7/150)
2026-02-20 23:38:57,537 - steps.encdec - INFO - Epoch 434/1000
2026-02-20 23:39:57,417 - steps.encdec - INFO - No improve (8/150)
2026-02-20 23:39:57,417 - steps.encdec - INFO - Epoch 435/1000
2026-02-20 23:40:57,213 - steps.encdec - INFO - New best val_score=0.199725 | saved ckpt -> cvae_model_balanced_enhanced.pkl
2026-02-20 23:40:57,213 - steps.encdec - INFO - Epoch 436/1000
2026-02-20 23:41:57,629 - steps.encdec - INFO - No improve (1/150)
2026-02-20 23:41:57,629 - steps.encdec - INFO - Epoch 437/1000
2026-02-20 23:42:57,468 - steps.encdec - INFO - New best val_score=0.199043 | saved ckpt -> cvae_model_balanced_enhanced.pkl
2026-02-20 23:42:57,468 - steps.encdec - INFO - Epoch 438/1000
2026-02-20 23:43:56,793 - steps.encdec - INFO - No improve (1/150)
2026-02-20 23:43:56,794 - steps.encdec - INFO - Epoch 439/1000
2026-02-20 23:44:56,478 - steps.encdec - INFO - No improve (2/150)
2026-02-20 23:44:56,478 - steps.encdec - INFO - Epoch 440/1000
2026-02-20 23:45:56,077 - steps.encdec - INFO - No improve (3/150)
2026-02-20 23:45:56,077 - steps.encdec - INFO - Epoch 441/1000
2026-02-20 23:46:55,924 - steps.encdec - INFO - No improve (4/150)
2026-02-20 23:46:55,924 - steps.encdec - INFO - Epoch 442/1000
2026-02-20 23:47:55,284 - steps.encdec - INFO - New best val_score=0.197197 | saved ckpt -> cvae_model_balanced_enhanced.pkl
2026-02-20 23:47:55,284 - steps.encdec - INFO - Epoch 443/1000
2026-02-20 23:48:54,564 - steps.encdec - INFO - No improve (1/150)
2026-02-20 23:48:54,564 - steps.encdec - INFO - Epoch 444/1000
2026-02-20 23:49:54,180 - steps.encdec - INFO - No improve (2/150)
2026-02-20 23:49:54,180 - steps.encdec - INFO - Epoch 445/1000
2026-02-20 23:50:53,710 - steps.encdec - INFO - New best val_score=0.196900 | saved ckpt -> cvae_model_balanced_enhanced.pkl
2026-02-20 23:50:53,710 - steps.encdec - INFO - Epoch 446/1000
2026-02-20 23:51:54,049 - steps.encdec - INFO - No improve (1/150)
2026-02-20 23:51:54,049 - steps.encdec - INFO - Epoch 447/1000
2026-02-20 23:52:53,869 - steps.encdec - INFO - No improve (2/150)
2026-02-20 23:52:53,869 - steps.encdec - INFO - Epoch 448/1000
2026-02-20 23:53:53,682 - steps.encdec - INFO - No improve (3/150)
2026-02-20 23:53:53,682 - steps.encdec - INFO - Epoch 449/1000
2026-02-20 23:54:53,103 - steps.encdec - INFO - No improve (4/150)
2026-02-20 23:54:53,103 - steps.encdec - INFO - Epoch 450/1000
2026-02-20 23:55:52,670 - steps.encdec - INFO - No improve (5/150)
2026-02-20 23:55:52,670 - steps.encdec - INFO - Epoch 451/1000
2026-02-20 23:56:52,910 - steps.encdec - INFO - No improve (6/150)
2026-02-20 23:56:52,910 - steps.encdec - INFO - Epoch 452/1000
2026-02-20 23:57:52,639 - steps.encdec - INFO - No improve (7/150)
2026-02-20 23:57:52,639 - steps.encdec - INFO - Epoch 453/1000
2026-02-20 23:58:52,281 - steps.encdec - INFO - No improve (8/150)
2026-02-20 23:58:52,282 - steps.encdec - INFO - Epoch 454/1000
2026-02-20 23:59:51,727 - steps.encdec - INFO - No improve (9/150)
2026-02-20 23:59:51,728 - steps.encdec - INFO - Epoch 455/1000
2026-02-21 00:00:51,566 - steps.encdec - INFO - No improve (10/150)
2026-02-21 00:00:51,566 - steps.encdec - INFO - Epoch 456/1000
2026-02-21 00:01:51,667 - steps.encdec - INFO - No improve (11/150)
2026-02-21 00:01:51,668 - steps.encdec - INFO - Epoch 457/1000
2026-02-21 00:02:51,229 - steps.encdec - INFO - No improve (12/150)
2026-02-21 00:02:51,230 - steps.encdec - INFO - Epoch 458/1000
2026-02-21 00:03:50,728 - steps.encdec - INFO - New best val_score=0.188924 | saved ckpt -> cvae_model_balanced_enhanced.pkl
2026-02-21 00:03:50,728 - steps.encdec - INFO - Epoch 459/1000
2026-02-21 00:04:50,293 - steps.encdec - INFO - No improve (1/150)
2026-02-21 00:04:50,293 - steps.encdec - INFO - Epoch 460/1000
2026-02-21 00:05:49,695 - steps.encdec - INFO - No improve (2/150)
2026-02-21 00:05:49,696 - steps.encdec - INFO - Epoch 461/1000
2026-02-21 00:06:49,554 - steps.encdec - INFO - No improve (3/150)
2026-02-21 00:06:49,554 - steps.encdec - INFO - Epoch 462/1000
2026-02-21 00:07:49,117 - steps.encdec - INFO - No improve (4/150)
2026-02-21 00:07:49,117 - steps.encdec - INFO - Epoch 463/1000
2026-02-21 00:08:48,886 - steps.encdec - INFO - No improve (5/150)
2026-02-21 00:08:48,886 - steps.encdec - INFO - Epoch 464/1000
2026-02-21 00:09:48,733 - steps.encdec - INFO - No improve (6/150)
2026-02-21 00:09:48,733 - steps.encdec - INFO - Epoch 465/1000
2026-02-21 00:10:48,623 - steps.encdec - INFO - No improve (7/150)
2026-02-21 00:10:48,623 - steps.encdec - INFO - Epoch 466/1000
2026-02-21 00:11:48,608 - steps.encdec - INFO - No improve (8/150)
2026-02-21 00:11:48,608 - steps.encdec - INFO - Epoch 467/1000
2026-02-21 00:12:48,138 - steps.encdec - INFO - No improve (9/150)
2026-02-21 00:12:48,139 - steps.encdec - INFO - Epoch 468/1000
2026-02-21 00:13:47,672 - steps.encdec - INFO - No improve (10/150)
2026-02-21 00:13:47,672 - steps.encdec - INFO - Epoch 469/1000
2026-02-21 00:14:47,456 - steps.encdec - INFO - No improve (11/150)
2026-02-21 00:14:47,456 - steps.encdec - INFO - Epoch 470/1000
2026-02-21 00:15:46,841 - steps.encdec - INFO - No improve (12/150)
2026-02-21 00:15:46,841 - steps.encdec - INFO - Epoch 471/1000
2026-02-21 00:16:46,572 - steps.encdec - INFO - No improve (13/150)
2026-02-21 00:16:46,572 - steps.encdec - INFO - Epoch 472/1000
2026-02-21 00:17:46,160 - steps.encdec - INFO - No improve (14/150)
2026-02-21 00:17:46,160 - steps.encdec - INFO - Epoch 473/1000
2026-02-21 00:18:45,672 - steps.encdec - INFO - No improve (15/150)
2026-02-21 00:18:45,673 - steps.encdec - INFO - Epoch 474/1000
2026-02-21 00:19:45,556 - steps.encdec - INFO - No improve (16/150)
2026-02-21 00:19:45,556 - steps.encdec - INFO - Epoch 475/1000
2026-02-21 00:20:45,300 - steps.encdec - INFO - No improve (17/150)
2026-02-21 00:20:45,300 - steps.encdec - INFO - Epoch 476/1000
2026-02-21 00:21:45,358 - steps.encdec - INFO - No improve (18/150)
2026-02-21 00:21:45,358 - steps.encdec - INFO - Epoch 477/1000
2026-02-21 00:22:46,599 - steps.encdec - INFO - No improve (19/150)
2026-02-21 00:22:46,599 - steps.encdec - INFO - Epoch 478/1000
2026-02-21 00:23:45,969 - steps.encdec - INFO - No improve (20/150)
2026-02-21 00:23:45,969 - steps.encdec - INFO - Epoch 479/1000
2026-02-21 00:24:45,423 - steps.encdec - INFO - No improve (21/150)
2026-02-21 00:24:45,424 - steps.encdec - INFO - Epoch 480/1000
2026-02-21 00:25:44,745 - steps.encdec - INFO - No improve (22/150)
2026-02-21 00:25:44,745 - steps.encdec - INFO - Epoch 481/1000
2026-02-21 00:26:44,635 - steps.encdec - INFO - New best val_score=0.185594 | saved ckpt -> cvae_model_balanced_enhanced.pkl
2026-02-21 00:26:44,635 - steps.encdec - INFO - Epoch 482/1000
2026-02-21 00:27:44,141 - steps.encdec - INFO - No improve (1/150)
2026-02-21 00:27:44,141 - steps.encdec - INFO - Epoch 483/1000
2026-02-21 00:28:43,614 - steps.encdec - INFO - No improve (2/150)
2026-02-21 00:28:43,615 - steps.encdec - INFO - Epoch 484/1000
2026-02-21 00:29:43,240 - steps.encdec - INFO - No improve (3/150)
2026-02-21 00:29:43,240 - steps.encdec - INFO - Epoch 485/1000
2026-02-21 00:30:42,860 - steps.encdec - INFO - No improve (4/150)
2026-02-21 00:30:42,861 - steps.encdec - INFO - Epoch 486/1000
2026-02-21 00:31:42,949 - steps.encdec - INFO - No improve (5/150)
2026-02-21 00:31:42,949 - steps.encdec - INFO - Epoch 487/1000
2026-02-21 00:32:42,376 - steps.encdec - INFO - No improve (6/150)
2026-02-21 00:32:42,376 - steps.encdec - INFO - Epoch 488/1000
2026-02-21 00:33:41,648 - steps.encdec - INFO - No improve (7/150)
2026-02-21 00:33:41,649 - steps.encdec - INFO - Epoch 489/1000
2026-02-21 00:34:41,214 - steps.encdec - INFO - No improve (8/150)
2026-02-21 00:34:41,215 - steps.encdec - INFO - Epoch 490/1000
2026-02-21 00:35:40,745 - steps.encdec - INFO - No improve (9/150)
2026-02-21 00:35:40,745 - steps.encdec - INFO - Epoch 491/1000
2026-02-21 00:36:40,406 - steps.encdec - INFO - No improve (10/150)
2026-02-21 00:36:40,407 - steps.encdec - INFO - Epoch 492/1000
2026-02-21 00:37:39,608 - steps.encdec - INFO - No improve (11/150)
2026-02-21 00:37:39,608 - steps.encdec - INFO - Epoch 493/1000
2026-02-21 00:38:39,090 - steps.encdec - INFO - No improve (12/150)
2026-02-21 00:38:39,090 - steps.encdec - INFO - Epoch 494/1000
2026-02-21 00:39:38,787 - steps.encdec - INFO - No improve (13/150)
2026-02-21 00:39:38,787 - steps.encdec - INFO - Epoch 495/1000
2026-02-21 00:40:38,645 - steps.encdec - INFO - No improve (14/150)
2026-02-21 00:40:38,645 - steps.encdec - INFO - Epoch 496/1000
2026-02-21 00:41:38,708 - steps.encdec - INFO - No improve (15/150)
2026-02-21 00:41:38,709 - steps.encdec - INFO - Epoch 497/1000
2026-02-21 00:42:37,818 - steps.encdec - INFO - No improve (16/150)
2026-02-21 00:42:37,818 - steps.encdec - INFO - Epoch 498/1000
2026-02-21 00:43:36,862 - steps.encdec - INFO - No improve (17/150)
2026-02-21 00:43:36,862 - steps.encdec - INFO - Epoch 499/1000
2026-02-21 00:44:37,578 - steps.encdec - INFO - No improve (18/150)
2026-02-21 00:44:37,578 - steps.encdec - INFO - Epoch 500/1000
2026-02-21 00:45:37,193 - steps.encdec - INFO - No improve (19/150)
2026-02-21 00:45:37,193 - steps.encdec - INFO - Epoch 501/1000
2026-02-21 00:46:36,763 - steps.encdec - INFO - No improve (20/150)
2026-02-21 00:46:36,764 - steps.encdec - INFO - Epoch 502/1000
2026-02-21 00:47:36,193 - steps.encdec - INFO - No improve (21/150)
2026-02-21 00:47:36,193 - steps.encdec - INFO - Epoch 503/1000
2026-02-21 00:48:35,556 - steps.encdec - INFO - No improve (22/150)
2026-02-21 00:48:35,556 - steps.encdec - INFO - Epoch 504/1000
2026-02-21 00:49:35,003 - steps.encdec - INFO - No improve (23/150)
2026-02-21 00:49:35,003 - steps.encdec - INFO - Epoch 505/1000
2026-02-21 00:50:34,584 - steps.encdec - INFO - No improve (24/150)
2026-02-21 00:50:34,584 - steps.encdec - INFO - Epoch 506/1000
2026-02-21 00:51:34,902 - steps.encdec - INFO - No improve (25/150)
2026-02-21 00:51:34,902 - steps.encdec - INFO - Epoch 507/1000
2026-02-21 00:52:34,590 - steps.encdec - INFO - No improve (26/150)
2026-02-21 00:52:34,590 - steps.encdec - INFO - Epoch 508/1000
2026-02-21 00:53:34,169 - steps.encdec - INFO - No improve (27/150)
2026-02-21 00:53:34,169 - steps.encdec - INFO - Epoch 509/1000
2026-02-21 00:54:33,752 - steps.encdec - INFO - No improve (28/150)
2026-02-21 00:54:33,752 - steps.encdec - INFO - Epoch 510/1000
2026-02-21 00:55:33,336 - steps.encdec - INFO - No improve (29/150)
2026-02-21 00:55:33,336 - steps.encdec - INFO - Epoch 511/1000
2026-02-21 00:56:33,620 - steps.encdec - INFO - No improve (30/150)
2026-02-21 00:56:33,621 - steps.encdec - INFO - Epoch 512/1000
2026-02-21 00:57:33,271 - steps.encdec - INFO - No improve (31/150)
2026-02-21 00:57:33,271 - steps.encdec - INFO - Epoch 513/1000
2026-02-21 00:58:32,824 - steps.encdec - INFO - No improve (32/150)
2026-02-21 00:58:32,824 - steps.encdec - INFO - Epoch 514/1000
2026-02-21 00:59:32,611 - steps.encdec - INFO - No improve (33/150)
2026-02-21 00:59:32,612 - steps.encdec - INFO - Epoch 515/1000
2026-02-21 01:00:32,482 - steps.encdec - INFO - No improve (34/150)
2026-02-21 01:00:32,483 - steps.encdec - INFO - Epoch 516/1000
2026-02-21 01:01:32,732 - steps.encdec - INFO - No improve (35/150)
2026-02-21 01:01:32,733 - steps.encdec - INFO - Epoch 517/1000
2026-02-21 01:02:32,365 - steps.encdec - INFO - No improve (36/150)
2026-02-21 01:02:32,365 - steps.encdec - INFO - Epoch 518/1000
2026-02-21 01:03:31,941 - steps.encdec - INFO - No improve (37/150)
2026-02-21 01:03:31,941 - steps.encdec - INFO - Epoch 519/1000
2026-02-21 01:04:31,511 - steps.encdec - INFO - No improve (38/150)
2026-02-21 01:04:31,511 - steps.encdec - INFO - Epoch 520/1000
2026-02-21 01:05:31,090 - steps.encdec - INFO - No improve (39/150)
2026-02-21 01:05:31,090 - steps.encdec - INFO - Epoch 521/1000
2026-02-21 01:06:31,239 - steps.encdec - INFO - No improve (40/150)
2026-02-21 01:06:31,239 - steps.encdec - INFO - Epoch 522/1000
2026-02-21 01:07:30,705 - steps.encdec - INFO - No improve (41/150)
2026-02-21 01:07:30,705 - steps.encdec - INFO - Epoch 523/1000
2026-02-21 01:08:30,297 - steps.encdec - INFO - No improve (42/150)
2026-02-21 01:08:30,297 - steps.encdec - INFO - Epoch 524/1000
2026-02-21 01:09:29,865 - steps.encdec - INFO - No improve (43/150)
2026-02-21 01:09:29,865 - steps.encdec - INFO - Epoch 525/1000
2026-02-21 01:10:29,180 - steps.encdec - INFO - No improve (44/150)
2026-02-21 01:10:29,180 - steps.encdec - INFO - Epoch 526/1000
2026-02-21 01:11:29,215 - steps.encdec - INFO - No improve (45/150)
2026-02-21 01:11:29,216 - steps.encdec - INFO - Epoch 527/1000
2026-02-21 01:12:28,785 - steps.encdec - INFO - New best val_score=0.184830 | saved ckpt -> cvae_model_balanced_enhanced.pkl
2026-02-21 01:12:28,785 - steps.encdec - INFO - Epoch 528/1000
2026-02-21 01:13:28,057 - steps.encdec - INFO - No improve (1/150)
2026-02-21 01:13:28,057 - steps.encdec - INFO - Epoch 529/1000
2026-02-21 01:14:27,288 - steps.encdec - INFO - No improve (2/150)
2026-02-21 01:14:27,288 - steps.encdec - INFO - Epoch 530/1000
2026-02-21 01:15:26,699 - steps.encdec - INFO - No improve (3/150)
2026-02-21 01:15:26,699 - steps.encdec - INFO - Epoch 531/1000
2026-02-21 01:16:26,764 - steps.encdec - INFO - No improve (4/150)
2026-02-21 01:16:26,765 - steps.encdec - INFO - Epoch 532/1000
2026-02-21 01:17:26,367 - steps.encdec - INFO - No improve (5/150)
2026-02-21 01:17:26,367 - steps.encdec - INFO - Epoch 533/1000
2026-02-21 01:18:25,974 - steps.encdec - INFO - No improve (6/150)
2026-02-21 01:18:25,974 - steps.encdec - INFO - Epoch 534/1000
2026-02-21 01:19:25,555 - steps.encdec - INFO - No improve (7/150)
2026-02-21 01:19:25,555 - steps.encdec - INFO - Epoch 535/1000
2026-02-21 01:20:25,173 - steps.encdec - INFO - No improve (8/150)
2026-02-21 01:20:25,173 - steps.encdec - INFO - Epoch 536/1000
2026-02-21 01:21:24,966 - steps.encdec - INFO - No improve (9/150)
2026-02-21 01:21:24,967 - steps.encdec - INFO - Epoch 537/1000
2026-02-21 01:22:24,139 - steps.encdec - INFO - No improve (10/150)
2026-02-21 01:22:24,139 - steps.encdec - INFO - Epoch 538/1000
2026-02-21 01:23:23,529 - steps.encdec - INFO - No improve (11/150)
2026-02-21 01:23:23,529 - steps.encdec - INFO - Epoch 539/1000
2026-02-21 01:24:22,633 - steps.encdec - INFO - No improve (12/150)
2026-02-21 01:24:22,634 - steps.encdec - INFO - Epoch 540/1000
2026-02-21 01:25:21,359 - steps.encdec - INFO - No improve (13/150)
2026-02-21 01:25:21,360 - steps.encdec - INFO - Epoch 541/1000
2026-02-21 01:26:20,634 - steps.encdec - INFO - No improve (14/150)
2026-02-21 01:26:20,634 - steps.encdec - INFO - Epoch 542/1000
2026-02-21 01:27:19,745 - steps.encdec - INFO - No improve (15/150)
2026-02-21 01:27:19,745 - steps.encdec - INFO - Epoch 543/1000
2026-02-21 01:28:18,923 - steps.encdec - INFO - No improve (16/150)
2026-02-21 01:28:18,924 - steps.encdec - INFO - Epoch 544/1000
2026-02-21 01:29:17,964 - steps.encdec - INFO - No improve (17/150)
2026-02-21 01:29:17,965 - steps.encdec - INFO - Epoch 545/1000
2026-02-21 01:30:17,602 - steps.encdec - INFO - No improve (18/150)
2026-02-21 01:30:17,602 - steps.encdec - INFO - Epoch 546/1000
2026-02-21 01:31:17,174 - steps.encdec - INFO - No improve (19/150)
2026-02-21 01:31:17,174 - steps.encdec - INFO - Epoch 547/1000
2026-02-21 01:32:16,379 - steps.encdec - INFO - No improve (20/150)
2026-02-21 01:32:16,380 - steps.encdec - INFO - Epoch 548/1000
2026-02-21 01:33:15,677 - steps.encdec - INFO - No improve (21/150)
2026-02-21 01:33:15,677 - steps.encdec - INFO - Epoch 549/1000
2026-02-21 01:34:14,918 - steps.encdec - INFO - No improve (22/150)
2026-02-21 01:34:14,918 - steps.encdec - INFO - Epoch 550/1000
2026-02-21 01:35:14,185 - steps.encdec - INFO - No improve (23/150)
2026-02-21 01:35:14,185 - steps.encdec - INFO - Epoch 551/1000
2026-02-21 01:36:14,142 - steps.encdec - INFO - No improve (24/150)
2026-02-21 01:36:14,142 - steps.encdec - INFO - Epoch 552/1000
2026-02-21 01:37:13,325 - steps.encdec - INFO - New best val_score=0.183669 | saved ckpt -> cvae_model_balanced_enhanced.pkl
2026-02-21 01:37:13,325 - steps.encdec - INFO - Epoch 553/1000
2026-02-21 01:38:12,285 - steps.encdec - INFO - No improve (1/150)
2026-02-21 01:38:12,285 - steps.encdec - INFO - Epoch 554/1000
2026-02-21 01:39:11,589 - steps.encdec - INFO - No improve (2/150)
2026-02-21 01:39:11,589 - steps.encdec - INFO - Epoch 555/1000
2026-02-21 01:40:11,048 - steps.encdec - INFO - No improve (3/150)
2026-02-21 01:40:11,048 - steps.encdec - INFO - Epoch 556/1000
2026-02-21 01:41:11,111 - steps.encdec - INFO - No improve (4/150)
2026-02-21 01:41:11,111 - steps.encdec - INFO - Epoch 557/1000
2026-02-21 01:42:10,796 - steps.encdec - INFO - No improve (5/150)
2026-02-21 01:42:10,797 - steps.encdec - INFO - Epoch 558/1000
2026-02-21 01:43:10,351 - steps.encdec - INFO - No improve (6/150)
2026-02-21 01:43:10,351 - steps.encdec - INFO - Epoch 559/1000
2026-02-21 01:44:09,778 - steps.encdec - INFO - No improve (7/150)
2026-02-21 01:44:09,778 - steps.encdec - INFO - Epoch 560/1000
2026-02-21 01:45:08,942 - steps.encdec - INFO - No improve (8/150)
2026-02-21 01:45:08,943 - steps.encdec - INFO - Epoch 561/1000
2026-02-21 01:46:08,745 - steps.encdec - INFO - No improve (9/150)
2026-02-21 01:46:08,745 - steps.encdec - INFO - Epoch 562/1000
2026-02-21 01:47:08,172 - steps.encdec - INFO - No improve (10/150)
2026-02-21 01:47:08,173 - steps.encdec - INFO - Epoch 563/1000
2026-02-21 01:48:07,350 - steps.encdec - INFO - No improve (11/150)
2026-02-21 01:48:07,350 - steps.encdec - INFO - Epoch 564/1000
2026-02-21 01:49:06,755 - steps.encdec - INFO - No improve (12/150)
2026-02-21 01:49:06,755 - steps.encdec - INFO - Epoch 565/1000
2026-02-21 01:50:05,967 - steps.encdec - INFO - No improve (13/150)
2026-02-21 01:50:05,967 - steps.encdec - INFO - Epoch 566/1000
2026-02-21 01:51:05,929 - steps.encdec - INFO - No improve (14/150)
2026-02-21 01:51:05,929 - steps.encdec - INFO - Epoch 567/1000
2026-02-21 01:52:05,539 - steps.encdec - INFO - No improve (15/150)
2026-02-21 01:52:05,539 - steps.encdec - INFO - Epoch 568/1000
2026-02-21 01:53:05,063 - steps.encdec - INFO - New best val_score=0.181340 | saved ckpt -> cvae_model_balanced_enhanced.pkl
2026-02-21 01:53:05,063 - steps.encdec - INFO - Epoch 569/1000
2026-02-21 01:54:04,163 - steps.encdec - INFO - No improve (1/150)
2026-02-21 01:54:04,164 - steps.encdec - INFO - Epoch 570/1000
2026-02-21 01:55:03,220 - steps.encdec - INFO - New best val_score=0.177023 | saved ckpt -> cvae_model_balanced_enhanced.pkl
2026-02-21 01:55:03,220 - steps.encdec - INFO - Epoch 571/1000
2026-02-21 01:56:02,757 - steps.encdec - INFO - No improve (1/150)
2026-02-21 01:56:02,757 - steps.encdec - INFO - Epoch 572/1000
2026-02-21 01:57:01,899 - steps.encdec - INFO - No improve (2/150)
2026-02-21 01:57:01,899 - steps.encdec - INFO - Epoch 573/1000
2026-02-21 01:58:01,445 - steps.encdec - INFO - No improve (3/150)
2026-02-21 01:58:01,445 - steps.encdec - INFO - Epoch 574/1000
2026-02-21 01:59:01,069 - steps.encdec - INFO - No improve (4/150)
2026-02-21 01:59:01,070 - steps.encdec - INFO - Epoch 575/1000
2026-02-21 02:00:00,191 - steps.encdec - INFO - No improve (5/150)
2026-02-21 02:00:00,191 - steps.encdec - INFO - Epoch 576/1000
2026-02-21 02:00:59,645 - steps.encdec - INFO - No improve (6/150)
2026-02-21 02:00:59,645 - steps.encdec - INFO - Epoch 577/1000
2026-02-21 02:01:58,599 - steps.encdec - INFO - No improve (7/150)
2026-02-21 02:01:58,600 - steps.encdec - INFO - Epoch 578/1000
2026-02-21 02:02:57,587 - steps.encdec - INFO - No improve (8/150)
2026-02-21 02:02:57,587 - steps.encdec - INFO - Epoch 579/1000
2026-02-21 02:03:56,627 - steps.encdec - INFO - No improve (9/150)
2026-02-21 02:03:56,627 - steps.encdec - INFO - Epoch 580/1000
2026-02-21 02:04:55,707 - steps.encdec - INFO - No improve (10/150)
2026-02-21 02:04:55,708 - steps.encdec - INFO - Epoch 581/1000
2026-02-21 02:05:55,479 - steps.encdec - INFO - No improve (11/150)
2026-02-21 02:05:55,479 - steps.encdec - INFO - Epoch 582/1000
2026-02-21 02:06:54,735 - steps.encdec - INFO - No improve (12/150)
2026-02-21 02:06:54,736 - steps.encdec - INFO - Epoch 583/1000
2026-02-21 02:07:53,812 - steps.encdec - INFO - No improve (13/150)
2026-02-21 02:07:53,812 - steps.encdec - INFO - Epoch 584/1000
2026-02-21 02:08:52,584 - steps.encdec - INFO - No improve (14/150)
2026-02-21 02:08:52,584 - steps.encdec - INFO - Epoch 585/1000
2026-02-21 02:09:51,719 - steps.encdec - INFO - No improve (15/150)
2026-02-21 02:09:51,719 - steps.encdec - INFO - Epoch 586/1000
2026-02-21 02:10:51,175 - steps.encdec - INFO - No improve (16/150)
2026-02-21 02:10:51,175 - steps.encdec - INFO - Epoch 587/1000
2026-02-21 02:11:50,041 - steps.encdec - INFO - No improve (17/150)
2026-02-21 02:11:50,041 - steps.encdec - INFO - Epoch 588/1000
2026-02-21 02:12:49,090 - steps.encdec - INFO - No improve (18/150)
2026-02-21 02:12:49,090 - steps.encdec - INFO - Epoch 589/1000
2026-02-21 02:13:48,439 - steps.encdec - INFO - No improve (19/150)
2026-02-21 02:13:48,440 - steps.encdec - INFO - Epoch 590/1000
2026-02-21 02:14:47,994 - steps.encdec - INFO - No improve (20/150)
2026-02-21 02:14:47,994 - steps.encdec - INFO - Epoch 591/1000
2026-02-21 02:15:48,124 - steps.encdec - INFO - No improve (21/150)
2026-02-21 02:15:48,125 - steps.encdec - INFO - Epoch 592/1000
2026-02-21 02:16:47,475 - steps.encdec - INFO - No improve (22/150)
2026-02-21 02:16:47,475 - steps.encdec - INFO - Epoch 593/1000
2026-02-21 02:17:46,808 - steps.encdec - INFO - No improve (23/150)
2026-02-21 02:17:46,808 - steps.encdec - INFO - Epoch 594/1000
2026-02-21 02:18:46,003 - steps.encdec - INFO - No improve (24/150)
2026-02-21 02:18:46,003 - steps.encdec - INFO - Epoch 595/1000
2026-02-21 02:19:45,287 - steps.encdec - INFO - No improve (25/150)
2026-02-21 02:19:45,287 - steps.encdec - INFO - Epoch 596/1000
2026-02-21 02:20:45,140 - steps.encdec - INFO - No improve (26/150)
2026-02-21 02:20:45,140 - steps.encdec - INFO - Epoch 597/1000
2026-02-21 02:21:43,710 - steps.encdec - INFO - New best val_score=0.176663 | saved ckpt -> cvae_model_balanced_enhanced.pkl
2026-02-21 02:21:43,710 - steps.encdec - INFO - Epoch 598/1000
2026-02-21 02:22:43,634 - steps.encdec - INFO - No improve (1/150)
2026-02-21 02:22:43,634 - steps.encdec - INFO - Epoch 599/1000
2026-02-21 02:23:43,174 - steps.encdec - INFO - No improve (2/150)
2026-02-21 02:23:43,175 - steps.encdec - INFO - Epoch 600/1000
2026-02-21 02:24:42,278 - steps.encdec - INFO - No improve (3/150)
2026-02-21 02:24:42,278 - steps.encdec - INFO - Epoch 601/1000
2026-02-21 02:25:41,745 - steps.encdec - INFO - No improve (4/150)
2026-02-21 02:25:41,745 - steps.encdec - INFO - Epoch 602/1000
2026-02-21 02:26:40,733 - steps.encdec - INFO - No improve (5/150)
2026-02-21 02:26:40,733 - steps.encdec - INFO - Epoch 603/1000
2026-02-21 02:27:39,703 - steps.encdec - INFO - No improve (6/150)
2026-02-21 02:27:39,703 - steps.encdec - INFO - Epoch 604/1000
2026-02-21 02:28:38,708 - steps.encdec - INFO - No improve (7/150)
2026-02-21 02:28:38,708 - steps.encdec - INFO - Epoch 605/1000
2026-02-21 02:29:37,931 - steps.encdec - INFO - New best val_score=0.176128 | saved ckpt -> cvae_model_balanced_enhanced.pkl
2026-02-21 02:29:37,931 - steps.encdec - INFO - Epoch 606/1000
2026-02-21 02:30:37,523 - steps.encdec - INFO - No improve (1/150)
2026-02-21 02:30:37,524 - steps.encdec - INFO - Epoch 607/1000
2026-02-21 02:31:36,840 - steps.encdec - INFO - No improve (2/150)
2026-02-21 02:31:36,841 - steps.encdec - INFO - Epoch 608/1000
2026-02-21 02:32:36,183 - steps.encdec - INFO - No improve (3/150)
2026-02-21 02:32:36,183 - steps.encdec - INFO - Epoch 609/1000
2026-02-21 02:33:35,676 - steps.encdec - INFO - No improve (4/150)
2026-02-21 02:33:35,676 - steps.encdec - INFO - Epoch 610/1000
2026-02-21 02:34:35,069 - steps.encdec - INFO - No improve (5/150)
2026-02-21 02:34:35,069 - steps.encdec - INFO - Epoch 611/1000
2026-02-21 02:35:34,680 - steps.encdec - INFO - No improve (6/150)
2026-02-21 02:35:34,680 - steps.encdec - INFO - Epoch 612/1000
2026-02-21 02:36:33,572 - steps.encdec - INFO - No improve (7/150)
2026-02-21 02:36:33,573 - steps.encdec - INFO - Epoch 613/1000
2026-02-21 02:37:32,764 - steps.encdec - INFO - No improve (8/150)
2026-02-21 02:37:32,765 - steps.encdec - INFO - Epoch 614/1000
2026-02-21 02:38:32,025 - steps.encdec - INFO - No improve (9/150)
2026-02-21 02:38:32,025 - steps.encdec - INFO - Epoch 615/1000
2026-02-21 02:39:30,734 - steps.encdec - INFO - No improve (10/150)
2026-02-21 02:39:30,734 - steps.encdec - INFO - Epoch 616/1000
2026-02-21 02:40:30,157 - steps.encdec - INFO - No improve (11/150)
2026-02-21 02:40:30,157 - steps.encdec - INFO - Epoch 617/1000
2026-02-21 02:41:29,691 - steps.encdec - INFO - No improve (12/150)
2026-02-21 02:41:29,691 - steps.encdec - INFO - Epoch 618/1000
2026-02-21 02:42:29,104 - steps.encdec - INFO - No improve (13/150)
2026-02-21 02:42:29,104 - steps.encdec - INFO - Epoch 619/1000
2026-02-21 02:43:27,725 - steps.encdec - INFO - New best val_score=0.174969 | saved ckpt -> cvae_model_balanced_enhanced.pkl
2026-02-21 02:43:27,725 - steps.encdec - INFO - Epoch 620/1000
2026-02-21 02:44:26,604 - steps.encdec - INFO - No improve (1/150)
2026-02-21 02:44:26,604 - steps.encdec - INFO - Epoch 621/1000
2026-02-21 02:45:27,781 - steps.encdec - INFO - No improve (2/150)
2026-02-21 02:45:27,781 - steps.encdec - INFO - Epoch 622/1000
2026-02-21 02:46:27,025 - steps.encdec - INFO - No improve (3/150)
2026-02-21 02:46:27,025 - steps.encdec - INFO - Epoch 623/1000
2026-02-21 02:47:26,266 - steps.encdec - INFO - No improve (4/150)
2026-02-21 02:47:26,266 - steps.encdec - INFO - Epoch 624/1000
2026-02-21 02:48:25,049 - steps.encdec - INFO - No improve (5/150)
2026-02-21 02:48:25,050 - steps.encdec - INFO - Epoch 625/1000
2026-02-21 02:49:23,829 - steps.encdec - INFO - No improve (6/150)
2026-02-21 02:49:23,830 - steps.encdec - INFO - Epoch 626/1000
2026-02-21 02:50:23,304 - steps.encdec - INFO - No improve (7/150)
2026-02-21 02:50:23,304 - steps.encdec - INFO - Epoch 627/1000
2026-02-21 02:51:22,530 - steps.encdec - INFO - No improve (8/150)
2026-02-21 02:51:22,530 - steps.encdec - INFO - Epoch 628/1000
2026-02-21 02:52:21,919 - steps.encdec - INFO - No improve (9/150)
2026-02-21 02:52:21,919 - steps.encdec - INFO - Epoch 629/1000
2026-02-21 02:53:21,357 - steps.encdec - INFO - No improve (10/150)
2026-02-21 02:53:21,358 - steps.encdec - INFO - Epoch 630/1000
2026-02-21 02:54:20,676 - steps.encdec - INFO - No improve (11/150)
2026-02-21 02:54:20,676 - steps.encdec - INFO - Epoch 631/1000
2026-02-21 02:55:20,662 - steps.encdec - INFO - No improve (12/150)
2026-02-21 02:55:20,662 - steps.encdec - INFO - Epoch 632/1000
2026-02-21 02:56:19,956 - steps.encdec - INFO - No improve (13/150)
2026-02-21 02:56:19,956 - steps.encdec - INFO - Epoch 633/1000
2026-02-21 02:57:19,175 - steps.encdec - INFO - New best val_score=0.173905 | saved ckpt -> cvae_model_balanced_enhanced.pkl
2026-02-21 02:57:19,175 - steps.encdec - INFO - Epoch 634/1000
2026-02-21 02:58:18,079 - steps.encdec - INFO - No improve (1/150)
2026-02-21 02:58:18,079 - steps.encdec - INFO - Epoch 635/1000
2026-02-21 02:59:17,070 - steps.encdec - INFO - No improve (2/150)
2026-02-21 02:59:17,070 - steps.encdec - INFO - Epoch 636/1000
2026-02-21 03:00:16,662 - steps.encdec - INFO - No improve (3/150)
2026-02-21 03:00:16,662 - steps.encdec - INFO - Epoch 637/1000
2026-02-21 03:01:15,767 - steps.encdec - INFO - No improve (4/150)
2026-02-21 03:01:15,767 - steps.encdec - INFO - Epoch 638/1000
2026-02-21 03:02:14,759 - steps.encdec - INFO - No improve (5/150)
2026-02-21 03:02:14,759 - steps.encdec - INFO - Epoch 639/1000
2026-02-21 03:03:13,964 - steps.encdec - INFO - New best val_score=0.168675 | saved ckpt -> cvae_model_balanced_enhanced.pkl
2026-02-21 03:03:13,964 - steps.encdec - INFO - Epoch 640/1000
2026-02-21 03:04:13,204 - steps.encdec - INFO - No improve (1/150)
2026-02-21 03:04:13,204 - steps.encdec - INFO - Epoch 641/1000
2026-02-21 03:05:12,873 - steps.encdec - INFO - No improve (2/150)
2026-02-21 03:05:12,873 - steps.encdec - INFO - Epoch 642/1000
2026-02-21 03:06:12,191 - steps.encdec - INFO - No improve (3/150)
2026-02-21 03:06:12,191 - steps.encdec - INFO - Epoch 643/1000
2026-02-21 03:07:11,140 - steps.encdec - INFO - No improve (4/150)
2026-02-21 03:07:11,140 - steps.encdec - INFO - Epoch 644/1000
2026-02-21 03:08:09,953 - steps.encdec - INFO - No improve (5/150)
2026-02-21 03:08:09,953 - steps.encdec - INFO - Epoch 645/1000
2026-02-21 03:09:08,702 - steps.encdec - INFO - No improve (6/150)
2026-02-21 03:09:08,702 - steps.encdec - INFO - Epoch 646/1000
2026-02-21 03:10:08,521 - steps.encdec - INFO - No improve (7/150)
2026-02-21 03:10:08,521 - steps.encdec - INFO - Epoch 647/1000
2026-02-21 03:11:07,823 - steps.encdec - INFO - No improve (8/150)
2026-02-21 03:11:07,823 - steps.encdec - INFO - Epoch 648/1000
2026-02-21 03:12:06,607 - steps.encdec - INFO - No improve (9/150)
2026-02-21 03:12:06,607 - steps.encdec - INFO - Epoch 649/1000
2026-02-21 03:13:05,780 - steps.encdec - INFO - No improve (10/150)
2026-02-21 03:13:05,780 - steps.encdec - INFO - Epoch 650/1000
2026-02-21 03:14:05,150 - steps.encdec - INFO - No improve (11/150)
2026-02-21 03:14:05,150 - steps.encdec - INFO - Epoch 651/1000
2026-02-21 03:15:04,803 - steps.encdec - INFO - No improve (12/150)
2026-02-21 03:15:04,803 - steps.encdec - INFO - Epoch 652/1000
2026-02-21 03:16:03,712 - steps.encdec - INFO - No improve (13/150)
2026-02-21 03:16:03,712 - steps.encdec - INFO - Epoch 653/1000
2026-02-21 03:17:02,462 - steps.encdec - INFO - No improve (14/150)
2026-02-21 03:17:02,462 - steps.encdec - INFO - Epoch 654/1000
2026-02-21 03:18:01,536 - steps.encdec - INFO - No improve (15/150)
2026-02-21 03:18:01,536 - steps.encdec - INFO - Epoch 655/1000
2026-02-21 03:19:00,629 - steps.encdec - INFO - No improve (16/150)
2026-02-21 03:19:00,629 - steps.encdec - INFO - Epoch 656/1000
2026-02-21 03:19:59,938 - steps.encdec - INFO - No improve (17/150)
2026-02-21 03:19:59,938 - steps.encdec - INFO - Epoch 657/1000
2026-02-21 03:20:58,732 - steps.encdec - INFO - New best val_score=0.168274 | saved ckpt -> cvae_model_balanced_enhanced.pkl
2026-02-21 03:20:58,732 - steps.encdec - INFO - Epoch 658/1000
2026-02-21 03:21:57,734 - steps.encdec - INFO - No improve (1/150)
2026-02-21 03:21:57,734 - steps.encdec - INFO - Epoch 659/1000
2026-02-21 03:22:56,552 - steps.encdec - INFO - No improve (2/150)
2026-02-21 03:22:56,553 - steps.encdec - INFO - Epoch 660/1000
2026-02-21 03:23:55,380 - steps.encdec - INFO - No improve (3/150)
2026-02-21 03:23:55,380 - steps.encdec - INFO - Epoch 661/1000
2026-02-21 03:24:55,578 - steps.encdec - INFO - No improve (4/150)
2026-02-21 03:24:55,578 - steps.encdec - INFO - Epoch 662/1000
2026-02-21 03:25:54,839 - steps.encdec - INFO - No improve (5/150)
2026-02-21 03:25:54,839 - steps.encdec - INFO - Epoch 663/1000
2026-02-21 03:26:53,773 - steps.encdec - INFO - No improve (6/150)
2026-02-21 03:26:53,773 - steps.encdec - INFO - Epoch 664/1000
2026-02-21 03:27:52,995 - steps.encdec - INFO - No improve (7/150)
2026-02-21 03:27:52,996 - steps.encdec - INFO - Epoch 665/1000
2026-02-21 03:28:52,543 - steps.encdec - INFO - No improve (8/150)
2026-02-21 03:28:52,543 - steps.encdec - INFO - Epoch 666/1000
2026-02-21 03:29:52,076 - steps.encdec - INFO - No improve (9/150)
2026-02-21 03:29:52,076 - steps.encdec - INFO - Epoch 667/1000
2026-02-21 03:30:50,986 - steps.encdec - INFO - No improve (10/150)
2026-02-21 03:30:50,986 - steps.encdec - INFO - Epoch 668/1000
2026-02-21 03:31:50,139 - steps.encdec - INFO - No improve (11/150)
2026-02-21 03:31:50,139 - steps.encdec - INFO - Epoch 669/1000
2026-02-21 03:32:50,192 - steps.encdec - INFO - No improve (12/150)
2026-02-21 03:32:50,192 - steps.encdec - INFO - Epoch 670/1000
2026-02-21 03:33:50,017 - steps.encdec - INFO - No improve (13/150)
2026-02-21 03:33:50,018 - steps.encdec - INFO - Epoch 671/1000
2026-02-21 03:34:50,304 - steps.encdec - INFO - No improve (14/150)
2026-02-21 03:34:50,304 - steps.encdec - INFO - Epoch 672/1000
2026-02-21 03:35:50,083 - steps.encdec - INFO - No improve (15/150)
2026-02-21 03:35:50,083 - steps.encdec - INFO - Epoch 673/1000
2026-02-21 03:36:49,901 - steps.encdec - INFO - No improve (16/150)
2026-02-21 03:36:49,901 - steps.encdec - INFO - Epoch 674/1000
2026-02-21 03:37:49,515 - steps.encdec - INFO - No improve (17/150)
2026-02-21 03:37:49,515 - steps.encdec - INFO - Epoch 675/1000
2026-02-21 03:38:49,334 - steps.encdec - INFO - No improve (18/150)
2026-02-21 03:38:49,334 - steps.encdec - INFO - Epoch 676/1000
2026-02-21 03:39:49,660 - steps.encdec - INFO - No improve (19/150)
2026-02-21 03:39:49,660 - steps.encdec - INFO - Epoch 677/1000
2026-02-21 03:40:49,570 - steps.encdec - INFO - No improve (20/150)
2026-02-21 03:40:49,570 - steps.encdec - INFO - Epoch 678/1000
2026-02-21 03:41:49,183 - steps.encdec - INFO - No improve (21/150)
2026-02-21 03:41:49,183 - steps.encdec - INFO - Epoch 679/1000
2026-02-21 03:42:48,987 - steps.encdec - INFO - No improve (22/150)
2026-02-21 03:42:48,988 - steps.encdec - INFO - Epoch 680/1000
2026-02-21 03:43:48,987 - steps.encdec - INFO - No improve (23/150)
2026-02-21 03:43:48,987 - steps.encdec - INFO - Epoch 681/1000
2026-02-21 03:44:49,530 - steps.encdec - INFO - No improve (24/150)
2026-02-21 03:44:49,530 - steps.encdec - INFO - Epoch 682/1000
2026-02-21 03:45:49,330 - steps.encdec - INFO - No improve (25/150)
2026-02-21 03:45:49,330 - steps.encdec - INFO - Epoch 683/1000
2026-02-21 03:46:48,791 - steps.encdec - INFO - No improve (26/150)
2026-02-21 03:46:48,792 - steps.encdec - INFO - Epoch 684/1000
2026-02-21 03:47:48,256 - steps.encdec - INFO - No improve (27/150)
2026-02-21 03:47:48,256 - steps.encdec - INFO - Epoch 685/1000
2026-02-21 03:48:48,125 - steps.encdec - INFO - No improve (28/150)
2026-02-21 03:48:48,125 - steps.encdec - INFO - Epoch 686/1000
2026-02-21 03:49:48,660 - steps.encdec - INFO - No improve (29/150)
2026-02-21 03:49:48,660 - steps.encdec - INFO - Epoch 687/1000
2026-02-21 03:50:48,779 - steps.encdec - INFO - New best val_score=0.168256 | saved ckpt -> cvae_model_balanced_enhanced.pkl
2026-02-21 03:50:48,779 - steps.encdec - INFO - Epoch 688/1000
2026-02-21 03:51:48,901 - steps.encdec - INFO - No improve (1/150)
2026-02-21 03:51:48,901 - steps.encdec - INFO - Epoch 689/1000
2026-02-21 03:52:49,350 - steps.encdec - INFO - No improve (2/150)
2026-02-21 03:52:49,350 - steps.encdec - INFO - Epoch 690/1000
2026-02-21 03:53:49,138 - steps.encdec - INFO - New best val_score=0.167712 | saved ckpt -> cvae_model_balanced_enhanced.pkl
2026-02-21 03:53:49,138 - steps.encdec - INFO - Epoch 691/1000
2026-02-21 03:54:49,694 - steps.encdec - INFO - No improve (1/150)
2026-02-21 03:54:49,694 - steps.encdec - INFO - Epoch 692/1000
2026-02-21 03:55:49,659 - steps.encdec - INFO - New best val_score=0.166890 | saved ckpt -> cvae_model_balanced_enhanced.pkl
2026-02-21 03:55:49,659 - steps.encdec - INFO - Epoch 693/1000
2026-02-21 03:56:49,755 - steps.encdec - INFO - No improve (1/150)
2026-02-21 03:56:49,755 - steps.encdec - INFO - Epoch 694/1000
2026-02-21 03:57:49,831 - steps.encdec - INFO - New best val_score=0.166525 | saved ckpt -> cvae_model_balanced_enhanced.pkl
2026-02-21 03:57:49,831 - steps.encdec - INFO - Epoch 695/1000
2026-02-21 03:58:49,701 - steps.encdec - INFO - No improve (1/150)
2026-02-21 03:58:49,701 - steps.encdec - INFO - Epoch 696/1000
2026-02-21 03:59:50,192 - steps.encdec - INFO - No improve (2/150)
2026-02-21 03:59:50,192 - steps.encdec - INFO - Epoch 697/1000
2026-02-21 04:00:50,122 - steps.encdec - INFO - No improve (3/150)
2026-02-21 04:00:50,123 - steps.encdec - INFO - Epoch 698/1000
2026-02-21 04:01:50,387 - steps.encdec - INFO - No improve (4/150)
2026-02-21 04:01:50,388 - steps.encdec - INFO - Epoch 699/1000
2026-02-21 04:02:50,378 - steps.encdec - INFO - No improve (5/150)
2026-02-21 04:02:50,379 - steps.encdec - INFO - Epoch 700/1000
2026-02-21 04:03:50,102 - steps.encdec - INFO - No improve (6/150)
2026-02-21 04:03:50,103 - steps.encdec - INFO - Epoch 701/1000
2026-02-21 04:04:50,634 - steps.encdec - INFO - No improve (7/150)
2026-02-21 04:04:50,634 - steps.encdec - INFO - Epoch 702/1000
2026-02-21 04:05:50,936 - steps.encdec - INFO - No improve (8/150)
2026-02-21 04:05:50,936 - steps.encdec - INFO - Epoch 703/1000
2026-02-21 04:06:50,883 - steps.encdec - INFO - No improve (9/150)
2026-02-21 04:06:50,883 - steps.encdec - INFO - Epoch 704/1000
2026-02-21 04:07:50,711 - steps.encdec - INFO - No improve (10/150)
2026-02-21 04:07:50,711 - steps.encdec - INFO - Epoch 705/1000
2026-02-21 04:08:50,695 - steps.encdec - INFO - No improve (11/150)
2026-02-21 04:08:50,695 - steps.encdec - INFO - Epoch 706/1000
2026-02-21 04:09:51,384 - steps.encdec - INFO - No improve (12/150)
2026-02-21 04:09:51,384 - steps.encdec - INFO - Epoch 707/1000
2026-02-21 04:10:51,355 - steps.encdec - INFO - No improve (13/150)
2026-02-21 04:10:51,356 - steps.encdec - INFO - Epoch 708/1000
2026-02-21 04:11:50,982 - steps.encdec - INFO - No improve (14/150)
2026-02-21 04:11:50,982 - steps.encdec - INFO - Epoch 709/1000
2026-02-21 04:12:50,383 - steps.encdec - INFO - No improve (15/150)
2026-02-21 04:12:50,383 - steps.encdec - INFO - Epoch 710/1000
2026-02-21 04:13:49,859 - steps.encdec - INFO - No improve (16/150)
2026-02-21 04:13:49,859 - steps.encdec - INFO - Epoch 711/1000
2026-02-21 04:14:50,234 - steps.encdec - INFO - No improve (17/150)
2026-02-21 04:14:50,235 - steps.encdec - INFO - Epoch 712/1000
2026-02-21 04:15:50,235 - steps.encdec - INFO - No improve (18/150)
2026-02-21 04:15:50,236 - steps.encdec - INFO - Epoch 713/1000
2026-02-21 04:16:50,219 - steps.encdec - INFO - No improve (19/150)
2026-02-21 04:16:50,220 - steps.encdec - INFO - Epoch 714/1000
2026-02-21 04:17:50,177 - steps.encdec - INFO - No improve (20/150)
2026-02-21 04:17:50,177 - steps.encdec - INFO - Epoch 715/1000
2026-02-21 04:18:50,267 - steps.encdec - INFO - No improve (21/150)
2026-02-21 04:18:50,268 - steps.encdec - INFO - Epoch 716/1000
2026-02-21 04:19:51,031 - steps.encdec - INFO - No improve (22/150)
2026-02-21 04:19:51,031 - steps.encdec - INFO - Epoch 717/1000
2026-02-21 04:20:51,247 - steps.encdec - INFO - No improve (23/150)
2026-02-21 04:20:51,247 - steps.encdec - INFO - Epoch 718/1000
2026-02-21 04:21:51,243 - steps.encdec - INFO - No improve (24/150)
2026-02-21 04:21:51,243 - steps.encdec - INFO - Epoch 719/1000
2026-02-21 04:22:50,965 - steps.encdec - INFO - No improve (25/150)
2026-02-21 04:22:50,965 - steps.encdec - INFO - Epoch 720/1000
2026-02-21 04:23:52,353 - steps.encdec - INFO - No improve (26/150)
2026-02-21 04:23:52,353 - steps.encdec - INFO - Epoch 721/1000
2026-02-21 04:24:52,811 - steps.encdec - INFO - No improve (27/150)
2026-02-21 04:24:52,812 - steps.encdec - INFO - Epoch 722/1000
2026-02-21 04:25:52,810 - steps.encdec - INFO - No improve (28/150)
2026-02-21 04:25:52,811 - steps.encdec - INFO - Epoch 723/1000
2026-02-21 04:26:52,740 - steps.encdec - INFO - No improve (29/150)
2026-02-21 04:26:52,740 - steps.encdec - INFO - Epoch 724/1000
2026-02-21 04:27:52,592 - steps.encdec - INFO - No improve (30/150)
2026-02-21 04:27:52,592 - steps.encdec - INFO - Epoch 725/1000
2026-02-21 04:28:52,212 - steps.encdec - INFO - No improve (31/150)
2026-02-21 04:28:52,212 - steps.encdec - INFO - Epoch 726/1000
2026-02-21 04:29:52,741 - steps.encdec - INFO - No improve (32/150)
2026-02-21 04:29:52,741 - steps.encdec - INFO - Epoch 727/1000
2026-02-21 04:30:52,582 - steps.encdec - INFO - No improve (33/150)
2026-02-21 04:30:52,582 - steps.encdec - INFO - Epoch 728/1000
2026-02-21 04:31:52,608 - steps.encdec - INFO - No improve (34/150)
2026-02-21 04:31:52,608 - steps.encdec - INFO - Epoch 729/1000
2026-02-21 04:32:52,746 - steps.encdec - INFO - No improve (35/150)
2026-02-21 04:32:52,746 - steps.encdec - INFO - Epoch 730/1000
2026-02-21 04:33:52,902 - steps.encdec - INFO - No improve (36/150)
2026-02-21 04:33:52,902 - steps.encdec - INFO - Epoch 731/1000
2026-02-21 04:34:53,370 - steps.encdec - INFO - No improve (37/150)
2026-02-21 04:34:53,370 - steps.encdec - INFO - Epoch 732/1000
2026-02-21 04:35:53,233 - steps.encdec - INFO - No improve (38/150)
2026-02-21 04:35:53,233 - steps.encdec - INFO - Epoch 733/1000
2026-02-21 04:36:53,272 - steps.encdec - INFO - No improve (39/150)
2026-02-21 04:36:53,272 - steps.encdec - INFO - Epoch 734/1000
2026-02-21 04:37:53,209 - steps.encdec - INFO - No improve (40/150)
2026-02-21 04:37:53,209 - steps.encdec - INFO - Epoch 735/1000
2026-02-21 04:38:53,394 - steps.encdec - INFO - No improve (41/150)
2026-02-21 04:38:53,394 - steps.encdec - INFO - Epoch 736/1000
2026-02-21 04:39:53,928 - steps.encdec - INFO - No improve (42/150)
2026-02-21 04:39:53,928 - steps.encdec - INFO - Epoch 737/1000
2026-02-21 04:40:53,362 - steps.encdec - INFO - No improve (43/150)
2026-02-21 04:40:53,362 - steps.encdec - INFO - Epoch 738/1000
2026-02-21 04:41:53,498 - steps.encdec - INFO - No improve (44/150)
2026-02-21 04:41:53,498 - steps.encdec - INFO - Epoch 739/1000
2026-02-21 04:42:53,609 - steps.encdec - INFO - New best val_score=0.160152 | saved ckpt -> cvae_model_balanced_enhanced.pkl
2026-02-21 04:42:53,609 - steps.encdec - INFO - Epoch 740/1000
2026-02-21 04:43:53,339 - steps.encdec - INFO - No improve (1/150)
2026-02-21 04:43:53,339 - steps.encdec - INFO - Epoch 741/1000
2026-02-21 04:44:53,277 - steps.encdec - INFO - No improve (2/150)
2026-02-21 04:44:53,277 - steps.encdec - INFO - Epoch 742/1000
2026-02-21 04:45:54,417 - steps.encdec - INFO - No improve (3/150)
2026-02-21 04:45:54,418 - steps.encdec - INFO - Epoch 743/1000
2026-02-21 04:46:54,726 - steps.encdec - INFO - No improve (4/150)
2026-02-21 04:46:54,726 - steps.encdec - INFO - Epoch 744/1000
2026-02-21 04:47:55,193 - steps.encdec - INFO - No improve (5/150)
2026-02-21 04:47:55,193 - steps.encdec - INFO - Epoch 745/1000
2026-02-21 04:48:55,054 - steps.encdec - INFO - No improve (6/150)
2026-02-21 04:48:55,054 - steps.encdec - INFO - Epoch 746/1000
2026-02-21 04:49:55,825 - steps.encdec - INFO - No improve (7/150)
2026-02-21 04:49:55,826 - steps.encdec - INFO - Epoch 747/1000
2026-02-21 04:50:55,852 - steps.encdec - INFO - No improve (8/150)
2026-02-21 04:50:55,853 - steps.encdec - INFO - Epoch 748/1000
2026-02-21 04:51:56,140 - steps.encdec - INFO - No improve (9/150)
2026-02-21 04:51:56,140 - steps.encdec - INFO - Epoch 749/1000
2026-02-21 04:52:56,270 - steps.encdec - INFO - No improve (10/150)
2026-02-21 04:52:56,270 - steps.encdec - INFO - Epoch 750/1000
2026-02-21 04:53:56,435 - steps.encdec - INFO - No improve (11/150)
2026-02-21 04:53:56,435 - steps.encdec - INFO - Epoch 751/1000
2026-02-21 04:54:56,852 - steps.encdec - INFO - No improve (12/150)
2026-02-21 04:54:56,853 - steps.encdec - INFO - Epoch 752/1000
2026-02-21 04:55:56,733 - steps.encdec - INFO - No improve (13/150)
2026-02-21 04:55:56,733 - steps.encdec - INFO - Epoch 753/1000
2026-02-21 04:56:56,795 - steps.encdec - INFO - No improve (14/150)
2026-02-21 04:56:56,795 - steps.encdec - INFO - Epoch 754/1000
2026-02-21 04:57:56,753 - steps.encdec - INFO - No improve (15/150)
2026-02-21 04:57:56,753 - steps.encdec - INFO - Epoch 755/1000
2026-02-21 04:58:56,491 - steps.encdec - INFO - No improve (16/150)
2026-02-21 04:58:56,491 - steps.encdec - INFO - Epoch 756/1000
2026-02-21 04:59:56,831 - steps.encdec - INFO - No improve (17/150)
2026-02-21 04:59:56,831 - steps.encdec - INFO - Epoch 757/1000
2026-02-21 05:00:56,746 - steps.encdec - INFO - No improve (18/150)
2026-02-21 05:00:56,746 - steps.encdec - INFO - Epoch 758/1000
2026-02-21 05:01:56,862 - steps.encdec - INFO - No improve (19/150)
2026-02-21 05:01:56,862 - steps.encdec - INFO - Epoch 759/1000
2026-02-21 05:02:56,775 - steps.encdec - INFO - No improve (20/150)
2026-02-21 05:02:56,775 - steps.encdec - INFO - Epoch 760/1000
2026-02-21 05:03:56,634 - steps.encdec - INFO - No improve (21/150)
2026-02-21 05:03:56,634 - steps.encdec - INFO - Epoch 761/1000
2026-02-21 05:04:57,044 - steps.encdec - INFO - No improve (22/150)
2026-02-21 05:04:57,045 - steps.encdec - INFO - Epoch 762/1000
2026-02-21 05:05:56,967 - steps.encdec - INFO - No improve (23/150)
2026-02-21 05:05:56,967 - steps.encdec - INFO - Epoch 763/1000
2026-02-21 05:06:56,565 - steps.encdec - INFO - No improve (24/150)
2026-02-21 05:06:56,565 - steps.encdec - INFO - Epoch 764/1000
2026-02-21 05:07:56,566 - steps.encdec - INFO - No improve (25/150)
2026-02-21 05:07:56,566 - steps.encdec - INFO - Epoch 765/1000
2026-02-21 05:08:56,713 - steps.encdec - INFO - No improve (26/150)
2026-02-21 05:08:56,713 - steps.encdec - INFO - Epoch 766/1000
2026-02-21 05:09:57,218 - steps.encdec - INFO - No improve (27/150)
2026-02-21 05:09:57,218 - steps.encdec - INFO - Epoch 767/1000
2026-02-21 05:10:57,412 - steps.encdec - INFO - No improve (28/150)
2026-02-21 05:10:57,412 - steps.encdec - INFO - Epoch 768/1000
2026-02-21 05:11:57,811 - steps.encdec - INFO - No improve (29/150)
2026-02-21 05:11:57,812 - steps.encdec - INFO - Epoch 769/1000
2026-02-21 05:12:57,578 - steps.encdec - INFO - No improve (30/150)
2026-02-21 05:12:57,578 - steps.encdec - INFO - Epoch 770/1000
2026-02-21 05:13:57,414 - steps.encdec - INFO - No improve (31/150)
2026-02-21 05:13:57,414 - steps.encdec - INFO - Epoch 771/1000
2026-02-21 05:14:58,242 - steps.encdec - INFO - No improve (32/150)
2026-02-21 05:14:58,242 - steps.encdec - INFO - Epoch 772/1000
2026-02-21 05:15:58,285 - steps.encdec - INFO - No improve (33/150)
2026-02-21 05:15:58,285 - steps.encdec - INFO - Epoch 773/1000
2026-02-21 05:16:57,958 - steps.encdec - INFO - No improve (34/150)
2026-02-21 05:16:57,958 - steps.encdec - INFO - Epoch 774/1000
2026-02-21 05:17:57,758 - steps.encdec - INFO - No improve (35/150)
2026-02-21 05:17:57,758 - steps.encdec - INFO - Epoch 775/1000
2026-02-21 05:18:57,567 - steps.encdec - INFO - No improve (36/150)
2026-02-21 05:18:57,567 - steps.encdec - INFO - Epoch 776/1000
2026-02-21 05:19:58,343 - steps.encdec - INFO - No improve (37/150)
2026-02-21 05:19:58,343 - steps.encdec - INFO - Epoch 777/1000
2026-02-21 05:20:58,474 - steps.encdec - INFO - No improve (38/150)
2026-02-21 05:20:58,474 - steps.encdec - INFO - Epoch 778/1000
2026-02-21 05:21:58,577 - steps.encdec - INFO - No improve (39/150)
2026-02-21 05:21:58,577 - steps.encdec - INFO - Epoch 779/1000
2026-02-21 05:22:58,756 - steps.encdec - INFO - No improve (40/150)
2026-02-21 05:22:58,757 - steps.encdec - INFO - Epoch 780/1000
2026-02-21 05:23:59,108 - steps.encdec - INFO - No improve (41/150)
2026-02-21 05:23:59,109 - steps.encdec - INFO - Epoch 781/1000
2026-02-21 05:24:59,569 - steps.encdec - INFO - No improve (42/150)
2026-02-21 05:24:59,569 - steps.encdec - INFO - Epoch 782/1000
2026-02-21 05:25:59,620 - steps.encdec - INFO - No improve (43/150)
2026-02-21 05:25:59,620 - steps.encdec - INFO - Epoch 783/1000
2026-02-21 05:26:59,838 - steps.encdec - INFO - No improve (44/150)
2026-02-21 05:26:59,839 - steps.encdec - INFO - Epoch 784/1000
2026-02-21 05:28:00,002 - steps.encdec - INFO - No improve (45/150)
2026-02-21 05:28:00,002 - steps.encdec - INFO - Epoch 785/1000
2026-02-21 05:28:59,973 - steps.encdec - INFO - No improve (46/150)
2026-02-21 05:28:59,974 - steps.encdec - INFO - Epoch 786/1000
2026-02-21 05:30:00,602 - steps.encdec - INFO - No improve (47/150)
2026-02-21 05:30:00,602 - steps.encdec - INFO - Epoch 787/1000
2026-02-21 05:31:00,620 - steps.encdec - INFO - No improve (48/150)
2026-02-21 05:31:00,620 - steps.encdec - INFO - Epoch 788/1000
2026-02-21 05:32:00,443 - steps.encdec - INFO - No improve (49/150)
2026-02-21 05:32:00,443 - steps.encdec - INFO - Epoch 789/1000
2026-02-21 05:33:00,624 - steps.encdec - INFO - No improve (50/150)
2026-02-21 05:33:00,624 - steps.encdec - INFO - Epoch 790/1000
2026-02-21 05:34:01,087 - steps.encdec - INFO - No improve (51/150)
2026-02-21 05:34:01,088 - steps.encdec - INFO - Epoch 791/1000
2026-02-21 05:35:01,727 - steps.encdec - INFO - No improve (52/150)
2026-02-21 05:35:01,727 - steps.encdec - INFO - Epoch 792/1000
2026-02-21 05:36:01,076 - steps.encdec - INFO - No improve (53/150)
2026-02-21 05:36:01,076 - steps.encdec - INFO - Epoch 793/1000
2026-02-21 05:37:00,656 - steps.encdec - INFO - No improve (54/150)
2026-02-21 05:37:00,657 - steps.encdec - INFO - Epoch 794/1000
2026-02-21 05:38:00,539 - steps.encdec - INFO - No improve (55/150)
2026-02-21 05:38:00,539 - steps.encdec - INFO - Epoch 795/1000
2026-02-21 05:39:00,757 - steps.encdec - INFO - No improve (56/150)
2026-02-21 05:39:00,758 - steps.encdec - INFO - Epoch 796/1000
2026-02-21 05:40:01,534 - steps.encdec - INFO - No improve (57/150)
2026-02-21 05:40:01,535 - steps.encdec - INFO - Epoch 797/1000
2026-02-21 05:41:01,521 - steps.encdec - INFO - No improve (58/150)
2026-02-21 05:41:01,521 - steps.encdec - INFO - Epoch 798/1000
2026-02-21 05:42:01,483 - steps.encdec - INFO - No improve (59/150)
2026-02-21 05:42:01,483 - steps.encdec - INFO - Epoch 799/1000
2026-02-21 05:43:01,818 - steps.encdec - INFO - No improve (60/150)
2026-02-21 05:43:01,818 - steps.encdec - INFO - Epoch 800/1000
2026-02-21 05:44:02,201 - steps.encdec - INFO - No improve (61/150)
2026-02-21 05:44:02,201 - steps.encdec - INFO - Epoch 801/1000
2026-02-21 05:45:02,803 - steps.encdec - INFO - No improve (62/150)
2026-02-21 05:45:02,803 - steps.encdec - INFO - Epoch 802/1000
2026-02-21 05:46:02,746 - steps.encdec - INFO - No improve (63/150)
2026-02-21 05:46:02,747 - steps.encdec - INFO - Epoch 803/1000
2026-02-21 05:47:02,992 - steps.encdec - INFO - No improve (64/150)
2026-02-21 05:47:02,992 - steps.encdec - INFO - Epoch 804/1000
2026-02-21 05:48:03,055 - steps.encdec - INFO - No improve (65/150)
2026-02-21 05:48:03,056 - steps.encdec - INFO - Epoch 805/1000
2026-02-21 05:49:02,749 - steps.encdec - INFO - No improve (66/150)
2026-02-21 05:49:02,750 - steps.encdec - INFO - Epoch 806/1000
2026-02-21 05:50:03,144 - steps.encdec - INFO - No improve (67/150)
2026-02-21 05:50:03,144 - steps.encdec - INFO - Epoch 807/1000
2026-02-21 05:51:03,311 - steps.encdec - INFO - No improve (68/150)
2026-02-21 05:51:03,312 - steps.encdec - INFO - Epoch 808/1000
2026-02-21 05:52:03,022 - steps.encdec - INFO - No improve (69/150)
2026-02-21 05:52:03,022 - steps.encdec - INFO - Epoch 809/1000
2026-02-21 05:53:03,186 - steps.encdec - INFO - No improve (70/150)
2026-02-21 05:53:03,186 - steps.encdec - INFO - Epoch 810/1000
2026-02-21 05:54:03,415 - steps.encdec - INFO - No improve (71/150)
2026-02-21 05:54:03,415 - steps.encdec - INFO - Epoch 811/1000
2026-02-21 05:55:03,992 - steps.encdec - INFO - No improve (72/150)
2026-02-21 05:55:03,992 - steps.encdec - INFO - Epoch 812/1000
2026-02-21 05:56:04,094 - steps.encdec - INFO - No improve (73/150)
2026-02-21 05:56:04,094 - steps.encdec - INFO - Epoch 813/1000
2026-02-21 05:57:03,922 - steps.encdec - INFO - No improve (74/150)
2026-02-21 05:57:03,922 - steps.encdec - INFO - Epoch 814/1000
2026-02-21 05:58:03,378 - steps.encdec - INFO - No improve (75/150)
2026-02-21 05:58:03,378 - steps.encdec - INFO - Epoch 815/1000
2026-02-21 05:59:02,837 - steps.encdec - INFO - No improve (76/150)
2026-02-21 05:59:02,838 - steps.encdec - INFO - Epoch 816/1000
2026-02-21 06:00:02,905 - steps.encdec - INFO - No improve (77/150)
2026-02-21 06:00:02,905 - steps.encdec - INFO - Epoch 817/1000
2026-02-21 06:01:02,874 - steps.encdec - INFO - No improve (78/150)
2026-02-21 06:01:02,874 - steps.encdec - INFO - Epoch 818/1000
2026-02-21 06:02:02,705 - steps.encdec - INFO - No improve (79/150)
2026-02-21 06:02:02,705 - steps.encdec - INFO - Epoch 819/1000
2026-02-21 06:03:02,805 - steps.encdec - INFO - No improve (80/150)
2026-02-21 06:03:02,805 - steps.encdec - INFO - Epoch 820/1000
2026-02-21 06:04:02,456 - steps.encdec - INFO - No improve (81/150)
2026-02-21 06:04:02,457 - steps.encdec - INFO - Epoch 821/1000
2026-02-21 06:05:02,739 - steps.encdec - INFO - No improve (82/150)
2026-02-21 06:05:02,739 - steps.encdec - INFO - Epoch 822/1000
2026-02-21 06:06:02,334 - steps.encdec - INFO - No improve (83/150)
2026-02-21 06:06:02,334 - steps.encdec - INFO - Epoch 823/1000
2026-02-21 06:07:02,032 - steps.encdec - INFO - No improve (84/150)
2026-02-21 06:07:02,032 - steps.encdec - INFO - Epoch 824/1000
2026-02-21 06:08:02,132 - steps.encdec - INFO - No improve (85/150)
2026-02-21 06:08:02,133 - steps.encdec - INFO - Epoch 825/1000
2026-02-21 06:09:02,029 - steps.encdec - INFO - No improve (86/150)
2026-02-21 06:09:02,030 - steps.encdec - INFO - Epoch 826/1000
2026-02-21 06:10:02,667 - steps.encdec - INFO - No improve (87/150)
2026-02-21 06:10:02,667 - steps.encdec - INFO - Epoch 827/1000
2026-02-21 06:11:02,717 - steps.encdec - INFO - No improve (88/150)
2026-02-21 06:11:02,717 - steps.encdec - INFO - Epoch 828/1000
2026-02-21 06:12:02,617 - steps.encdec - INFO - No improve (89/150)
2026-02-21 06:12:02,617 - steps.encdec - INFO - Epoch 829/1000
2026-02-21 06:13:02,765 - steps.encdec - INFO - No improve (90/150)
2026-02-21 06:13:02,765 - steps.encdec - INFO - Epoch 830/1000
2026-02-21 06:14:02,900 - steps.encdec - INFO - No improve (91/150)
2026-02-21 06:14:02,900 - steps.encdec - INFO - Epoch 831/1000
2026-02-21 06:15:03,756 - steps.encdec - INFO - No improve (92/150)
2026-02-21 06:15:03,756 - steps.encdec - INFO - Epoch 832/1000
2026-02-21 06:16:03,840 - steps.encdec - INFO - No improve (93/150)
2026-02-21 06:16:03,840 - steps.encdec - INFO - Epoch 833/1000
2026-02-21 06:17:03,572 - steps.encdec - INFO - No improve (94/150)
2026-02-21 06:17:03,572 - steps.encdec - INFO - Epoch 834/1000
2026-02-21 06:18:03,263 - steps.encdec - INFO - No improve (95/150)
2026-02-21 06:18:03,263 - steps.encdec - INFO - Epoch 835/1000
2026-02-21 06:19:02,786 - steps.encdec - INFO - No improve (96/150)
2026-02-21 06:19:02,786 - steps.encdec - INFO - Epoch 836/1000
2026-02-21 06:20:02,921 - steps.encdec - INFO - No improve (97/150)
2026-02-21 06:20:02,921 - steps.encdec - INFO - Epoch 837/1000
2026-02-21 06:21:02,539 - steps.encdec - INFO - No improve (98/150)
2026-02-21 06:21:02,539 - steps.encdec - INFO - Epoch 838/1000
2026-02-21 06:22:02,166 - steps.encdec - INFO - No improve (99/150)
2026-02-21 06:22:02,166 - steps.encdec - INFO - Epoch 839/1000
2026-02-21 06:23:01,980 - steps.encdec - INFO - No improve (100/150)
2026-02-21 06:23:01,981 - steps.encdec - INFO - Epoch 840/1000
2026-02-21 06:24:01,832 - steps.encdec - INFO - No improve (101/150)
2026-02-21 06:24:01,833 - steps.encdec - INFO - Epoch 841/1000
2026-02-21 06:25:03,945 - steps.encdec - INFO - No improve (102/150)
2026-02-21 06:25:03,945 - steps.encdec - INFO - Epoch 842/1000
2026-02-21 06:26:03,911 - steps.encdec - INFO - No improve (103/150)
2026-02-21 06:26:03,911 - steps.encdec - INFO - Epoch 843/1000
2026-02-21 06:27:03,764 - steps.encdec - INFO - No improve (104/150)
2026-02-21 06:27:03,764 - steps.encdec - INFO - Epoch 844/1000
2026-02-21 06:28:03,624 - steps.encdec - INFO - No improve (105/150)
2026-02-21 06:28:03,624 - steps.encdec - INFO - Epoch 845/1000
2026-02-21 06:29:03,763 - steps.encdec - INFO - No improve (106/150)
2026-02-21 06:29:03,763 - steps.encdec - INFO - Epoch 846/1000
2026-02-21 06:30:04,844 - steps.encdec - INFO - No improve (107/150)
2026-02-21 06:30:04,844 - steps.encdec - INFO - Epoch 847/1000
2026-02-21 06:31:05,044 - steps.encdec - INFO - No improve (108/150)
2026-02-21 06:31:05,045 - steps.encdec - INFO - Epoch 848/1000
2026-02-21 06:32:05,073 - steps.encdec - INFO - No improve (109/150)
2026-02-21 06:32:05,073 - steps.encdec - INFO - Epoch 849/1000
2026-02-21 06:33:05,233 - steps.encdec - INFO - No improve (110/150)
2026-02-21 06:33:05,233 - steps.encdec - INFO - Epoch 850/1000
2026-02-21 06:34:05,399 - steps.encdec - INFO - No improve (111/150)
2026-02-21 06:34:05,399 - steps.encdec - INFO - Epoch 851/1000
2026-02-21 06:35:06,087 - steps.encdec - INFO - No improve (112/150)
2026-02-21 06:35:06,088 - steps.encdec - INFO - Epoch 852/1000
2026-02-21 06:36:06,074 - steps.encdec - INFO - No improve (113/150)
2026-02-21 06:36:06,074 - steps.encdec - INFO - Epoch 853/1000
2026-02-21 06:37:05,900 - steps.encdec - INFO - No improve (114/150)
2026-02-21 06:37:05,901 - steps.encdec - INFO - Epoch 854/1000
2026-02-21 06:38:06,016 - steps.encdec - INFO - No improve (115/150)
2026-02-21 06:38:06,017 - steps.encdec - INFO - Epoch 855/1000
2026-02-21 06:39:05,630 - steps.encdec - INFO - No improve (116/150)
2026-02-21 06:39:05,630 - steps.encdec - INFO - Epoch 856/1000
2026-02-21 06:40:05,976 - steps.encdec - INFO - No improve (117/150)
2026-02-21 06:40:05,976 - steps.encdec - INFO - Epoch 857/1000
2026-02-21 06:41:06,065 - steps.encdec - INFO - No improve (118/150)
2026-02-21 06:41:06,065 - steps.encdec - INFO - Epoch 858/1000
2026-02-21 06:42:05,927 - steps.encdec - INFO - No improve (119/150)
2026-02-21 06:42:05,928 - steps.encdec - INFO - Epoch 859/1000
2026-02-21 06:43:05,786 - steps.encdec - INFO - No improve (120/150)
2026-02-21 06:43:05,786 - steps.encdec - INFO - Epoch 860/1000
2026-02-21 06:44:05,590 - steps.encdec - INFO - No improve (121/150)
2026-02-21 06:44:05,590 - steps.encdec - INFO - Epoch 861/1000
2026-02-21 06:45:06,142 - steps.encdec - INFO - No improve (122/150)
2026-02-21 06:45:06,143 - steps.encdec - INFO - Epoch 862/1000
2026-02-21 06:46:05,883 - steps.encdec - INFO - No improve (123/150)
2026-02-21 06:46:05,884 - steps.encdec - INFO - Epoch 863/1000
2026-02-21 06:47:06,687 - steps.encdec - INFO - No improve (124/150)
2026-02-21 06:47:06,687 - steps.encdec - INFO - Epoch 864/1000
2026-02-21 06:48:06,555 - steps.encdec - INFO - No improve (125/150)
2026-02-21 06:48:06,555 - steps.encdec - INFO - Epoch 865/1000
2026-02-21 06:49:06,367 - steps.encdec - INFO - No improve (126/150)
2026-02-21 06:49:06,367 - steps.encdec - INFO - Epoch 866/1000
2026-02-21 06:50:07,048 - steps.encdec - INFO - No improve (127/150)
2026-02-21 06:50:07,049 - steps.encdec - INFO - Epoch 867/1000
2026-02-21 06:51:06,977 - steps.encdec - INFO - No improve (128/150)
2026-02-21 06:51:06,977 - steps.encdec - INFO - Epoch 868/1000
2026-02-21 06:52:07,007 - steps.encdec - INFO - No improve (129/150)
2026-02-21 06:52:07,007 - steps.encdec - INFO - Epoch 869/1000
2026-02-21 06:53:06,899 - steps.encdec - INFO - No improve (130/150)
2026-02-21 06:53:06,899 - steps.encdec - INFO - Epoch 870/1000
2026-02-21 06:54:06,853 - steps.encdec - INFO - No improve (131/150)
2026-02-21 06:54:06,853 - steps.encdec - INFO - Epoch 871/1000
2026-02-21 06:55:07,277 - steps.encdec - INFO - No improve (132/150)
2026-02-21 06:55:07,278 - steps.encdec - INFO - Epoch 872/1000
2026-02-21 06:56:07,255 - steps.encdec - INFO - No improve (133/150)
2026-02-21 06:56:07,256 - steps.encdec - INFO - Epoch 873/1000
2026-02-21 06:57:07,120 - steps.encdec - INFO - No improve (134/150)
2026-02-21 06:57:07,120 - steps.encdec - INFO - Epoch 874/1000
2026-02-21 06:58:06,874 - steps.encdec - INFO - No improve (135/150)
2026-02-21 06:58:06,874 - steps.encdec - INFO - Epoch 875/1000
2026-02-21 06:59:07,077 - steps.encdec - INFO - No improve (136/150)
2026-02-21 06:59:07,077 - steps.encdec - INFO - Epoch 876/1000
2026-02-21 07:00:07,740 - steps.encdec - INFO - No improve (137/150)
2026-02-21 07:00:07,740 - steps.encdec - INFO - Epoch 877/1000
2026-02-21 07:01:07,757 - steps.encdec - INFO - No improve (138/150)
2026-02-21 07:01:07,757 - steps.encdec - INFO - Epoch 878/1000
2026-02-21 07:02:07,729 - steps.encdec - INFO - No improve (139/150)
2026-02-21 07:02:07,729 - steps.encdec - INFO - Epoch 879/1000
2026-02-21 07:03:07,789 - steps.encdec - INFO - No improve (140/150)
2026-02-21 07:03:07,789 - steps.encdec - INFO - Epoch 880/1000
2026-02-21 07:04:07,429 - steps.encdec - INFO - No improve (141/150)
2026-02-21 07:04:07,430 - steps.encdec - INFO - Epoch 881/1000
2026-02-21 07:05:07,683 - steps.encdec - INFO - No improve (142/150)
2026-02-21 07:05:07,683 - steps.encdec - INFO - Epoch 882/1000
2026-02-21 07:06:07,754 - steps.encdec - INFO - No improve (143/150)
2026-02-21 07:06:07,754 - steps.encdec - INFO - Epoch 883/1000
2026-02-21 07:07:07,475 - steps.encdec - INFO - No improve (144/150)
2026-02-21 07:07:07,475 - steps.encdec - INFO - Epoch 884/1000
2026-02-21 07:08:07,687 - steps.encdec - INFO - No improve (145/150)
2026-02-21 07:08:07,687 - steps.encdec - INFO - Epoch 885/1000
2026-02-21 07:09:08,056 - steps.encdec - INFO - No improve (146/150)
2026-02-21 07:09:08,056 - steps.encdec - INFO - Epoch 886/1000
2026-02-21 07:10:08,733 - steps.encdec - INFO - No improve (147/150)
2026-02-21 07:10:08,733 - steps.encdec - INFO - Epoch 887/1000
2026-02-21 07:11:08,975 - steps.encdec - INFO - No improve (148/150)
2026-02-21 07:11:08,975 - steps.encdec - INFO - Epoch 888/1000
2026-02-21 07:12:09,119 - steps.encdec - INFO - No improve (149/150)
2026-02-21 07:12:09,119 - steps.encdec - INFO - Epoch 889/1000
2026-02-21 07:13:09,202 - steps.encdec - INFO - No improve (150/150)
2026-02-21 07:13:09,202 - steps.encdec - INFO - Early stopping triggered
2026-02-21 07:13:09,202 - steps.encdec - INFO - ==================================================
2026-02-21 07:13:09,202 - steps.encdec - INFO - TRAINING FINISHED
2026-02-21 07:13:09,202 - steps.encdec - INFO - Best Epoch: 739
2026-02-21 07:13:09,202 - steps.encdec - INFO - Best Validation Metrics:
2026-02-21 07:13:09,203 - steps.encdec - INFO -   - total_loss: 0.164522
2026-02-21 07:13:09,203 - steps.encdec - INFO -   - recon_loss: 0.157299
2026-02-21 07:13:09,203 - steps.encdec - INFO -   - recon_data_loss: 0.074190
2026-02-21 07:13:09,203 - steps.encdec - INFO -   - recon_mask_loss: 0.083110
2026-02-21 07:13:09,203 - steps.encdec - INFO -   - kld_loss: 4.369522
2026-02-21 07:13:09,203 - steps.encdec - INFO -   - kld_free: 4.369522
2026-02-21 07:13:09,203 - steps.encdec - INFO -   - causal_loss: 0.028530
2026-02-21 07:13:09,203 - steps.encdec - INFO -   - current_beta: 0.001000
2026-02-21 07:13:09,203 - steps.encdec - INFO - Best Validation Score (recon + gamma*causal): 0.160152
2026-02-21 07:13:09,203 - steps.encdec - INFO - ==================================================
2026-02-21 07:13:10,578 - steps.encdec - INFO - Saved loss curves -> cvae_loss_curves.png
2026-02-21 07:13:27,733 - steps.encdec - INFO - Saved encoded data (shape=(540000, 32)) -> cvae_encoded_data_balanced_enhanced.pkl
2026-02-21 15:15:56,536 - steps.encdec - INFO - Step: encdec | training CausalVAE
2026-02-21 15:15:56,537 - steps.encdec - INFO - Device: cuda
2026-02-21 15:17:34,057 - steps.encdec - INFO - Dims | input_dim=29 seq_len=60 num_total_features=29
2026-02-21 15:17:42,337 - steps.encdec - INFO - Start from scratch | resume=False | ckpt_exists=True
2026-02-21 15:17:42,337 - steps.encdec - INFO - Epoch 1/600
2026-02-21 15:18:46,394 - steps.encdec - INFO - New best val_score=0.136471 | saved ckpt -> cvae_model_balanced_enhanced.pkl
2026-02-21 15:18:46,394 - steps.encdec - INFO - Epoch 2/600
2026-02-21 15:19:45,943 - steps.encdec - INFO - New best val_score=0.087806 | saved ckpt -> cvae_model_balanced_enhanced.pkl
2026-02-21 15:19:45,944 - steps.encdec - INFO - Epoch 3/600
2026-02-21 15:20:45,301 - steps.encdec - INFO - New best val_score=0.081917 | saved ckpt -> cvae_model_balanced_enhanced.pkl
2026-02-21 15:20:45,302 - steps.encdec - INFO - Epoch 4/600
2026-02-21 15:21:44,606 - steps.encdec - INFO - New best val_score=0.079642 | saved ckpt -> cvae_model_balanced_enhanced.pkl
2026-02-21 15:21:44,606 - steps.encdec - INFO - Epoch 5/600
2026-02-21 15:22:43,991 - steps.encdec - INFO - New best val_score=0.076873 | saved ckpt -> cvae_model_balanced_enhanced.pkl
2026-02-21 15:22:43,991 - steps.encdec - INFO - Epoch 6/600
2026-02-21 15:23:43,898 - steps.encdec - INFO - New best val_score=0.075545 | saved ckpt -> cvae_model_balanced_enhanced.pkl
2026-02-21 15:23:43,898 - steps.encdec - INFO - Epoch 7/600
2026-02-21 15:24:43,444 - steps.encdec - INFO - New best val_score=0.075404 | saved ckpt -> cvae_model_balanced_enhanced.pkl
2026-02-21 15:24:43,444 - steps.encdec - INFO - Epoch 8/600
2026-02-21 15:25:42,666 - steps.encdec - INFO - New best val_score=0.074572 | saved ckpt -> cvae_model_balanced_enhanced.pkl
2026-02-21 15:25:42,666 - steps.encdec - INFO - Epoch 9/600
2026-02-21 15:26:41,667 - steps.encdec - INFO - New best val_score=0.073967 | saved ckpt -> cvae_model_balanced_enhanced.pkl
2026-02-21 15:26:41,667 - steps.encdec - INFO - Epoch 10/600
2026-02-21 15:27:40,711 - steps.encdec - INFO - New best val_score=0.073546 | saved ckpt -> cvae_model_balanced_enhanced.pkl
2026-02-21 15:27:40,713 - steps.encdec - INFO - Epoch 11/600
2026-02-21 15:28:40,264 - steps.encdec - INFO - New best val_score=0.073117 | saved ckpt -> cvae_model_balanced_enhanced.pkl
2026-02-21 15:28:40,265 - steps.encdec - INFO - Epoch 12/600
2026-02-21 15:29:39,549 - steps.encdec - INFO - New best val_score=0.072769 | saved ckpt -> cvae_model_balanced_enhanced.pkl
2026-02-21 15:29:39,549 - steps.encdec - INFO - Epoch 13/600
2026-02-21 15:30:38,744 - steps.encdec - INFO - New best val_score=0.072692 | saved ckpt -> cvae_model_balanced_enhanced.pkl
2026-02-21 15:30:38,744 - steps.encdec - INFO - Epoch 14/600
2026-02-21 15:31:38,009 - steps.encdec - INFO - New best val_score=0.072534 | saved ckpt -> cvae_model_balanced_enhanced.pkl
2026-02-21 15:31:38,009 - steps.encdec - INFO - Epoch 15/600
2026-02-21 15:32:37,279 - steps.encdec - INFO - New best val_score=0.072278 | saved ckpt -> cvae_model_balanced_enhanced.pkl
2026-02-21 15:32:37,279 - steps.encdec - INFO - Epoch 16/600
2026-02-21 15:33:37,072 - steps.encdec - INFO - No improve (1/100)
2026-02-21 15:33:37,072 - steps.encdec - INFO - Epoch 17/600
2026-02-21 15:34:36,380 - steps.encdec - INFO - No improve (2/100)
2026-02-21 15:34:36,380 - steps.encdec - INFO - Epoch 18/600
2026-02-21 15:35:35,642 - steps.encdec - INFO - No improve (3/100)
2026-02-21 15:35:35,642 - steps.encdec - INFO - Epoch 19/600
2026-02-21 15:36:34,863 - steps.encdec - INFO - No improve (4/100)
2026-02-21 15:36:34,864 - steps.encdec - INFO - Epoch 20/600
2026-02-21 15:37:34,225 - steps.encdec - INFO - No improve (5/100)
2026-02-21 15:37:34,225 - steps.encdec - INFO - Epoch 21/600
2026-02-21 15:38:33,670 - steps.encdec - INFO - No improve (6/100)
2026-02-21 15:38:33,670 - steps.encdec - INFO - Epoch 22/600
2026-02-21 15:39:32,922 - steps.encdec - INFO - No improve (7/100)
2026-02-21 15:39:32,923 - steps.encdec - INFO - Epoch 23/600
2026-02-21 15:40:32,385 - steps.encdec - INFO - New best val_score=0.071871 | saved ckpt -> cvae_model_balanced_enhanced.pkl
2026-02-21 15:40:32,385 - steps.encdec - INFO - Epoch 24/600
2026-02-21 15:41:31,847 - steps.encdec - INFO - No improve (1/100)
2026-02-21 15:41:31,847 - steps.encdec - INFO - Epoch 25/600
2026-02-21 15:42:30,865 - steps.encdec - INFO - New best val_score=0.071848 | saved ckpt -> cvae_model_balanced_enhanced.pkl
2026-02-21 15:42:30,865 - steps.encdec - INFO - Epoch 26/600
2026-02-21 15:43:30,496 - steps.encdec - INFO - No improve (1/100)
2026-02-21 15:43:30,496 - steps.encdec - INFO - Epoch 27/600
2026-02-21 15:44:29,775 - steps.encdec - INFO - New best val_score=0.071661 | saved ckpt -> cvae_model_balanced_enhanced.pkl
2026-02-21 15:44:29,775 - steps.encdec - INFO - Epoch 28/600
2026-02-21 15:45:29,159 - steps.encdec - INFO - No improve (1/100)
2026-02-21 15:45:29,159 - steps.encdec - INFO - Epoch 29/600
2026-02-21 15:46:28,239 - steps.encdec - INFO - No improve (2/100)
2026-02-21 15:46:28,239 - steps.encdec - INFO - Epoch 30/600
2026-02-21 15:47:27,342 - steps.encdec - INFO - No improve (3/100)
2026-02-21 15:47:27,342 - steps.encdec - INFO - Epoch 31/600
2026-02-21 15:48:26,994 - steps.encdec - INFO - No improve (4/100)
2026-02-21 15:48:26,995 - steps.encdec - INFO - Epoch 32/600
2026-02-21 15:49:26,513 - steps.encdec - INFO - New best val_score=0.071489 | saved ckpt -> cvae_model_balanced_enhanced.pkl
2026-02-21 15:49:26,513 - steps.encdec - INFO - Epoch 33/600
2026-02-21 15:50:25,992 - steps.encdec - INFO - No improve (1/100)
2026-02-21 15:50:25,992 - steps.encdec - INFO - Epoch 34/600
2026-02-21 15:51:25,479 - steps.encdec - INFO - No improve (2/100)
2026-02-21 15:51:25,479 - steps.encdec - INFO - Epoch 35/600
2026-02-21 15:52:24,749 - steps.encdec - INFO - No improve (3/100)
2026-02-21 15:52:24,749 - steps.encdec - INFO - Epoch 36/600
2026-02-21 15:53:24,496 - steps.encdec - INFO - No improve (4/100)
2026-02-21 15:53:24,496 - steps.encdec - INFO - Epoch 37/600
2026-02-21 15:54:23,718 - steps.encdec - INFO - No improve (5/100)
2026-02-21 15:54:23,718 - steps.encdec - INFO - Epoch 38/600
2026-02-21 15:55:23,121 - steps.encdec - INFO - New best val_score=0.071435 | saved ckpt -> cvae_model_balanced_enhanced.pkl
2026-02-21 15:55:23,122 - steps.encdec - INFO - Epoch 39/600
2026-02-21 15:56:22,483 - steps.encdec - INFO - No improve (1/100)
2026-02-21 15:56:22,484 - steps.encdec - INFO - Epoch 40/600
2026-02-21 15:57:21,900 - steps.encdec - INFO - No improve (2/100)
2026-02-21 15:57:21,900 - steps.encdec - INFO - Epoch 41/600
2026-02-21 15:58:21,580 - steps.encdec - INFO - No improve (3/100)
2026-02-21 15:58:21,580 - steps.encdec - INFO - Epoch 42/600
2026-02-21 15:59:20,846 - steps.encdec - INFO - No improve (4/100)
2026-02-21 15:59:20,846 - steps.encdec - INFO - Epoch 43/600
2026-02-21 16:00:20,967 - steps.encdec - INFO - No improve (5/100)
2026-02-21 16:00:20,967 - steps.encdec - INFO - Epoch 44/600
2026-02-21 16:01:21,100 - steps.encdec - INFO - No improve (6/100)
2026-02-21 16:01:21,100 - steps.encdec - INFO - Epoch 45/600
2026-02-21 16:02:21,388 - steps.encdec - INFO - No improve (7/100)
2026-02-21 16:02:21,388 - steps.encdec - INFO - Epoch 46/600
2026-02-21 16:03:21,934 - steps.encdec - INFO - No improve (8/100)
2026-02-21 16:03:21,935 - steps.encdec - INFO - Epoch 47/600
2026-02-21 16:04:21,933 - steps.encdec - INFO - No improve (9/100)
2026-02-21 16:04:21,933 - steps.encdec - INFO - Epoch 48/600
2026-02-21 16:05:21,950 - steps.encdec - INFO - No improve (10/100)
2026-02-21 16:05:21,950 - steps.encdec - INFO - Epoch 49/600
2026-02-21 16:06:22,071 - steps.encdec - INFO - No improve (11/100)
2026-02-21 16:06:22,071 - steps.encdec - INFO - Epoch 50/600
2026-02-21 16:07:22,459 - steps.encdec - INFO - No improve (12/100)
2026-02-21 16:07:22,459 - steps.encdec - INFO - Epoch 51/600
2026-02-21 16:08:23,269 - steps.encdec - INFO - No improve (13/100)
2026-02-21 16:08:23,269 - steps.encdec - INFO - Epoch 52/600
2026-02-21 16:09:23,207 - steps.encdec - INFO - No improve (14/100)
2026-02-21 16:09:23,207 - steps.encdec - INFO - Epoch 53/600
2026-02-21 16:10:23,308 - steps.encdec - INFO - No improve (15/100)
2026-02-21 16:10:23,308 - steps.encdec - INFO - Epoch 54/600
2026-02-21 16:11:23,076 - steps.encdec - INFO - No improve (16/100)
2026-02-21 16:11:23,076 - steps.encdec - INFO - Epoch 55/600
2026-02-21 16:12:23,028 - steps.encdec - INFO - New best val_score=0.071433 | saved ckpt -> cvae_model_balanced_enhanced.pkl
2026-02-21 16:12:23,028 - steps.encdec - INFO - Epoch 56/600
2026-02-21 16:13:23,559 - steps.encdec - INFO - No improve (1/100)
2026-02-21 16:13:23,560 - steps.encdec - INFO - Epoch 57/600
2026-02-21 16:14:23,841 - steps.encdec - INFO - No improve (2/100)
2026-02-21 16:14:23,841 - steps.encdec - INFO - Epoch 58/600
2026-02-21 16:15:24,197 - steps.encdec - INFO - No improve (3/100)
2026-02-21 16:15:24,198 - steps.encdec - INFO - Epoch 59/600
2026-02-21 16:16:24,275 - steps.encdec - INFO - No improve (4/100)
2026-02-21 16:16:24,275 - steps.encdec - INFO - Epoch 60/600
2026-02-21 16:17:23,759 - steps.encdec - INFO - No improve (5/100)
2026-02-21 16:17:23,759 - steps.encdec - INFO - Epoch 61/600
2026-02-21 16:18:23,599 - steps.encdec - INFO - New best val_score=0.070241 | saved ckpt -> cvae_model_balanced_enhanced.pkl
2026-02-21 16:18:23,600 - steps.encdec - INFO - Epoch 62/600
2026-02-21 16:19:23,012 - steps.encdec - INFO - New best val_score=0.070141 | saved ckpt -> cvae_model_balanced_enhanced.pkl
2026-02-21 16:19:23,012 - steps.encdec - INFO - Epoch 63/600
2026-02-21 16:20:22,493 - steps.encdec - INFO - New best val_score=0.070131 | saved ckpt -> cvae_model_balanced_enhanced.pkl
2026-02-21 16:20:22,493 - steps.encdec - INFO - Epoch 64/600
2026-02-21 16:21:22,049 - steps.encdec - INFO - New best val_score=0.070110 | saved ckpt -> cvae_model_balanced_enhanced.pkl
2026-02-21 16:21:22,049 - steps.encdec - INFO - Epoch 65/600
2026-02-21 16:22:21,551 - steps.encdec - INFO - No improve (1/100)
2026-02-21 16:22:21,551 - steps.encdec - INFO - Epoch 66/600
2026-02-21 16:23:21,303 - steps.encdec - INFO - No improve (2/100)
2026-02-21 16:23:21,304 - steps.encdec - INFO - Epoch 67/600
2026-02-21 16:24:20,545 - steps.encdec - INFO - No improve (3/100)
2026-02-21 16:24:20,546 - steps.encdec - INFO - Epoch 68/600
2026-02-21 16:25:19,719 - steps.encdec - INFO - No improve (4/100)
2026-02-21 16:25:19,719 - steps.encdec - INFO - Epoch 69/600
2026-02-21 16:26:18,927 - steps.encdec - INFO - No improve (5/100)
2026-02-21 16:26:18,927 - steps.encdec - INFO - Epoch 70/600
2026-02-21 16:27:17,886 - steps.encdec - INFO - No improve (6/100)
2026-02-21 16:27:17,887 - steps.encdec - INFO - Epoch 71/600
2026-02-21 16:28:17,385 - steps.encdec - INFO - No improve (7/100)
2026-02-21 16:28:17,385 - steps.encdec - INFO - Epoch 72/600
2026-02-21 16:29:16,809 - steps.encdec - INFO - No improve (8/100)
2026-02-21 16:29:16,809 - steps.encdec - INFO - Epoch 73/600
2026-02-21 16:30:16,195 - steps.encdec - INFO - No improve (9/100)
2026-02-21 16:30:16,195 - steps.encdec - INFO - Epoch 74/600
2026-02-21 16:31:15,382 - steps.encdec - INFO - No improve (10/100)
2026-02-21 16:31:15,382 - steps.encdec - INFO - Epoch 75/600
2026-02-21 16:32:14,419 - steps.encdec - INFO - No improve (11/100)
2026-02-21 16:32:14,419 - steps.encdec - INFO - Epoch 76/600
2026-02-21 16:33:13,920 - steps.encdec - INFO - No improve (12/100)
2026-02-21 16:33:13,920 - steps.encdec - INFO - Epoch 77/600
2026-02-21 16:34:13,178 - steps.encdec - INFO - No improve (13/100)
2026-02-21 16:34:13,178 - steps.encdec - INFO - Epoch 78/600
2026-02-21 16:35:12,467 - steps.encdec - INFO - No improve (14/100)
2026-02-21 16:35:12,468 - steps.encdec - INFO - Epoch 79/600
2026-02-21 16:36:11,710 - steps.encdec - INFO - No improve (15/100)
2026-02-21 16:36:11,710 - steps.encdec - INFO - Epoch 80/600
2026-02-21 16:37:10,879 - steps.encdec - INFO - No improve (16/100)
2026-02-21 16:37:10,879 - steps.encdec - INFO - Epoch 81/600
2026-02-21 16:38:10,610 - steps.encdec - INFO - No improve (17/100)
2026-02-21 16:38:10,610 - steps.encdec - INFO - Epoch 82/600
2026-02-21 16:39:09,915 - steps.encdec - INFO - No improve (18/100)
2026-02-21 16:39:09,915 - steps.encdec - INFO - Epoch 83/600
2026-02-21 16:40:09,181 - steps.encdec - INFO - No improve (19/100)
2026-02-21 16:40:09,181 - steps.encdec - INFO - Epoch 84/600
2026-02-21 16:41:08,309 - steps.encdec - INFO - No improve (20/100)
2026-02-21 16:41:08,309 - steps.encdec - INFO - Epoch 85/600
2026-02-21 16:42:07,449 - steps.encdec - INFO - No improve (21/100)
2026-02-21 16:42:07,449 - steps.encdec - INFO - Epoch 86/600
2026-02-21 16:43:07,023 - steps.encdec - INFO - No improve (22/100)
2026-02-21 16:43:07,023 - steps.encdec - INFO - Epoch 87/600
2026-02-21 16:44:05,949 - steps.encdec - INFO - No improve (23/100)
2026-02-21 16:44:05,949 - steps.encdec - INFO - Epoch 88/600
2026-02-21 16:45:05,108 - steps.encdec - INFO - No improve (24/100)
2026-02-21 16:45:05,108 - steps.encdec - INFO - Epoch 89/600
2026-02-21 16:46:04,362 - steps.encdec - INFO - No improve (25/100)
2026-02-21 16:46:04,362 - steps.encdec - INFO - Epoch 90/600
2026-02-21 16:47:03,359 - steps.encdec - INFO - No improve (26/100)
2026-02-21 16:47:03,359 - steps.encdec - INFO - Epoch 91/600
2026-02-21 16:48:03,156 - steps.encdec - INFO - No improve (27/100)
2026-02-21 16:48:03,156 - steps.encdec - INFO - Epoch 92/600
2026-02-21 16:49:02,176 - steps.encdec - INFO - No improve (28/100)
2026-02-21 16:49:02,177 - steps.encdec - INFO - Epoch 93/600
2026-02-21 16:50:01,711 - steps.encdec - INFO - No improve (29/100)
2026-02-21 16:50:01,711 - steps.encdec - INFO - Epoch 94/600
2026-02-21 16:51:00,926 - steps.encdec - INFO - No improve (30/100)
2026-02-21 16:51:00,926 - steps.encdec - INFO - Epoch 95/600
2026-02-21 16:52:00,143 - steps.encdec - INFO - No improve (31/100)
2026-02-21 16:52:00,143 - steps.encdec - INFO - Epoch 96/600
2026-02-21 16:52:59,937 - steps.encdec - INFO - No improve (32/100)
2026-02-21 16:52:59,937 - steps.encdec - INFO - Epoch 97/600
2026-02-21 16:53:59,155 - steps.encdec - INFO - No improve (33/100)
2026-02-21 16:53:59,155 - steps.encdec - INFO - Epoch 98/600
2026-02-21 16:54:57,742 - steps.encdec - INFO - No improve (34/100)
2026-02-21 16:54:57,742 - steps.encdec - INFO - Epoch 99/600
2026-02-21 16:55:56,183 - steps.encdec - INFO - No improve (35/100)
2026-02-21 16:55:56,184 - steps.encdec - INFO - Epoch 100/600
2026-02-21 16:56:55,887 - steps.encdec - INFO - No improve (36/100)
2026-02-21 16:56:55,888 - steps.encdec - INFO - Epoch 101/600
2026-02-21 16:57:55,368 - steps.encdec - INFO - No improve (37/100)
2026-02-21 16:57:55,368 - steps.encdec - INFO - Epoch 102/600
2026-02-21 16:58:54,385 - steps.encdec - INFO - No improve (38/100)
2026-02-21 16:58:54,385 - steps.encdec - INFO - Epoch 103/600
2026-02-21 16:59:53,605 - steps.encdec - INFO - No improve (39/100)
2026-02-21 16:59:53,606 - steps.encdec - INFO - Epoch 104/600
2026-02-21 17:00:52,640 - steps.encdec - INFO - No improve (40/100)
2026-02-21 17:00:52,640 - steps.encdec - INFO - Epoch 105/600
2026-02-21 17:01:51,478 - steps.encdec - INFO - No improve (41/100)
2026-02-21 17:01:51,478 - steps.encdec - INFO - Epoch 106/600
2026-02-21 17:02:51,133 - steps.encdec - INFO - No improve (42/100)
2026-02-21 17:02:51,133 - steps.encdec - INFO - Epoch 107/600
2026-02-21 17:03:50,349 - steps.encdec - INFO - No improve (43/100)
2026-02-21 17:03:50,349 - steps.encdec - INFO - Epoch 108/600
2026-02-21 17:04:49,741 - steps.encdec - INFO - No improve (44/100)
2026-02-21 17:04:49,741 - steps.encdec - INFO - Epoch 109/600
2026-02-21 17:05:48,981 - steps.encdec - INFO - No improve (45/100)
2026-02-21 17:05:48,982 - steps.encdec - INFO - Epoch 110/600
2026-02-21 17:06:48,367 - steps.encdec - INFO - No improve (46/100)
2026-02-21 17:06:48,368 - steps.encdec - INFO - Epoch 111/600
2026-02-21 17:07:47,937 - steps.encdec - INFO - No improve (47/100)
2026-02-21 17:07:47,938 - steps.encdec - INFO - Epoch 112/600
2026-02-21 17:08:47,005 - steps.encdec - INFO - No improve (48/100)
2026-02-21 17:08:47,006 - steps.encdec - INFO - Epoch 113/600
2026-02-21 17:09:46,013 - steps.encdec - INFO - No improve (49/100)
2026-02-21 17:09:46,013 - steps.encdec - INFO - Epoch 114/600
2026-02-21 17:10:45,216 - steps.encdec - INFO - No improve (50/100)
2026-02-21 17:10:45,216 - steps.encdec - INFO - Epoch 115/600
2026-02-21 17:11:44,514 - steps.encdec - INFO - No improve (51/100)
2026-02-21 17:11:44,514 - steps.encdec - INFO - Epoch 116/600
2026-02-21 17:12:44,087 - steps.encdec - INFO - No improve (52/100)
2026-02-21 17:12:44,087 - steps.encdec - INFO - Epoch 117/600
2026-02-21 17:13:43,023 - steps.encdec - INFO - No improve (53/100)
2026-02-21 17:13:43,023 - steps.encdec - INFO - Epoch 118/600
2026-02-21 17:14:42,177 - steps.encdec - INFO - No improve (54/100)
2026-02-21 17:14:42,177 - steps.encdec - INFO - Epoch 119/600
2026-02-21 17:15:41,355 - steps.encdec - INFO - No improve (55/100)
2026-02-21 17:15:41,355 - steps.encdec - INFO - Epoch 120/600
2026-02-21 17:16:40,405 - steps.encdec - INFO - No improve (56/100)
2026-02-21 17:16:40,406 - steps.encdec - INFO - Epoch 121/600
2026-02-21 17:17:40,140 - steps.encdec - INFO - No improve (57/100)
2026-02-21 17:17:40,141 - steps.encdec - INFO - Epoch 122/600
2026-02-21 17:18:39,458 - steps.encdec - INFO - No improve (58/100)
2026-02-21 17:18:39,459 - steps.encdec - INFO - Epoch 123/600
2026-02-21 17:19:38,398 - steps.encdec - INFO - No improve (59/100)
2026-02-21 17:19:38,398 - steps.encdec - INFO - Epoch 124/600
2026-02-21 17:20:37,221 - steps.encdec - INFO - No improve (60/100)
2026-02-21 17:20:37,221 - steps.encdec - INFO - Epoch 125/600
2026-02-21 17:21:36,168 - steps.encdec - INFO - No improve (61/100)
2026-02-21 17:21:36,169 - steps.encdec - INFO - Epoch 126/600
2026-02-21 17:22:35,793 - steps.encdec - INFO - No improve (62/100)
2026-02-21 17:22:35,794 - steps.encdec - INFO - Epoch 127/600
2026-02-21 17:23:34,583 - steps.encdec - INFO - No improve (63/100)
2026-02-21 17:23:34,583 - steps.encdec - INFO - Epoch 128/600
2026-02-21 17:24:33,627 - steps.encdec - INFO - No improve (64/100)
2026-02-21 17:24:33,627 - steps.encdec - INFO - Epoch 129/600
2026-02-21 17:25:32,415 - steps.encdec - INFO - No improve (65/100)
2026-02-21 17:25:32,415 - steps.encdec - INFO - Epoch 130/600
2026-02-21 17:26:31,426 - steps.encdec - INFO - No improve (66/100)
2026-02-21 17:26:31,426 - steps.encdec - INFO - Epoch 131/600
2026-02-21 17:27:30,979 - steps.encdec - INFO - No improve (67/100)
2026-02-21 17:27:30,980 - steps.encdec - INFO - Epoch 132/600
2026-02-21 17:28:29,946 - steps.encdec - INFO - No improve (68/100)
2026-02-21 17:28:29,946 - steps.encdec - INFO - Epoch 133/600
2026-02-21 17:29:28,829 - steps.encdec - INFO - No improve (69/100)
2026-02-21 17:29:28,829 - steps.encdec - INFO - Epoch 134/600
2026-02-21 17:30:27,762 - steps.encdec - INFO - No improve (70/100)
2026-02-21 17:30:27,762 - steps.encdec - INFO - Epoch 135/600
2026-02-21 17:31:26,515 - steps.encdec - INFO - No improve (71/100)
2026-02-21 17:31:26,515 - steps.encdec - INFO - Epoch 136/600
2026-02-21 17:32:25,683 - steps.encdec - INFO - No improve (72/100)
2026-02-21 17:32:25,683 - steps.encdec - INFO - Epoch 137/600
2026-02-21 17:33:24,337 - steps.encdec - INFO - No improve (73/100)
2026-02-21 17:33:24,337 - steps.encdec - INFO - Epoch 138/600
2026-02-21 17:34:22,784 - steps.encdec - INFO - No improve (74/100)
2026-02-21 17:34:22,784 - steps.encdec - INFO - Epoch 139/600
2026-02-21 17:35:21,436 - steps.encdec - INFO - No improve (75/100)
2026-02-21 17:35:21,436 - steps.encdec - INFO - Epoch 140/600
2026-02-21 17:36:20,084 - steps.encdec - INFO - No improve (76/100)
2026-02-21 17:36:20,084 - steps.encdec - INFO - Epoch 141/600
2026-02-21 17:37:19,270 - steps.encdec - INFO - No improve (77/100)
2026-02-21 17:37:19,270 - steps.encdec - INFO - Epoch 142/600
2026-02-21 17:38:17,916 - steps.encdec - INFO - No improve (78/100)
2026-02-21 17:38:17,916 - steps.encdec - INFO - Epoch 143/600
2026-02-21 17:39:16,711 - steps.encdec - INFO - No improve (79/100)
2026-02-21 17:39:16,711 - steps.encdec - INFO - Epoch 144/600
2026-02-21 17:40:15,493 - steps.encdec - INFO - No improve (80/100)
2026-02-21 17:40:15,493 - steps.encdec - INFO - Epoch 145/600
2026-02-21 17:41:14,241 - steps.encdec - INFO - No improve (81/100)
2026-02-21 17:41:14,241 - steps.encdec - INFO - Epoch 146/600
2026-02-21 17:42:13,501 - steps.encdec - INFO - No improve (82/100)
2026-02-21 17:42:13,502 - steps.encdec - INFO - Epoch 147/600
2026-02-21 17:43:12,297 - steps.encdec - INFO - No improve (83/100)
2026-02-21 17:43:12,297 - steps.encdec - INFO - Epoch 148/600
2026-02-21 17:44:10,956 - steps.encdec - INFO - No improve (84/100)
2026-02-21 17:44:10,956 - steps.encdec - INFO - Epoch 149/600
2026-02-21 17:45:09,339 - steps.encdec - INFO - No improve (85/100)
2026-02-21 17:45:09,339 - steps.encdec - INFO - Epoch 150/600
2026-02-21 17:46:08,237 - steps.encdec - INFO - No improve (86/100)
2026-02-21 17:46:08,237 - steps.encdec - INFO - Epoch 151/600
2026-02-21 17:47:07,283 - steps.encdec - INFO - No improve (87/100)
2026-02-21 17:47:07,283 - steps.encdec - INFO - Epoch 152/600
2026-02-21 17:48:05,793 - steps.encdec - INFO - No improve (88/100)
2026-02-21 17:48:05,793 - steps.encdec - INFO - Epoch 153/600
2026-02-21 17:49:04,509 - steps.encdec - INFO - No improve (89/100)
2026-02-21 17:49:04,509 - steps.encdec - INFO - Epoch 154/600
2026-02-21 17:50:03,298 - steps.encdec - INFO - No improve (90/100)
2026-02-21 17:50:03,298 - steps.encdec - INFO - Epoch 155/600
2026-02-21 17:51:02,217 - steps.encdec - INFO - No improve (91/100)
2026-02-21 17:51:02,218 - steps.encdec - INFO - Epoch 156/600
2026-02-21 17:52:01,521 - steps.encdec - INFO - No improve (92/100)
2026-02-21 17:52:01,521 - steps.encdec - INFO - Epoch 157/600
2026-02-21 17:53:00,253 - steps.encdec - INFO - No improve (93/100)
2026-02-21 17:53:00,253 - steps.encdec - INFO - Epoch 158/600
2026-02-21 17:53:58,893 - steps.encdec - INFO - No improve (94/100)
2026-02-21 17:53:58,893 - steps.encdec - INFO - Epoch 159/600
2026-02-21 17:54:57,518 - steps.encdec - INFO - No improve (95/100)
2026-02-21 17:54:57,518 - steps.encdec - INFO - Epoch 160/600
2026-02-21 17:55:55,656 - steps.encdec - INFO - No improve (96/100)
2026-02-21 17:55:55,656 - steps.encdec - INFO - Epoch 161/600
2026-02-21 17:56:55,167 - steps.encdec - INFO - No improve (97/100)
2026-02-21 17:56:55,167 - steps.encdec - INFO - Epoch 162/600
2026-02-21 17:57:53,808 - steps.encdec - INFO - No improve (98/100)
2026-02-21 17:57:53,809 - steps.encdec - INFO - Epoch 163/600
2026-02-21 17:58:52,524 - steps.encdec - INFO - No improve (99/100)
2026-02-21 17:58:52,524 - steps.encdec - INFO - Epoch 164/600
2026-02-21 17:59:51,424 - steps.encdec - INFO - No improve (100/100)
2026-02-21 17:59:51,424 - steps.encdec - INFO - Early stopping triggered
2026-02-21 17:59:51,424 - steps.encdec - INFO - ==================================================
2026-02-21 17:59:51,424 - steps.encdec - INFO - TRAINING FINISHED
2026-02-21 17:59:51,424 - steps.encdec - INFO - Best Epoch: 64
2026-02-21 17:59:51,424 - steps.encdec - INFO - Best Validation Metrics:
2026-02-21 17:59:51,424 - steps.encdec - INFO -   - total_loss: 0.070844
2026-02-21 17:59:51,425 - steps.encdec - INFO -   - recon_loss: 0.013830
2026-02-21 17:59:51,425 - steps.encdec - INFO -   - recon_data_loss: 0.013819
2026-02-21 17:59:51,425 - steps.encdec - INFO -   - recon_mask_loss: 0.000010
2026-02-21 17:59:51,425 - steps.encdec - INFO -   - kld_loss: 12.147382
2026-02-21 17:59:51,425 - steps.encdec - INFO -   - kld_free: 12.224989
2026-02-21 17:59:51,425 - steps.encdec - INFO -   - causal_loss: 0.056280
2026-02-21 17:59:51,425 - steps.encdec - INFO -   - current_beta: 0.000060
2026-02-21 17:59:51,425 - steps.encdec - INFO - Best Validation Score (recon + gamma*causal): 0.070110
2026-02-21 17:59:51,425 - steps.encdec - INFO - ==================================================
2026-02-21 17:59:52,766 - steps.encdec - INFO - Saved loss curves -> cvae_loss_curves.png
2026-02-21 18:00:09,962 - steps.encdec - INFO - Saved encoded data (shape=(540000, 16)) -> cvae_encoded_data_balanced_enhanced.pkl
2026-02-21 22:46:15,210 - steps.encdec - INFO - Step: encdec | training CausalVAE
2026-02-21 22:46:15,222 - steps.encdec - INFO - Device: cuda
2026-02-21 22:48:04,856 - steps.encdec - INFO - Dims | input_dim=29 seq_len=60 num_total_features=29
2026-02-21 22:48:13,638 - steps.encdec - INFO - Start from scratch | resume=False | ckpt_exists=True
2026-02-21 22:48:13,638 - steps.encdec - INFO - Epoch 1/600
2026-02-21 22:49:22,022 - steps.encdec - INFO - New best val_score=0.192800 | saved ckpt -> cvae_model_balanced_enhanced.pkl
2026-02-21 22:49:22,022 - steps.encdec - INFO - Epoch 2/600
2026-02-21 22:50:20,831 - steps.encdec - INFO - New best val_score=0.113867 | saved ckpt -> cvae_model_balanced_enhanced.pkl
2026-02-21 22:50:20,831 - steps.encdec - INFO - Epoch 3/600
2026-02-21 22:51:19,795 - steps.encdec - INFO - New best val_score=0.084060 | saved ckpt -> cvae_model_balanced_enhanced.pkl
2026-02-21 22:51:19,796 - steps.encdec - INFO - Epoch 4/600
2026-02-21 22:52:21,317 - steps.encdec - INFO - New best val_score=0.082930 | saved ckpt -> cvae_model_balanced_enhanced.pkl
2026-02-21 22:52:21,317 - steps.encdec - INFO - Epoch 5/600
2026-02-21 22:53:20,110 - steps.encdec - INFO - New best val_score=0.079504 | saved ckpt -> cvae_model_balanced_enhanced.pkl
2026-02-21 22:53:20,111 - steps.encdec - INFO - Epoch 6/600
2026-02-21 22:54:19,306 - steps.encdec - INFO - No improve (1/100)
2026-02-21 22:54:19,306 - steps.encdec - INFO - Epoch 7/600
2026-02-21 22:55:20,575 - steps.encdec - INFO - New best val_score=0.076774 | saved ckpt -> cvae_model_balanced_enhanced.pkl
2026-02-21 22:55:20,576 - steps.encdec - INFO - Epoch 8/600
2026-02-21 22:56:19,480 - steps.encdec - INFO - New best val_score=0.076627 | saved ckpt -> cvae_model_balanced_enhanced.pkl
2026-02-21 22:56:19,480 - steps.encdec - INFO - Epoch 9/600
2026-02-21 22:57:18,667 - steps.encdec - INFO - No improve (1/100)
2026-02-21 22:57:18,667 - steps.encdec - INFO - Epoch 10/600
2026-02-21 22:58:20,174 - steps.encdec - INFO - New best val_score=0.076049 | saved ckpt -> cvae_model_balanced_enhanced.pkl
2026-02-21 22:58:20,174 - steps.encdec - INFO - Epoch 11/600
2026-02-21 22:59:19,837 - steps.encdec - INFO - New best val_score=0.074908 | saved ckpt -> cvae_model_balanced_enhanced.pkl
2026-02-21 22:59:19,837 - steps.encdec - INFO - Epoch 12/600
2026-02-21 23:00:18,822 - steps.encdec - INFO - No improve (1/100)
2026-02-21 23:00:18,822 - steps.encdec - INFO - Epoch 13/600
2026-02-21 23:01:20,438 - steps.encdec - INFO - No improve (2/100)
2026-02-21 23:01:20,439 - steps.encdec - INFO - Epoch 14/600
2026-02-21 23:02:19,406 - steps.encdec - INFO - New best val_score=0.074626 | saved ckpt -> cvae_model_balanced_enhanced.pkl
2026-02-21 23:02:19,406 - steps.encdec - INFO - Epoch 15/600
2026-02-21 23:03:18,271 - steps.encdec - INFO - No improve (1/100)
2026-02-21 23:03:18,271 - steps.encdec - INFO - Epoch 16/600
2026-02-21 23:04:19,942 - steps.encdec - INFO - No improve (2/100)
2026-02-21 23:04:19,942 - steps.encdec - INFO - Epoch 17/600
2026-02-21 23:05:19,192 - steps.encdec - INFO - No improve (3/100)
2026-02-21 23:05:19,192 - steps.encdec - INFO - Epoch 18/600
2026-02-21 23:06:18,312 - steps.encdec - INFO - No improve (4/100)
2026-02-21 23:06:18,312 - steps.encdec - INFO - Epoch 19/600
2026-02-21 23:07:19,842 - steps.encdec - INFO - No improve (5/100)
2026-02-21 23:07:19,843 - steps.encdec - INFO - Epoch 20/600
2026-02-21 23:08:18,926 - steps.encdec - INFO - New best val_score=0.074537 | saved ckpt -> cvae_model_balanced_enhanced.pkl
2026-02-21 23:08:18,926 - steps.encdec - INFO - Epoch 21/600
2026-02-21 23:09:18,438 - steps.encdec - INFO - New best val_score=0.074219 | saved ckpt -> cvae_model_balanced_enhanced.pkl
2026-02-21 23:09:18,439 - steps.encdec - INFO - Epoch 22/600
2026-02-21 23:10:19,990 - steps.encdec - INFO - No improve (1/100)
2026-02-21 23:10:19,991 - steps.encdec - INFO - Epoch 23/600
2026-02-21 23:11:19,127 - steps.encdec - INFO - New best val_score=0.074040 | saved ckpt -> cvae_model_balanced_enhanced.pkl
2026-02-21 23:11:19,127 - steps.encdec - INFO - Epoch 24/600
2026-02-21 23:12:18,001 - steps.encdec - INFO - New best val_score=0.073865 | saved ckpt -> cvae_model_balanced_enhanced.pkl
2026-02-21 23:12:18,001 - steps.encdec - INFO - Epoch 25/600
2026-02-21 23:13:19,722 - steps.encdec - INFO - No improve (1/100)
2026-02-21 23:13:19,723 - steps.encdec - INFO - Epoch 26/600
2026-02-21 23:14:19,394 - steps.encdec - INFO - No improve (2/100)
2026-02-21 23:14:19,394 - steps.encdec - INFO - Epoch 27/600
2026-02-21 23:15:18,778 - steps.encdec - INFO - New best val_score=0.073817 | saved ckpt -> cvae_model_balanced_enhanced.pkl
2026-02-21 23:15:18,779 - steps.encdec - INFO - Epoch 28/600
2026-02-21 23:16:20,246 - steps.encdec - INFO - No improve (1/100)
2026-02-21 23:16:20,246 - steps.encdec - INFO - Epoch 29/600
2026-02-21 23:17:19,713 - steps.encdec - INFO - No improve (2/100)
2026-02-21 23:17:19,713 - steps.encdec - INFO - Epoch 30/600
2026-02-21 23:18:18,580 - steps.encdec - INFO - New best val_score=0.073805 | saved ckpt -> cvae_model_balanced_enhanced.pkl
2026-02-21 23:18:18,580 - steps.encdec - INFO - Epoch 31/600
2026-02-21 23:19:19,051 - steps.encdec - INFO - No improve (1/100)
2026-02-21 23:19:19,051 - steps.encdec - INFO - Epoch 32/600
2026-02-21 23:20:18,584 - steps.encdec - INFO - No improve (2/100)
2026-02-21 23:20:18,584 - steps.encdec - INFO - Epoch 33/600
2026-02-21 23:21:17,751 - steps.encdec - INFO - No improve (3/100)
2026-02-21 23:21:17,751 - steps.encdec - INFO - Epoch 34/600
2026-02-21 23:22:17,290 - steps.encdec - INFO - New best val_score=0.073621 | saved ckpt -> cvae_model_balanced_enhanced.pkl
2026-02-21 23:22:17,291 - steps.encdec - INFO - Epoch 35/600
2026-02-21 23:23:18,277 - steps.encdec - INFO - No improve (1/100)
2026-02-21 23:23:18,277 - steps.encdec - INFO - Epoch 36/600
2026-02-21 23:24:17,667 - steps.encdec - INFO - No improve (2/100)
2026-02-21 23:24:17,667 - steps.encdec - INFO - Epoch 37/600
2026-02-21 23:25:16,551 - steps.encdec - INFO - New best val_score=0.073578 | saved ckpt -> cvae_model_balanced_enhanced.pkl
2026-02-21 23:25:16,551 - steps.encdec - INFO - Epoch 38/600
2026-02-21 23:26:18,016 - steps.encdec - INFO - New best val_score=0.073414 | saved ckpt -> cvae_model_balanced_enhanced.pkl
2026-02-21 23:26:18,016 - steps.encdec - INFO - Epoch 39/600
2026-02-21 23:27:16,932 - steps.encdec - INFO - New best val_score=0.073375 | saved ckpt -> cvae_model_balanced_enhanced.pkl
2026-02-21 23:27:16,932 - steps.encdec - INFO - Epoch 40/600
2026-02-21 23:28:15,824 - steps.encdec - INFO - No improve (1/100)
2026-02-21 23:28:15,824 - steps.encdec - INFO - Epoch 41/600
2026-02-21 23:29:18,023 - steps.encdec - INFO - New best val_score=0.073187 | saved ckpt -> cvae_model_balanced_enhanced.pkl
2026-02-21 23:29:18,023 - steps.encdec - INFO - Epoch 42/600
2026-02-21 23:30:17,457 - steps.encdec - INFO - No improve (1/100)
2026-02-21 23:30:17,457 - steps.encdec - INFO - Epoch 43/600
2026-02-21 23:31:16,356 - steps.encdec - INFO - No improve (2/100)
2026-02-21 23:31:16,356 - steps.encdec - INFO - Epoch 44/600
2026-02-21 23:32:18,024 - steps.encdec - INFO - New best val_score=0.073146 | saved ckpt -> cvae_model_balanced_enhanced.pkl
2026-02-21 23:32:18,024 - steps.encdec - INFO - Epoch 45/600
2026-02-21 23:33:17,137 - steps.encdec - INFO - No improve (1/100)
2026-02-21 23:33:17,138 - steps.encdec - INFO - Epoch 46/600
2026-02-21 23:34:16,512 - steps.encdec - INFO - No improve (2/100)
2026-02-21 23:34:16,512 - steps.encdec - INFO - Epoch 47/600
2026-02-21 23:35:18,088 - steps.encdec - INFO - No improve (3/100)
2026-02-21 23:35:18,089 - steps.encdec - INFO - Epoch 48/600
2026-02-21 23:36:17,678 - steps.encdec - INFO - No improve (4/100)
2026-02-21 23:36:17,678 - steps.encdec - INFO - Epoch 49/600
2026-02-21 23:37:17,197 - steps.encdec - INFO - No improve (5/100)
2026-02-21 23:37:17,197 - steps.encdec - INFO - Epoch 50/600
2026-02-21 23:38:16,253 - steps.encdec - INFO - No improve (6/100)
2026-02-21 23:38:16,254 - steps.encdec - INFO - Epoch 51/600
2026-02-21 23:39:15,511 - steps.encdec - INFO - New best val_score=0.073132 | saved ckpt -> cvae_model_balanced_enhanced.pkl
2026-02-21 23:39:15,511 - steps.encdec - INFO - Epoch 52/600
2026-02-21 23:40:16,914 - steps.encdec - INFO - No improve (1/100)
2026-02-21 23:40:16,914 - steps.encdec - INFO - Epoch 53/600
2026-02-21 23:41:15,878 - steps.encdec - INFO - No improve (2/100)
2026-02-21 23:41:15,878 - steps.encdec - INFO - Epoch 54/600
2026-02-21 23:42:14,841 - steps.encdec - INFO - No improve (3/100)
2026-02-21 23:42:14,841 - steps.encdec - INFO - Epoch 55/600
2026-02-21 23:43:16,508 - steps.encdec - INFO - No improve (4/100)
2026-02-21 23:43:16,508 - steps.encdec - INFO - Epoch 56/600
2026-02-21 23:44:16,044 - steps.encdec - INFO - No improve (5/100)
2026-02-21 23:44:16,044 - steps.encdec - INFO - Epoch 57/600
2026-02-21 23:45:15,166 - steps.encdec - INFO - No improve (6/100)
2026-02-21 23:45:15,166 - steps.encdec - INFO - Epoch 58/600
2026-02-21 23:46:16,826 - steps.encdec - INFO - No improve (7/100)
2026-02-21 23:46:16,826 - steps.encdec - INFO - Epoch 59/600
2026-02-21 23:47:15,989 - steps.encdec - INFO - No improve (8/100)
2026-02-21 23:47:15,989 - steps.encdec - INFO - Epoch 60/600
2026-02-21 23:48:15,751 - steps.encdec - INFO - No improve (9/100)
2026-02-21 23:48:15,751 - steps.encdec - INFO - Epoch 61/600
2026-02-21 23:49:17,977 - steps.encdec - INFO - New best val_score=0.072972 | saved ckpt -> cvae_model_balanced_enhanced.pkl
2026-02-21 23:49:17,977 - steps.encdec - INFO - Epoch 62/600
2026-02-21 23:50:17,617 - steps.encdec - INFO - No improve (1/100)
2026-02-21 23:50:17,617 - steps.encdec - INFO - Epoch 63/600
2026-02-21 23:51:17,117 - steps.encdec - INFO - No improve (2/100)
2026-02-21 23:51:17,117 - steps.encdec - INFO - Epoch 64/600
2026-02-21 23:52:18,729 - steps.encdec - INFO - No improve (3/100)
2026-02-21 23:52:18,729 - steps.encdec - INFO - Epoch 65/600
2026-02-21 23:53:17,820 - steps.encdec - INFO - No improve (4/100)
2026-02-21 23:53:17,820 - steps.encdec - INFO - Epoch 66/600
2026-02-21 23:54:17,238 - steps.encdec - INFO - No improve (5/100)
2026-02-21 23:54:17,238 - steps.encdec - INFO - Epoch 67/600
2026-02-21 23:55:18,773 - steps.encdec - INFO - No improve (6/100)
2026-02-21 23:55:18,773 - steps.encdec - INFO - Epoch 68/600
2026-02-21 23:56:17,748 - steps.encdec - INFO - No improve (7/100)
2026-02-21 23:56:17,748 - steps.encdec - INFO - Epoch 69/600
2026-02-21 23:57:16,587 - steps.encdec - INFO - No improve (8/100)
2026-02-21 23:57:16,587 - steps.encdec - INFO - Epoch 70/600
2026-02-21 23:58:17,991 - steps.encdec - INFO - No improve (9/100)
2026-02-21 23:58:17,992 - steps.encdec - INFO - Epoch 71/600
2026-02-21 23:59:17,535 - steps.encdec - INFO - No improve (10/100)
2026-02-21 23:59:17,535 - steps.encdec - INFO - Epoch 72/600
2026-02-22 00:00:16,810 - steps.encdec - INFO - No improve (11/100)
2026-02-22 00:00:16,810 - steps.encdec - INFO - Epoch 73/600
2026-02-22 00:01:18,353 - steps.encdec - INFO - No improve (12/100)
2026-02-22 00:01:18,353 - steps.encdec - INFO - Epoch 74/600
2026-02-22 00:02:17,356 - steps.encdec - INFO - No improve (13/100)
2026-02-22 00:02:17,356 - steps.encdec - INFO - Epoch 75/600
2026-02-22 00:03:16,176 - steps.encdec - INFO - No improve (14/100)
2026-02-22 00:03:16,176 - steps.encdec - INFO - Epoch 76/600
2026-02-22 00:04:17,733 - steps.encdec - INFO - No improve (15/100)
2026-02-22 00:04:17,733 - steps.encdec - INFO - Epoch 77/600
2026-02-22 00:05:16,989 - steps.encdec - INFO - No improve (16/100)
2026-02-22 00:05:16,990 - steps.encdec - INFO - Epoch 78/600
2026-02-22 00:06:15,911 - steps.encdec - INFO - No improve (17/100)
2026-02-22 00:06:15,912 - steps.encdec - INFO - Epoch 79/600
2026-02-22 00:07:15,781 - steps.encdec - INFO - No improve (18/100)
2026-02-22 00:07:15,781 - steps.encdec - INFO - Epoch 80/600
2026-02-22 00:08:15,367 - steps.encdec - INFO - No improve (19/100)
2026-02-22 00:08:15,367 - steps.encdec - INFO - Epoch 81/600
2026-02-22 00:09:15,212 - steps.encdec - INFO - No improve (20/100)
2026-02-22 00:09:15,213 - steps.encdec - INFO - Epoch 82/600
2026-02-22 00:10:14,746 - steps.encdec - INFO - No improve (21/100)
2026-02-22 00:10:14,747 - steps.encdec - INFO - Epoch 83/600
2026-02-22 00:11:16,282 - steps.encdec - INFO - No improve (22/100)
2026-02-22 00:11:16,282 - steps.encdec - INFO - Epoch 84/600
2026-02-22 00:12:15,445 - steps.encdec - INFO - No improve (23/100)
2026-02-22 00:12:15,445 - steps.encdec - INFO - Epoch 85/600
2026-02-22 00:13:14,415 - steps.encdec - INFO - No improve (24/100)
2026-02-22 00:13:14,416 - steps.encdec - INFO - Epoch 86/600
2026-02-22 00:14:16,907 - steps.encdec - INFO - No improve (25/100)
2026-02-22 00:14:16,907 - steps.encdec - INFO - Epoch 87/600
2026-02-22 00:15:16,240 - steps.encdec - INFO - No improve (26/100)
2026-02-22 00:15:16,240 - steps.encdec - INFO - Epoch 88/600
2026-02-22 00:16:15,665 - steps.encdec - INFO - No improve (27/100)
2026-02-22 00:16:15,666 - steps.encdec - INFO - Epoch 89/600
2026-02-22 00:17:17,386 - steps.encdec - INFO - No improve (28/100)
2026-02-22 00:17:17,386 - steps.encdec - INFO - Epoch 90/600
2026-02-22 00:18:16,710 - steps.encdec - INFO - No improve (29/100)
2026-02-22 00:18:16,710 - steps.encdec - INFO - Epoch 91/600
2026-02-22 00:19:16,403 - steps.encdec - INFO - No improve (30/100)
2026-02-22 00:19:16,404 - steps.encdec - INFO - Epoch 92/600
2026-02-22 00:20:18,083 - steps.encdec - INFO - No improve (31/100)
2026-02-22 00:20:18,084 - steps.encdec - INFO - Epoch 93/600
2026-02-22 00:21:17,332 - steps.encdec - INFO - No improve (32/100)
2026-02-22 00:21:17,332 - steps.encdec - INFO - Epoch 94/600
2026-02-22 00:22:16,730 - steps.encdec - INFO - No improve (33/100)
2026-02-22 00:22:16,731 - steps.encdec - INFO - Epoch 95/600
2026-02-22 00:23:18,118 - steps.encdec - INFO - No improve (34/100)
2026-02-22 00:23:18,119 - steps.encdec - INFO - Epoch 96/600
2026-02-22 00:24:17,672 - steps.encdec - INFO - No improve (35/100)
2026-02-22 00:24:17,672 - steps.encdec - INFO - Epoch 97/600
2026-02-22 00:25:16,631 - steps.encdec - INFO - No improve (36/100)
2026-02-22 00:25:16,631 - steps.encdec - INFO - Epoch 98/600
2026-02-22 00:26:18,081 - steps.encdec - INFO - No improve (37/100)
2026-02-22 00:26:18,082 - steps.encdec - INFO - Epoch 99/600
2026-02-22 00:27:17,100 - steps.encdec - INFO - No improve (38/100)
2026-02-22 00:27:17,100 - steps.encdec - INFO - Epoch 100/600
2026-02-22 00:28:15,962 - steps.encdec - INFO - No improve (39/100)
2026-02-22 00:28:15,962 - steps.encdec - INFO - Epoch 101/600
2026-02-22 00:29:17,780 - steps.encdec - INFO - No improve (40/100)
2026-02-22 00:29:17,780 - steps.encdec - INFO - Epoch 102/600
2026-02-22 00:30:17,275 - steps.encdec - INFO - No improve (41/100)
2026-02-22 00:30:17,276 - steps.encdec - INFO - Epoch 103/600
2026-02-22 00:31:16,672 - steps.encdec - INFO - No improve (42/100)
2026-02-22 00:31:16,672 - steps.encdec - INFO - Epoch 104/600
2026-02-22 00:32:18,220 - steps.encdec - INFO - No improve (43/100)
2026-02-22 00:32:18,220 - steps.encdec - INFO - Epoch 105/600
2026-02-22 00:33:17,081 - steps.encdec - INFO - No improve (44/100)
2026-02-22 00:33:17,081 - steps.encdec - INFO - Epoch 106/600
2026-02-22 00:34:16,672 - steps.encdec - INFO - No improve (45/100)
2026-02-22 00:34:16,672 - steps.encdec - INFO - Epoch 107/600
2026-02-22 00:35:18,175 - steps.encdec - INFO - No improve (46/100)
2026-02-22 00:35:18,175 - steps.encdec - INFO - Epoch 108/600
2026-02-22 00:36:17,271 - steps.encdec - INFO - No improve (47/100)
2026-02-22 00:36:17,271 - steps.encdec - INFO - Epoch 109/600
2026-02-22 00:37:16,434 - steps.encdec - INFO - No improve (48/100)
2026-02-22 00:37:16,434 - steps.encdec - INFO - Epoch 110/600
2026-02-22 00:38:17,019 - steps.encdec - INFO - No improve (49/100)
2026-02-22 00:38:17,019 - steps.encdec - INFO - Epoch 111/600
2026-02-22 00:39:16,378 - steps.encdec - INFO - No improve (50/100)
2026-02-22 00:39:16,378 - steps.encdec - INFO - Epoch 112/600
2026-02-22 00:40:15,735 - steps.encdec - INFO - No improve (51/100)
2026-02-22 00:40:15,736 - steps.encdec - INFO - Epoch 113/600
2026-02-22 00:41:15,980 - steps.encdec - INFO - No improve (52/100)
2026-02-22 00:41:15,980 - steps.encdec - INFO - Epoch 114/600
2026-02-22 00:42:16,273 - steps.encdec - INFO - No improve (53/100)
2026-02-22 00:42:16,273 - steps.encdec - INFO - Epoch 115/600
2026-02-22 00:43:15,144 - steps.encdec - INFO - No improve (54/100)
2026-02-22 00:43:15,145 - steps.encdec - INFO - Epoch 116/600
2026-02-22 00:44:15,058 - steps.encdec - INFO - No improve (55/100)
2026-02-22 00:44:15,058 - steps.encdec - INFO - Epoch 117/600
2026-02-22 00:45:14,133 - steps.encdec - INFO - No improve (56/100)
2026-02-22 00:45:14,134 - steps.encdec - INFO - Epoch 118/600
2026-02-22 00:46:15,716 - steps.encdec - INFO - No improve (57/100)
2026-02-22 00:46:15,716 - steps.encdec - INFO - Epoch 119/600
2026-02-22 00:47:14,991 - steps.encdec - INFO - No improve (58/100)
2026-02-22 00:47:14,992 - steps.encdec - INFO - Epoch 120/600
2026-02-22 00:48:14,200 - steps.encdec - INFO - No improve (59/100)
2026-02-22 00:48:14,200 - steps.encdec - INFO - Epoch 121/600
2026-02-22 00:49:16,010 - steps.encdec - INFO - No improve (60/100)
2026-02-22 00:49:16,010 - steps.encdec - INFO - Epoch 122/600
2026-02-22 00:50:15,046 - steps.encdec - INFO - No improve (61/100)
2026-02-22 00:50:15,046 - steps.encdec - INFO - Epoch 123/600
2026-02-22 00:51:13,831 - steps.encdec - INFO - No improve (62/100)
2026-02-22 00:51:13,831 - steps.encdec - INFO - Epoch 124/600
2026-02-22 00:52:14,936 - steps.encdec - INFO - No improve (63/100)
2026-02-22 00:52:14,936 - steps.encdec - INFO - Epoch 125/600
2026-02-22 00:53:13,794 - steps.encdec - INFO - No improve (64/100)
2026-02-22 00:53:13,795 - steps.encdec - INFO - Epoch 126/600
2026-02-22 00:54:12,959 - steps.encdec - INFO - No improve (65/100)
2026-02-22 00:54:12,959 - steps.encdec - INFO - Epoch 127/600
2026-02-22 00:55:13,094 - steps.encdec - INFO - No improve (66/100)
2026-02-22 00:55:13,094 - steps.encdec - INFO - Epoch 128/600
2026-02-22 00:56:12,461 - steps.encdec - INFO - No improve (67/100)
2026-02-22 00:56:12,461 - steps.encdec - INFO - Epoch 129/600
2026-02-22 00:57:11,437 - steps.encdec - INFO - No improve (68/100)
2026-02-22 00:57:11,438 - steps.encdec - INFO - Epoch 130/600
2026-02-22 00:58:10,197 - steps.encdec - INFO - No improve (69/100)
2026-02-22 00:58:10,197 - steps.encdec - INFO - Epoch 131/600
2026-02-22 00:59:11,659 - steps.encdec - INFO - No improve (70/100)
2026-02-22 00:59:11,659 - steps.encdec - INFO - Epoch 132/600
2026-02-22 01:00:10,713 - steps.encdec - INFO - No improve (71/100)
2026-02-22 01:00:10,713 - steps.encdec - INFO - Epoch 133/600
2026-02-22 01:01:10,076 - steps.encdec - INFO - No improve (72/100)
2026-02-22 01:01:10,076 - steps.encdec - INFO - Epoch 134/600
2026-02-22 01:02:11,338 - steps.encdec - INFO - No improve (73/100)
2026-02-22 01:02:11,339 - steps.encdec - INFO - Epoch 135/600
2026-02-22 01:03:10,352 - steps.encdec - INFO - No improve (74/100)
2026-02-22 01:03:10,352 - steps.encdec - INFO - Epoch 136/600
2026-02-22 01:04:09,854 - steps.encdec - INFO - No improve (75/100)
2026-02-22 01:04:09,854 - steps.encdec - INFO - Epoch 137/600
2026-02-22 01:05:11,699 - steps.encdec - INFO - No improve (76/100)
2026-02-22 01:05:11,700 - steps.encdec - INFO - Epoch 138/600
2026-02-22 01:06:10,935 - steps.encdec - INFO - No improve (77/100)
2026-02-22 01:06:10,935 - steps.encdec - INFO - Epoch 139/600
2026-02-22 01:07:10,203 - steps.encdec - INFO - No improve (78/100)
2026-02-22 01:07:10,203 - steps.encdec - INFO - Epoch 140/600
2026-02-22 01:08:11,711 - steps.encdec - INFO - No improve (79/100)
2026-02-22 01:08:11,712 - steps.encdec - INFO - Epoch 141/600
2026-02-22 01:09:10,959 - steps.encdec - INFO - No improve (80/100)
2026-02-22 01:09:10,959 - steps.encdec - INFO - Epoch 142/600
2026-02-22 01:10:09,902 - steps.encdec - INFO - No improve (81/100)
2026-02-22 01:10:09,902 - steps.encdec - INFO - Epoch 143/600
2026-02-22 01:11:11,213 - steps.encdec - INFO - No improve (82/100)
2026-02-22 01:11:11,213 - steps.encdec - INFO - Epoch 144/600
2026-02-22 01:12:10,360 - steps.encdec - INFO - No improve (83/100)
2026-02-22 01:12:10,360 - steps.encdec - INFO - Epoch 145/600
2026-02-22 01:13:09,271 - steps.encdec - INFO - No improve (84/100)
2026-02-22 01:13:09,271 - steps.encdec - INFO - Epoch 146/600
2026-02-22 01:14:10,902 - steps.encdec - INFO - No improve (85/100)
2026-02-22 01:14:10,902 - steps.encdec - INFO - Epoch 147/600
2026-02-22 01:15:10,154 - steps.encdec - INFO - No improve (86/100)
2026-02-22 01:15:10,154 - steps.encdec - INFO - Epoch 148/600
2026-02-22 01:16:09,534 - steps.encdec - INFO - No improve (87/100)
2026-02-22 01:16:09,534 - steps.encdec - INFO - Epoch 149/600
2026-02-22 01:17:11,090 - steps.encdec - INFO - No improve (88/100)
2026-02-22 01:17:11,091 - steps.encdec - INFO - Epoch 150/600
2026-02-22 01:18:10,351 - steps.encdec - INFO - No improve (89/100)
2026-02-22 01:18:10,351 - steps.encdec - INFO - Epoch 151/600
2026-02-22 01:19:10,003 - steps.encdec - INFO - No improve (90/100)
2026-02-22 01:19:10,003 - steps.encdec - INFO - Epoch 152/600
2026-02-22 01:20:11,607 - steps.encdec - INFO - No improve (91/100)
2026-02-22 01:20:11,607 - steps.encdec - INFO - Epoch 153/600
2026-02-22 01:21:11,021 - steps.encdec - INFO - No improve (92/100)
2026-02-22 01:21:11,021 - steps.encdec - INFO - Epoch 154/600
2026-02-22 01:22:10,088 - steps.encdec - INFO - No improve (93/100)
2026-02-22 01:22:10,088 - steps.encdec - INFO - Epoch 155/600
2026-02-22 01:23:11,237 - steps.encdec - INFO - No improve (94/100)
2026-02-22 01:23:11,237 - steps.encdec - INFO - Epoch 156/600
2026-02-22 01:24:11,036 - steps.encdec - INFO - No improve (95/100)
2026-02-22 01:24:11,036 - steps.encdec - INFO - Epoch 157/600
2026-02-22 01:25:10,479 - steps.encdec - INFO - No improve (96/100)
2026-02-22 01:25:10,480 - steps.encdec - INFO - Epoch 158/600
2026-02-22 01:26:11,492 - steps.encdec - INFO - No improve (97/100)
2026-02-22 01:26:11,492 - steps.encdec - INFO - Epoch 159/600
2026-02-22 01:27:10,569 - steps.encdec - INFO - No improve (98/100)
2026-02-22 01:27:10,569 - steps.encdec - INFO - Epoch 160/600
2026-02-22 01:28:09,523 - steps.encdec - INFO - No improve (99/100)
2026-02-22 01:28:09,523 - steps.encdec - INFO - Epoch 161/600
2026-02-22 01:29:09,683 - steps.encdec - INFO - No improve (100/100)
2026-02-22 01:29:09,684 - steps.encdec - INFO - Early stopping triggered
2026-02-22 01:29:09,684 - steps.encdec - INFO - ==================================================
2026-02-22 01:29:09,684 - steps.encdec - INFO - TRAINING FINISHED
2026-02-22 01:29:09,684 - steps.encdec - INFO - Best Epoch: 61
2026-02-22 01:29:09,684 - steps.encdec - INFO - Best Validation Metrics:
2026-02-22 01:29:09,684 - steps.encdec - INFO -   - total_loss: 0.078360
2026-02-22 01:29:09,684 - steps.encdec - INFO -   - recon_loss: 0.016690
2026-02-22 01:29:09,684 - steps.encdec - INFO -   - recon_data_loss: 0.016403
2026-02-22 01:29:09,684 - steps.encdec - INFO -   - recon_mask_loss: 0.000287
2026-02-22 01:29:09,684 - steps.encdec - INFO -   - kld_loss: 7.138180
2026-02-22 01:29:09,685 - steps.encdec - INFO -   - kld_free: 7.184008
2026-02-22 01:29:09,685 - steps.encdec - INFO -   - causal_loss: 0.056282
2026-02-22 01:29:09,685 - steps.encdec - INFO -   - current_beta: 0.000750
2026-02-22 01:29:09,685 - steps.encdec - INFO - Best Validation Score (recon + gamma*causal): 0.072972
2026-02-22 01:29:09,685 - steps.encdec - INFO - ==================================================
2026-02-22 01:29:11,044 - steps.encdec - INFO - Saved loss curves -> cvae_loss_curves.png
2026-02-22 01:29:28,237 - steps.encdec - INFO - Saved encoded data (shape=(540000, 16)) -> cvae_encoded_data_balanced_enhanced.pkl
2026-02-22 16:00:17,637 - steps.encdec - INFO - Step: encdec | training CausalVAE
2026-02-22 16:00:17,638 - steps.encdec - INFO - Device: cuda
2026-02-22 16:08:23,748 - steps.encdec - INFO - Dims | input_dim=29 seq_len=60 num_total_features=29
2026-02-22 16:08:33,023 - steps.encdec - INFO - Start from scratch | resume=False | ckpt_exists=True
2026-02-22 16:08:33,023 - steps.encdec - INFO - Epoch 1/600
2026-02-22 16:09:34,137 - encdec_trainer - INFO - [latent] epoch=0 mu_var=57.6321 mu_abs=7.32573 logvar_mean=-18.8034 logvar_min=-67.2 logvar_max=-5.72
2026-02-22 16:09:40,245 - steps.encdec - INFO - New best val_score=0.239919 | saved ckpt -> cvae_model_balanced_enhanced.pkl
2026-02-22 16:09:40,245 - steps.encdec - INFO - Epoch 2/600
2026-02-22 16:10:40,904 - steps.encdec - INFO - New best val_score=0.126653 | saved ckpt -> cvae_model_balanced_enhanced.pkl
2026-02-22 16:10:40,904 - steps.encdec - INFO - Epoch 3/600
2026-02-22 16:11:41,591 - steps.encdec - INFO - New best val_score=0.085998 | saved ckpt -> cvae_model_balanced_enhanced.pkl
2026-02-22 16:11:41,591 - steps.encdec - INFO - Epoch 4/600
2026-02-22 16:12:42,312 - steps.encdec - INFO - New best val_score=0.081082 | saved ckpt -> cvae_model_balanced_enhanced.pkl
2026-02-22 16:12:42,312 - steps.encdec - INFO - Epoch 5/600
2026-02-22 16:13:43,554 - steps.encdec - INFO - New best val_score=0.078002 | saved ckpt -> cvae_model_balanced_enhanced.pkl
2026-02-22 16:13:43,554 - steps.encdec - INFO - Epoch 6/600
2026-02-22 16:14:45,269 - steps.encdec - INFO - New best val_score=0.075929 | saved ckpt -> cvae_model_balanced_enhanced.pkl
2026-02-22 16:14:45,269 - steps.encdec - INFO - Epoch 7/600
2026-02-22 16:15:46,519 - steps.encdec - INFO - New best val_score=0.074484 | saved ckpt -> cvae_model_balanced_enhanced.pkl
2026-02-22 16:15:46,519 - steps.encdec - INFO - Epoch 8/600
2026-02-22 16:16:47,673 - steps.encdec - INFO - New best val_score=0.073285 | saved ckpt -> cvae_model_balanced_enhanced.pkl
2026-02-22 16:16:47,673 - steps.encdec - INFO - Epoch 9/600
2026-02-22 16:17:48,736 - steps.encdec - INFO - New best val_score=0.073070 | saved ckpt -> cvae_model_balanced_enhanced.pkl
2026-02-22 16:17:48,736 - steps.encdec - INFO - Epoch 10/600
2026-02-22 16:18:49,744 - steps.encdec - INFO - New best val_score=0.072722 | saved ckpt -> cvae_model_balanced_enhanced.pkl
2026-02-22 16:18:49,744 - steps.encdec - INFO - Epoch 11/600
2026-02-22 16:19:45,268 - encdec_trainer - INFO - [latent] epoch=10 mu_var=18.3812 mu_abs=3.74138 logvar_mean=-15.9179 logvar_min=-31.3 logvar_max=-9.39
2026-02-22 16:19:51,034 - steps.encdec - INFO - New best val_score=0.072340 | saved ckpt -> cvae_model_balanced_enhanced.pkl
2026-02-22 16:19:51,034 - steps.encdec - INFO - Epoch 12/600
2026-02-22 16:20:52,186 - steps.encdec - INFO - New best val_score=0.072314 | saved ckpt -> cvae_model_balanced_enhanced.pkl
2026-02-22 16:20:52,187 - steps.encdec - INFO - Epoch 13/600
2026-02-22 16:21:53,048 - steps.encdec - INFO - No improve (1/100)
2026-02-22 16:21:53,048 - steps.encdec - INFO - Epoch 14/600
2026-02-22 16:22:54,062 - steps.encdec - INFO - No improve (2/100)
2026-02-22 16:22:54,062 - steps.encdec - INFO - Epoch 15/600
2026-02-22 16:23:55,210 - steps.encdec - INFO - No improve (3/100)
2026-02-22 16:23:55,210 - steps.encdec - INFO - Epoch 16/600
2026-02-22 16:24:56,283 - steps.encdec - INFO - No improve (4/100)
2026-02-22 16:24:56,283 - steps.encdec - INFO - Epoch 17/600
2026-02-22 16:25:56,934 - steps.encdec - INFO - No improve (5/100)
2026-02-22 16:25:56,934 - steps.encdec - INFO - Epoch 18/600
2026-02-22 16:26:57,538 - steps.encdec - INFO - No improve (6/100)
2026-02-22 16:26:57,538 - steps.encdec - INFO - Epoch 19/600
2026-02-22 16:27:58,365 - steps.encdec - INFO - No improve (7/100)
2026-02-22 16:27:58,365 - steps.encdec - INFO - Epoch 20/600
2026-02-22 16:28:59,309 - steps.encdec - INFO - New best val_score=0.072176 | saved ckpt -> cvae_model_balanced_enhanced.pkl
2026-02-22 16:28:59,309 - steps.encdec - INFO - Epoch 21/600
2026-02-22 16:29:54,678 - encdec_trainer - INFO - [latent] epoch=20 mu_var=0.601627 mu_abs=0.517131 logvar_mean=-2.94311 logvar_min=-6.76 logvar_max=0.431
2026-02-22 16:30:00,461 - steps.encdec - INFO - No improve (1/100)
2026-02-22 16:30:00,461 - steps.encdec - INFO - Epoch 22/600
2026-02-22 16:31:01,190 - steps.encdec - INFO - New best val_score=0.072116 | saved ckpt -> cvae_model_balanced_enhanced.pkl
2026-02-22 16:31:01,190 - steps.encdec - INFO - Epoch 23/600
2026-02-22 16:32:01,460 - steps.encdec - INFO - No improve (1/100)
2026-02-22 16:32:01,460 - steps.encdec - INFO - Epoch 24/600
2026-02-22 16:33:00,769 - steps.encdec - INFO - No improve (2/100)
2026-02-22 16:33:00,769 - steps.encdec - INFO - Epoch 25/600
2026-02-22 16:34:00,227 - steps.encdec - INFO - No improve (3/100)
2026-02-22 16:34:00,227 - steps.encdec - INFO - Epoch 26/600
2026-02-22 16:34:59,926 - steps.encdec - INFO - New best val_score=0.072013 | saved ckpt -> cvae_model_balanced_enhanced.pkl
2026-02-22 16:34:59,926 - steps.encdec - INFO - Epoch 27/600
2026-02-22 16:35:59,410 - steps.encdec - INFO - No improve (1/100)
2026-02-22 16:35:59,410 - steps.encdec - INFO - Epoch 28/600
2026-02-22 16:36:58,541 - steps.encdec - INFO - New best val_score=0.072003 | saved ckpt -> cvae_model_balanced_enhanced.pkl
2026-02-22 16:36:58,541 - steps.encdec - INFO - Epoch 29/600
2026-02-22 16:37:57,560 - steps.encdec - INFO - New best val_score=0.071817 | saved ckpt -> cvae_model_balanced_enhanced.pkl
2026-02-22 16:37:57,560 - steps.encdec - INFO - Epoch 30/600
2026-02-22 16:38:56,665 - steps.encdec - INFO - No improve (1/100)
2026-02-22 16:38:56,665 - steps.encdec - INFO - Epoch 31/600
2026-02-22 16:39:50,623 - encdec_trainer - INFO - [latent] epoch=30 mu_var=0.280683 mu_abs=0.276243 logvar_mean=-1.61772 logvar_min=-7.19 logvar_max=0.515
2026-02-22 16:39:56,224 - steps.encdec - INFO - New best val_score=0.071726 | saved ckpt -> cvae_model_balanced_enhanced.pkl
2026-02-22 16:39:56,225 - steps.encdec - INFO - Epoch 32/600
2026-02-22 16:40:55,428 - steps.encdec - INFO - No improve (1/100)
2026-02-22 16:40:55,428 - steps.encdec - INFO - Epoch 33/600
2026-02-22 16:41:54,568 - steps.encdec - INFO - No improve (2/100)
2026-02-22 16:41:54,568 - steps.encdec - INFO - Epoch 34/600
2026-02-22 16:42:53,604 - steps.encdec - INFO - No improve (3/100)
2026-02-22 16:42:53,604 - steps.encdec - INFO - Epoch 35/600
2026-02-22 16:43:52,745 - steps.encdec - INFO - New best val_score=0.071699 | saved ckpt -> cvae_model_balanced_enhanced.pkl
2026-02-22 16:43:52,746 - steps.encdec - INFO - Epoch 36/600
2026-02-22 16:44:52,183 - steps.encdec - INFO - New best val_score=0.071539 | saved ckpt -> cvae_model_balanced_enhanced.pkl
2026-02-22 16:44:52,183 - steps.encdec - INFO - Epoch 37/600
2026-02-22 16:45:51,483 - steps.encdec - INFO - No improve (1/100)
2026-02-22 16:45:51,483 - steps.encdec - INFO - Epoch 38/600
2026-02-22 16:46:50,785 - steps.encdec - INFO - No improve (2/100)
2026-02-22 16:46:50,786 - steps.encdec - INFO - Epoch 39/600
2026-02-22 16:47:49,809 - steps.encdec - INFO - No improve (3/100)
2026-02-22 16:47:49,810 - steps.encdec - INFO - Epoch 40/600
2026-02-22 16:48:48,746 - steps.encdec - INFO - No improve (4/100)
2026-02-22 16:48:48,747 - steps.encdec - INFO - Epoch 41/600
2026-02-22 16:49:42,722 - encdec_trainer - INFO - [latent] epoch=40 mu_var=0.243006 mu_abs=0.24159 logvar_mean=-1.56235 logvar_min=-7.15 logvar_max=0.134
2026-02-22 16:49:48,390 - steps.encdec - INFO - No improve (5/100)
2026-02-22 16:49:48,390 - steps.encdec - INFO - Epoch 42/600
2026-02-22 16:50:47,925 - steps.encdec - INFO - No improve (6/100)
2026-02-22 16:50:47,925 - steps.encdec - INFO - Epoch 43/600
2026-02-22 16:51:47,339 - steps.encdec - INFO - No improve (7/100)
2026-02-22 16:51:47,339 - steps.encdec - INFO - Epoch 44/600
2026-02-22 16:52:46,315 - steps.encdec - INFO - No improve (8/100)
2026-02-22 16:52:46,315 - steps.encdec - INFO - Epoch 45/600
2026-02-22 16:53:45,322 - steps.encdec - INFO - No improve (9/100)
2026-02-22 16:53:45,323 - steps.encdec - INFO - Epoch 46/600
2026-02-22 16:54:44,796 - steps.encdec - INFO - No improve (10/100)
2026-02-22 16:54:44,796 - steps.encdec - INFO - Epoch 47/600
2026-02-22 16:55:44,131 - steps.encdec - INFO - No improve (11/100)
2026-02-22 16:55:44,131 - steps.encdec - INFO - Epoch 48/600
2026-02-22 16:56:43,581 - steps.encdec - INFO - No improve (12/100)
2026-02-22 16:56:43,581 - steps.encdec - INFO - Epoch 49/600
2026-02-22 16:57:42,737 - steps.encdec - INFO - No improve (13/100)
2026-02-22 16:57:42,738 - steps.encdec - INFO - Epoch 50/600
2026-02-22 16:58:41,882 - steps.encdec - INFO - No improve (14/100)
2026-02-22 16:58:41,882 - steps.encdec - INFO - Epoch 51/600
2026-02-22 16:59:35,943 - encdec_trainer - INFO - [latent] epoch=50 mu_var=0.235711 mu_abs=0.241515 logvar_mean=-1.42911 logvar_min=-6.66 logvar_max=0.376
2026-02-22 16:59:41,566 - steps.encdec - INFO - No improve (15/100)
2026-02-22 16:59:41,566 - steps.encdec - INFO - Epoch 52/600
2026-02-22 17:00:40,838 - steps.encdec - INFO - No improve (16/100)
2026-02-22 17:00:40,839 - steps.encdec - INFO - Epoch 53/600
2026-02-22 17:01:39,956 - steps.encdec - INFO - No improve (17/100)
2026-02-22 17:01:39,957 - steps.encdec - INFO - Epoch 54/600
2026-02-22 17:02:39,181 - steps.encdec - INFO - No improve (18/100)
2026-02-22 17:02:39,181 - steps.encdec - INFO - Epoch 55/600
2026-02-22 17:03:38,362 - steps.encdec - INFO - New best val_score=0.071508 | saved ckpt -> cvae_model_balanced_enhanced.pkl
2026-02-22 17:03:38,362 - steps.encdec - INFO - Epoch 56/600
2026-02-22 17:04:38,049 - steps.encdec - INFO - No improve (1/100)
2026-02-22 17:04:38,049 - steps.encdec - INFO - Epoch 57/600
2026-02-22 17:05:37,310 - steps.encdec - INFO - No improve (2/100)
2026-02-22 17:05:37,310 - steps.encdec - INFO - Epoch 58/600
2026-02-22 17:06:36,450 - steps.encdec - INFO - No improve (3/100)
2026-02-22 17:06:36,450 - steps.encdec - INFO - Epoch 59/600
2026-02-22 17:07:35,448 - steps.encdec - INFO - No improve (4/100)
2026-02-22 17:07:35,448 - steps.encdec - INFO - Epoch 60/600
2026-02-22 17:08:34,608 - steps.encdec - INFO - No improve (5/100)
2026-02-22 17:08:34,608 - steps.encdec - INFO - Epoch 61/600
2026-02-22 17:09:28,691 - encdec_trainer - INFO - [latent] epoch=60 mu_var=0.235864 mu_abs=0.254004 logvar_mean=-1.37452 logvar_min=-6.75 logvar_max=0.344
2026-02-22 17:09:34,310 - steps.encdec - INFO - No improve (6/100)
2026-02-22 17:09:34,310 - steps.encdec - INFO - Epoch 62/600
2026-02-22 17:10:33,699 - steps.encdec - INFO - No improve (7/100)
2026-02-22 17:10:33,699 - steps.encdec - INFO - Epoch 63/600
2026-02-22 17:11:32,758 - steps.encdec - INFO - No improve (8/100)
2026-02-22 17:11:32,758 - steps.encdec - INFO - Epoch 64/600
2026-02-22 17:12:31,741 - steps.encdec - INFO - No improve (9/100)
2026-02-22 17:12:31,741 - steps.encdec - INFO - Epoch 65/600
2026-02-22 17:13:30,742 - steps.encdec - INFO - No improve (10/100)
2026-02-22 17:13:30,743 - steps.encdec - INFO - Epoch 66/600
2026-02-22 17:14:30,133 - steps.encdec - INFO - No improve (11/100)
2026-02-22 17:14:30,133 - steps.encdec - INFO - Epoch 67/600
2026-02-22 17:15:29,245 - steps.encdec - INFO - No improve (12/100)
2026-02-22 17:15:29,245 - steps.encdec - INFO - Epoch 68/600
2026-02-22 17:16:28,357 - steps.encdec - INFO - No improve (13/100)
2026-02-22 17:16:28,358 - steps.encdec - INFO - Epoch 69/600
2026-02-22 17:17:27,312 - steps.encdec - INFO - No improve (14/100)
2026-02-22 17:17:27,312 - steps.encdec - INFO - Epoch 70/600
2026-02-22 17:18:26,283 - steps.encdec - INFO - No improve (15/100)
2026-02-22 17:18:26,283 - steps.encdec - INFO - Epoch 71/600
2026-02-22 17:19:20,118 - encdec_trainer - INFO - [latent] epoch=70 mu_var=0.233139 mu_abs=0.263748 logvar_mean=-1.31458 logvar_min=-6.68 logvar_max=0.349
2026-02-22 17:19:25,708 - steps.encdec - INFO - No improve (16/100)
2026-02-22 17:19:25,709 - steps.encdec - INFO - Epoch 72/600
2026-02-22 17:20:24,599 - steps.encdec - INFO - No improve (17/100)
2026-02-22 17:20:24,599 - steps.encdec - INFO - Epoch 73/600
2026-02-22 17:21:23,410 - steps.encdec - INFO - No improve (18/100)
2026-02-22 17:21:23,411 - steps.encdec - INFO - Epoch 74/600
2026-02-22 17:22:22,485 - steps.encdec - INFO - No improve (19/100)
2026-02-22 17:22:22,485 - steps.encdec - INFO - Epoch 75/600
2026-02-22 17:23:21,432 - steps.encdec - INFO - No improve (20/100)
2026-02-22 17:23:21,432 - steps.encdec - INFO - Epoch 76/600
2026-02-22 17:24:20,920 - steps.encdec - INFO - No improve (21/100)
2026-02-22 17:24:20,920 - steps.encdec - INFO - Epoch 77/600
2026-02-22 17:25:20,122 - steps.encdec - INFO - No improve (22/100)
2026-02-22 17:25:20,122 - steps.encdec - INFO - Epoch 78/600
2026-02-22 17:26:19,456 - steps.encdec - INFO - No improve (23/100)
2026-02-22 17:26:19,456 - steps.encdec - INFO - Epoch 79/600
2026-02-22 17:27:18,748 - steps.encdec - INFO - No improve (24/100)
2026-02-22 17:27:18,749 - steps.encdec - INFO - Epoch 80/600
2026-02-22 17:28:17,876 - steps.encdec - INFO - No improve (25/100)
2026-02-22 17:28:17,876 - steps.encdec - INFO - Epoch 81/600
2026-02-22 17:29:11,657 - encdec_trainer - INFO - [latent] epoch=80 mu_var=0.230898 mu_abs=0.2659 logvar_mean=-1.28121 logvar_min=-6.58 logvar_max=0.365
2026-02-22 17:29:17,236 - steps.encdec - INFO - No improve (26/100)
2026-02-22 17:29:17,236 - steps.encdec - INFO - Epoch 82/600
2026-02-22 17:30:16,134 - steps.encdec - INFO - No improve (27/100)
2026-02-22 17:30:16,134 - steps.encdec - INFO - Epoch 83/600
2026-02-22 17:31:14,883 - steps.encdec - INFO - No improve (28/100)
2026-02-22 17:31:14,884 - steps.encdec - INFO - Epoch 84/600
2026-02-22 17:32:13,713 - steps.encdec - INFO - No improve (29/100)
2026-02-22 17:32:13,714 - steps.encdec - INFO - Epoch 85/600
2026-02-22 17:33:12,619 - steps.encdec - INFO - No improve (30/100)
2026-02-22 17:33:12,619 - steps.encdec - INFO - Epoch 86/600
2026-02-22 17:34:11,809 - steps.encdec - INFO - No improve (31/100)
2026-02-22 17:34:11,809 - steps.encdec - INFO - Epoch 87/600
2026-02-22 17:35:10,690 - steps.encdec - INFO - No improve (32/100)
2026-02-22 17:35:10,691 - steps.encdec - INFO - Epoch 88/600
2026-02-22 17:36:09,604 - steps.encdec - INFO - No improve (33/100)
2026-02-22 17:36:09,605 - steps.encdec - INFO - Epoch 89/600
2026-02-22 17:37:08,647 - steps.encdec - INFO - No improve (34/100)
2026-02-22 17:37:08,647 - steps.encdec - INFO - Epoch 90/600
2026-02-22 17:38:07,574 - steps.encdec - INFO - No improve (35/100)
2026-02-22 17:38:07,574 - steps.encdec - INFO - Epoch 91/600
2026-02-22 17:39:01,264 - encdec_trainer - INFO - [latent] epoch=90 mu_var=0.230822 mu_abs=0.267104 logvar_mean=-1.27304 logvar_min=-6.58 logvar_max=0.372
2026-02-22 17:39:06,864 - steps.encdec - INFO - No improve (36/100)
2026-02-22 17:39:06,864 - steps.encdec - INFO - Epoch 92/600
2026-02-22 17:40:05,798 - steps.encdec - INFO - No improve (37/100)
2026-02-22 17:40:05,798 - steps.encdec - INFO - Epoch 93/600
2026-02-22 17:41:04,725 - steps.encdec - INFO - No improve (38/100)
2026-02-22 17:41:04,725 - steps.encdec - INFO - Epoch 94/600
2026-02-22 17:42:03,688 - steps.encdec - INFO - No improve (39/100)
2026-02-22 17:42:03,688 - steps.encdec - INFO - Epoch 95/600
2026-02-22 17:43:02,393 - steps.encdec - INFO - No improve (40/100)
2026-02-22 17:43:02,393 - steps.encdec - INFO - Epoch 96/600
2026-02-22 17:44:01,496 - steps.encdec - INFO - No improve (41/100)
2026-02-22 17:44:01,496 - steps.encdec - INFO - Epoch 97/600
2026-02-22 17:45:00,474 - steps.encdec - INFO - No improve (42/100)
2026-02-22 17:45:00,474 - steps.encdec - INFO - Epoch 98/600
2026-02-22 17:45:59,312 - steps.encdec - INFO - No improve (43/100)
2026-02-22 17:45:59,313 - steps.encdec - INFO - Epoch 99/600
2026-02-22 17:46:58,420 - steps.encdec - INFO - No improve (44/100)
2026-02-22 17:46:58,420 - steps.encdec - INFO - Epoch 100/600
2026-02-22 17:47:57,179 - steps.encdec - INFO - No improve (45/100)
2026-02-22 17:47:57,179 - steps.encdec - INFO - Epoch 101/600
2026-02-22 17:48:50,861 - encdec_trainer - INFO - [latent] epoch=100 mu_var=0.230059 mu_abs=0.267207 logvar_mean=-1.26351 logvar_min=-6.55 logvar_max=0.379
2026-02-22 17:48:56,462 - steps.encdec - INFO - No improve (46/100)
2026-02-22 17:48:56,462 - steps.encdec - INFO - Epoch 102/600
2026-02-22 17:49:55,300 - steps.encdec - INFO - No improve (47/100)
2026-02-22 17:49:55,300 - steps.encdec - INFO - Epoch 103/600
2026-02-22 17:50:54,218 - steps.encdec - INFO - No improve (48/100)
2026-02-22 17:50:54,218 - steps.encdec - INFO - Epoch 104/600
2026-02-22 17:51:53,006 - steps.encdec - INFO - No improve (49/100)
2026-02-22 17:51:53,007 - steps.encdec - INFO - Epoch 105/600
2026-02-22 17:52:51,851 - steps.encdec - INFO - No improve (50/100)
2026-02-22 17:52:51,851 - steps.encdec - INFO - Epoch 106/600
2026-02-22 17:53:50,972 - steps.encdec - INFO - No improve (51/100)
2026-02-22 17:53:50,972 - steps.encdec - INFO - Epoch 107/600
2026-02-22 17:54:49,560 - steps.encdec - INFO - No improve (52/100)
2026-02-22 17:54:49,560 - steps.encdec - INFO - Epoch 108/600
2026-02-22 17:55:48,176 - steps.encdec - INFO - No improve (53/100)
2026-02-22 17:55:48,176 - steps.encdec - INFO - Epoch 109/600
2026-02-22 17:56:46,709 - steps.encdec - INFO - No improve (54/100)
2026-02-22 17:56:46,709 - steps.encdec - INFO - Epoch 110/600
2026-02-22 17:57:45,421 - steps.encdec - INFO - No improve (55/100)
2026-02-22 17:57:45,421 - steps.encdec - INFO - Epoch 111/600
2026-02-22 17:58:39,185 - encdec_trainer - INFO - [latent] epoch=110 mu_var=0.229991 mu_abs=0.267138 logvar_mean=-1.26302 logvar_min=-6.55 logvar_max=0.379
2026-02-22 17:58:44,760 - steps.encdec - INFO - No improve (56/100)
2026-02-22 17:58:44,761 - steps.encdec - INFO - Epoch 112/600
2026-02-22 17:59:43,456 - steps.encdec - INFO - No improve (57/100)
2026-02-22 17:59:43,457 - steps.encdec - INFO - Epoch 113/600
2026-02-22 18:00:41,975 - steps.encdec - INFO - No improve (58/100)
2026-02-22 18:00:41,975 - steps.encdec - INFO - Epoch 114/600
2026-02-22 18:01:40,537 - steps.encdec - INFO - No improve (59/100)
2026-02-22 18:01:40,537 - steps.encdec - INFO - Epoch 115/600
2026-02-22 18:02:39,211 - steps.encdec - INFO - No improve (60/100)
2026-02-22 18:02:39,211 - steps.encdec - INFO - Epoch 116/600
2026-02-22 18:03:38,322 - steps.encdec - INFO - No improve (61/100)
2026-02-22 18:03:38,322 - steps.encdec - INFO - Epoch 117/600
2026-02-22 18:04:37,061 - steps.encdec - INFO - No improve (62/100)
2026-02-22 18:04:37,061 - steps.encdec - INFO - Epoch 118/600
2026-02-22 18:05:35,905 - steps.encdec - INFO - No improve (63/100)
2026-02-22 18:05:35,905 - steps.encdec - INFO - Epoch 119/600
2026-02-22 18:06:34,805 - steps.encdec - INFO - No improve (64/100)
2026-02-22 18:06:34,806 - steps.encdec - INFO - Epoch 120/600
2026-02-22 18:07:33,746 - steps.encdec - INFO - No improve (65/100)
2026-02-22 18:07:33,746 - steps.encdec - INFO - Epoch 121/600
2026-02-22 18:08:27,505 - encdec_trainer - INFO - [latent] epoch=120 mu_var=0.229921 mu_abs=0.267096 logvar_mean=-1.26192 logvar_min=-6.54 logvar_max=0.379
2026-02-22 18:08:33,091 - steps.encdec - INFO - No improve (66/100)
2026-02-22 18:08:33,091 - steps.encdec - INFO - Epoch 122/600
2026-02-22 18:09:32,225 - steps.encdec - INFO - No improve (67/100)
2026-02-22 18:09:32,225 - steps.encdec - INFO - Epoch 123/600
2026-02-22 18:10:31,108 - steps.encdec - INFO - No improve (68/100)
2026-02-22 18:10:31,109 - steps.encdec - INFO - Epoch 124/600
2026-02-22 18:11:30,150 - steps.encdec - INFO - No improve (69/100)
2026-02-22 18:11:30,151 - steps.encdec - INFO - Epoch 125/600
2026-02-22 18:12:28,899 - steps.encdec - INFO - No improve (70/100)
2026-02-22 18:12:28,899 - steps.encdec - INFO - Epoch 126/600
2026-02-22 18:13:28,130 - steps.encdec - INFO - No improve (71/100)
2026-02-22 18:13:28,131 - steps.encdec - INFO - Epoch 127/600
2026-02-22 18:14:27,130 - steps.encdec - INFO - No improve (72/100)
2026-02-22 18:14:27,130 - steps.encdec - INFO - Epoch 128/600
2026-02-22 18:15:26,095 - steps.encdec - INFO - No improve (73/100)
2026-02-22 18:15:26,095 - steps.encdec - INFO - Epoch 129/600
2026-02-22 18:16:24,922 - steps.encdec - INFO - No improve (74/100)
2026-02-22 18:16:24,922 - steps.encdec - INFO - Epoch 130/600
2026-02-22 18:17:23,998 - steps.encdec - INFO - No improve (75/100)
2026-02-22 18:17:23,998 - steps.encdec - INFO - Epoch 131/600
2026-02-22 18:18:17,935 - encdec_trainer - INFO - [latent] epoch=130 mu_var=0.229927 mu_abs=0.267099 logvar_mean=-1.26189 logvar_min=-6.54 logvar_max=0.379
2026-02-22 18:18:23,555 - steps.encdec - INFO - No improve (76/100)
2026-02-22 18:18:23,556 - steps.encdec - INFO - Epoch 132/600
2026-02-22 18:19:22,698 - steps.encdec - INFO - No improve (77/100)
2026-02-22 18:19:22,698 - steps.encdec - INFO - Epoch 133/600
2026-02-22 18:20:21,747 - steps.encdec - INFO - No improve (78/100)
2026-02-22 18:20:21,747 - steps.encdec - INFO - Epoch 134/600
2026-02-22 18:21:20,422 - steps.encdec - INFO - No improve (79/100)
2026-02-22 18:21:20,422 - steps.encdec - INFO - Epoch 135/600
2026-02-22 18:22:19,323 - steps.encdec - INFO - No improve (80/100)
2026-02-22 18:22:19,324 - steps.encdec - INFO - Epoch 136/600
2026-02-22 18:23:18,655 - steps.encdec - INFO - No improve (81/100)
2026-02-22 18:23:18,655 - steps.encdec - INFO - Epoch 137/600
2026-02-22 18:24:17,651 - steps.encdec - INFO - No improve (82/100)
2026-02-22 18:24:17,651 - steps.encdec - INFO - Epoch 138/600
2026-02-22 18:25:16,369 - steps.encdec - INFO - No improve (83/100)
2026-02-22 18:25:16,369 - steps.encdec - INFO - Epoch 139/600
2026-02-22 18:26:15,170 - steps.encdec - INFO - No improve (84/100)
2026-02-22 18:26:15,170 - steps.encdec - INFO - Epoch 140/600
2026-02-22 18:27:13,942 - steps.encdec - INFO - No improve (85/100)
2026-02-22 18:27:13,942 - steps.encdec - INFO - Epoch 141/600
2026-02-22 18:28:07,323 - encdec_trainer - INFO - [latent] epoch=140 mu_var=0.229928 mu_abs=0.267098 logvar_mean=-1.26184 logvar_min=-6.54 logvar_max=0.38
2026-02-22 18:28:12,842 - steps.encdec - INFO - No improve (86/100)
2026-02-22 18:28:12,842 - steps.encdec - INFO - Epoch 142/600
2026-02-22 18:29:11,428 - steps.encdec - INFO - No improve (87/100)
2026-02-22 18:29:11,428 - steps.encdec - INFO - Epoch 143/600
2026-02-22 18:30:10,102 - steps.encdec - INFO - No improve (88/100)
2026-02-22 18:30:10,103 - steps.encdec - INFO - Epoch 144/600
2026-02-22 18:31:08,703 - steps.encdec - INFO - No improve (89/100)
2026-02-22 18:31:08,703 - steps.encdec - INFO - Epoch 145/600
2026-02-22 18:32:07,352 - steps.encdec - INFO - No improve (90/100)
2026-02-22 18:32:07,352 - steps.encdec - INFO - Epoch 146/600
2026-02-22 18:33:06,394 - steps.encdec - INFO - No improve (91/100)
2026-02-22 18:33:06,394 - steps.encdec - INFO - Epoch 147/600
2026-02-22 18:34:05,394 - steps.encdec - INFO - No improve (92/100)
2026-02-22 18:34:05,394 - steps.encdec - INFO - Epoch 148/600
2026-02-22 18:35:04,417 - steps.encdec - INFO - No improve (93/100)
2026-02-22 18:35:04,417 - steps.encdec - INFO - Epoch 149/600
2026-02-22 18:36:03,324 - steps.encdec - INFO - No improve (94/100)
2026-02-22 18:36:03,324 - steps.encdec - INFO - Epoch 150/600
2026-02-22 18:37:02,248 - steps.encdec - INFO - No improve (95/100)
2026-02-22 18:37:02,248 - steps.encdec - INFO - Epoch 151/600
2026-02-22 18:37:55,978 - encdec_trainer - INFO - [latent] epoch=150 mu_var=0.229918 mu_abs=0.267091 logvar_mean=-1.26174 logvar_min=-6.54 logvar_max=0.38
2026-02-22 18:38:01,516 - steps.encdec - INFO - No improve (96/100)
2026-02-22 18:38:01,516 - steps.encdec - INFO - Epoch 152/600
2026-02-22 18:39:00,326 - steps.encdec - INFO - No improve (97/100)
2026-02-22 18:39:00,327 - steps.encdec - INFO - Epoch 153/600
2026-02-22 18:39:59,131 - steps.encdec - INFO - No improve (98/100)
2026-02-22 18:39:59,131 - steps.encdec - INFO - Epoch 154/600
2026-02-22 18:40:58,146 - steps.encdec - INFO - No improve (99/100)
2026-02-22 18:40:58,147 - steps.encdec - INFO - Epoch 155/600
2026-02-22 18:41:57,208 - steps.encdec - INFO - No improve (100/100)
2026-02-22 18:41:57,209 - steps.encdec - INFO - Early stopping triggered
2026-02-22 18:41:57,209 - steps.encdec - INFO - ==================================================
2026-02-22 18:41:57,209 - steps.encdec - INFO - TRAINING FINISHED
2026-02-22 18:41:57,209 - steps.encdec - INFO - Best Epoch: 55
2026-02-22 18:41:57,209 - steps.encdec - INFO - Best Validation Metrics:
2026-02-22 18:41:57,209 - steps.encdec - INFO -   - total_loss: 0.078225
2026-02-22 18:41:57,209 - steps.encdec - INFO -   - recon_loss: 0.015225
2026-02-22 18:41:57,209 - steps.encdec - INFO -   - recon_data_loss: 0.015060
2026-02-22 18:41:57,209 - steps.encdec - INFO -   - recon_mask_loss: 0.000165
2026-02-22 18:41:57,209 - steps.encdec - INFO -   - kld_loss: 10.149416
2026-02-22 18:41:57,209 - steps.encdec - INFO -   - kld_free: 10.176663
2026-02-22 18:41:57,209 - steps.encdec - INFO -   - causal_loss: 0.056283
2026-02-22 18:41:57,209 - steps.encdec - INFO -   - current_beta: 0.000660
2026-02-22 18:41:57,209 - steps.encdec - INFO - Best Validation Score (recon + gamma*causal): 0.071508
2026-02-22 18:41:57,209 - steps.encdec - INFO - ==================================================
2026-02-22 18:41:58,433 - steps.encdec - INFO - Saved loss curves -> cvae_loss_curves.png
2026-02-22 18:42:15,188 - steps.encdec - INFO - Saved encoded data (shape=(540000, 16)) -> cvae_encoded_data_balanced_enhanced.pkl
2026-03-16 15:21:29,363 - steps.encdec - INFO - Step: encdec | training CausalVAE
2026-03-16 15:21:29,385 - steps.encdec - INFO - Device: cuda
2026-03-16 15:30:05,542 - steps.encdec - INFO - Dims | input_dim=29 seq_len=60 num_total_features=29
2026-03-16 15:30:05,543 - steps.encdec - INFO - Generating A_target ...
2026-03-16 15:58:30,793 - steps.preprocess - INFO - Step: preprocess | input=1s_modified.csv
2026-03-16 16:02:23,008 - steps.preprocess - INFO - Unique subjects (dataid): 540000
2026-03-16 16:02:49,594 - steps.preprocess - INFO - Saved:
2026-03-16 16:02:49,595 - steps.preprocess - INFO -   static_data.parquet
2026-03-16 16:02:49,595 - steps.preprocess - INFO -   temporal_data.parquet
2026-03-16 16:02:49,595 - steps.preprocess - INFO -   static_mask.parquet
2026-03-16 16:02:49,595 - steps.preprocess - INFO -   temporal_mask.parquet
2026-03-16 16:02:49,716 - steps.preprocess - INFO - Saved metadata -> preprocess_metadata.pkl
2026-03-16 16:02:49,862 - steps.normalize - INFO - Step: normalize | loading parquet inputs...
2026-03-16 16:02:59,212 - steps.normalize - INFO - Loaded preprocess outputs | static=(540000, 0) temporal=(32400000, 31)
2026-03-16 16:02:59,212 - normalizer_processor - INFO - 静态数据为空，直接返回。
2026-03-16 16:02:59,213 - normalizer_processor - INFO - 开始归一化时序特征，共 29 个特征
2026-03-16 16:19:51,764 - steps.normalize - INFO - Saved normalization params -> normalization_params.pkl
2026-03-16 16:20:21,317 - steps.normalize - INFO - Saved normalized parquet files:
2026-03-16 16:20:21,317 - steps.normalize - INFO -   static  -> norm_static.parquet
2026-03-16 16:20:21,317 - steps.normalize - INFO -   temporal-> norm_temporal.parquet
2026-03-16 16:20:21,317 - steps.normalize - INFO -   static_mask   -> norm_static_mask.parquet
2026-03-16 16:20:21,317 - steps.normalize - INFO -   temporal_mask -> norm_temporal_mask.parquet
2026-03-16 16:20:21,358 - steps.embed - INFO - Step: embed | loading normalized parquet...
2026-03-16 16:20:29,245 - steps.embed - INFO - Loaded normalized data | static=(540000, 0) temporal=(32400000, 31)
2026-03-16 16:20:29,245 - steps.embed - INFO - Start embedding STATIC features...
2026-03-16 16:20:29,317 - steps.embed - INFO - Done embedding STATIC | static_emb=(540000, 0) static_mask=(540000, 0)
2026-03-16 16:20:29,321 - steps.embed - INFO - Start embedding TEMPORAL features...
2026-03-16 16:20:29,389 - steps.embed - INFO - Done embedding TEMPORAL | temporal_emb=(32400000, 31) temporal_mask=(32400000, 31)
2026-03-16 16:20:29,392 - steps.embed - INFO - Saved embedding models -> embedding_models.pkl
2026-03-16 16:20:29,392 - steps.embed - INFO - Start writing static_emb -> embed_static.parquet | shape=(540000, 0)
2026-03-16 16:20:29,466 - steps.embed - INFO - Done writing static_emb | 0.07s
2026-03-16 16:20:29,467 - steps.embed - INFO - Start writing temporal_emb -> embed_temporal.parquet | shape=(32400000, 31)
2026-03-16 16:20:46,673 - steps.embed - INFO - Done writing temporal_emb | 17.21s
2026-03-16 16:20:46,674 - steps.embed - INFO - Start writing static_mask -> embed_static_mask.parquet | shape=(540000, 0)
2026-03-16 16:20:46,752 - steps.embed - INFO - Done writing static_mask | 0.08s
2026-03-16 16:20:46,752 - steps.embed - INFO - Start writing temporal_mask -> embed_temporal_mask.parquet | shape=(32400000, 31)
2026-03-16 16:20:58,236 - steps.embed - INFO - Done writing temporal_mask | 11.48s
2026-03-16 16:20:58,329 - steps.embed - INFO - Saved embedded parquet files OK.
2026-03-16 16:20:58,329 - steps.embed - INFO -   static_emb   -> embed_static.parquet
2026-03-16 16:20:58,330 - steps.embed - INFO -   temporal_emb -> embed_temporal.parquet
2026-03-16 16:20:58,330 - steps.embed - INFO -   static_mask  -> embed_static_mask.parquet
2026-03-16 16:20:58,330 - steps.embed - INFO -   temporal_mask-> embed_temporal_mask.parquet
2026-03-16 16:20:58,331 - steps.embed - INFO - Saved embeddings meta -> embeddings_meta.pkl
2026-03-16 16:20:58,331 - steps.encdec - INFO - Step: encdec | training CausalVAE
2026-03-16 16:20:58,331 - steps.encdec - INFO - Device: cuda
2026-03-16 16:23:13,129 - steps.encdec - INFO - Dims | input_dim=29 seq_len=60 num_total_features=29
2026-03-16 16:23:13,130 - steps.encdec - INFO - Generating A_target ...
2026-03-16 16:33:44,666 - steps.encdec - INFO - Step: encdec | training CausalVAE
2026-03-16 16:33:44,667 - steps.encdec - INFO - Device: cuda
2026-03-16 16:35:48,310 - steps.encdec - INFO - Dims | input_dim=29 seq_len=60 num_total_features=29
2026-03-16 16:35:48,311 - steps.encdec - INFO - Generating A_target ...
2026-03-16 22:24:32,055 - steps.encdec - INFO - Step: encdec | training CausalVAE
2026-03-16 22:24:32,056 - steps.encdec - INFO - Device: cuda
2026-03-16 22:34:08,754 - steps.encdec - INFO - Dims | input_dim=29 seq_len=60 num_total_features=29
2026-03-16 22:34:08,755 - steps.encdec - INFO - Generating A_target ...
2026-03-16 22:47:29,432 - steps.encdec - INFO - Step: encdec | training CausalVAE
2026-03-16 22:47:29,433 - steps.encdec - INFO - Device: cuda
2026-03-16 22:50:06,735 - steps.encdec - INFO - Dims | input_dim=29 seq_len=60 num_total_features=29
2026-03-16 22:50:06,736 - steps.encdec - INFO - Generating A_target ...
2026-03-17 00:20:22,535 - steps.encdec - INFO - Start from scratch | resume=False | ckpt_exists=True
2026-03-17 00:20:22,535 - steps.encdec - INFO - Epoch 1/600
2026-03-17 17:49:48,214 - steps.encdec - INFO - Step: encdec | training CausalVAE
2026-03-17 17:49:48,233 - steps.encdec - INFO - Device: cuda
2026-03-17 17:56:26,942 - steps.encdec - INFO - Dims | input_dim=29 seq_len=60 num_total_features=29
2026-03-17 17:56:26,944 - steps.encdec - INFO - Found pre-generated A_target at ./cache_encdec/A_target.npy
2026-03-17 17:56:50,921 - steps.encdec - INFO - Start from scratch | resume=False | ckpt_exists=True
2026-03-17 17:56:50,921 - steps.encdec - INFO - Epoch 1/600
2026-03-17 18:13:50,054 - steps.encdec - INFO - Step: encdec | training CausalVAE
2026-03-17 18:13:50,056 - steps.encdec - INFO - Device: cuda
2026-03-17 18:22:08,895 - steps.encdec - INFO - Dims | input_dim=29 seq_len=60 num_total_features=29
2026-03-17 18:22:08,896 - steps.encdec - INFO - Found pre-generated A_target at ./cache_encdec/A_target.npy
2026-03-17 18:22:19,377 - steps.encdec - INFO - Start from scratch | resume=False | ckpt_exists=True
2026-03-17 18:22:19,377 - steps.encdec - INFO - Epoch 1/600
2026-03-17 19:54:43,497 - steps.encdec - INFO - Step: encdec | training CausalVAE
2026-03-17 19:54:43,498 - steps.encdec - INFO - Device: cuda
2026-03-17 20:04:54,570 - steps.encdec - INFO - Dims | input_dim=29 seq_len=60 num_total_features=29
2026-03-17 20:04:54,571 - steps.encdec - INFO - Found pre-generated A_target at ./cache_encdec/A_target.npy
2026-03-17 20:05:02,201 - steps.encdec - INFO - Start from scratch | resume=False | ckpt_exists=True
2026-03-17 20:05:02,201 - steps.encdec - INFO - Epoch 1/600
2026-03-17 20:23:13,300 - steps.preprocess - INFO - Step: preprocess | input=1s_modified.csv
2026-03-17 20:26:51,366 - steps.preprocess - INFO - Unique subjects (dataid): 540000
2026-03-17 20:27:17,494 - steps.preprocess - INFO - Saved:
2026-03-17 20:27:17,494 - steps.preprocess - INFO -   static_data.parquet
2026-03-17 20:27:17,494 - steps.preprocess - INFO -   temporal_data.parquet
2026-03-17 20:27:17,495 - steps.preprocess - INFO -   static_mask.parquet
2026-03-17 20:27:17,495 - steps.preprocess - INFO -   temporal_mask.parquet
2026-03-17 20:27:17,582 - steps.preprocess - INFO - Saved metadata -> preprocess_metadata.pkl
2026-03-17 20:27:17,689 - steps.normalize - INFO - Step: normalize | loading parquet inputs...
2026-03-17 20:27:27,053 - steps.normalize - INFO - Loaded preprocess outputs | static=(540000, 0) temporal=(32400000, 31)
2026-03-17 20:27:27,054 - normalizer_processor - INFO - 静态数据为空，直接返回。
2026-03-17 20:27:27,054 - normalizer_processor - INFO - 开始归一化时序特征，共 29 个特征
2026-03-17 20:44:19,260 - steps.normalize - INFO - Saved normalization params -> normalization_params.pkl
2026-03-17 20:44:48,296 - steps.normalize - INFO - Saved normalized parquet files:
2026-03-17 20:44:48,296 - steps.normalize - INFO -   static  -> norm_static.parquet
2026-03-17 20:44:48,296 - steps.normalize - INFO -   temporal-> norm_temporal.parquet
2026-03-17 20:44:48,296 - steps.normalize - INFO -   static_mask   -> norm_static_mask.parquet
2026-03-17 20:44:48,296 - steps.normalize - INFO -   temporal_mask -> norm_temporal_mask.parquet
2026-03-17 20:44:48,338 - steps.embed - INFO - Step: embed | loading normalized parquet...
2026-03-17 20:44:55,948 - steps.embed - INFO - Loaded normalized data | static=(540000, 0) temporal=(32400000, 31)
2026-03-17 20:44:55,949 - steps.embed - INFO - Start embedding STATIC features...
2026-03-17 20:44:55,986 - steps.embed - INFO - Done embedding STATIC | static_emb=(540000, 0) static_mask=(540000, 0)
2026-03-17 20:44:55,986 - steps.embed - INFO - Start embedding TEMPORAL features...
2026-03-17 20:44:56,024 - steps.embed - INFO - Done embedding TEMPORAL | temporal_emb=(32400000, 31) temporal_mask=(32400000, 31)
2026-03-17 20:44:56,026 - steps.embed - INFO - Saved embedding models -> embedding_models.pkl
2026-03-17 20:44:56,026 - steps.embed - INFO - Start writing static_emb -> embed_static.parquet | shape=(540000, 0)
2026-03-17 20:44:56,065 - steps.embed - INFO - Done writing static_emb | 0.04s
2026-03-17 20:44:56,065 - steps.embed - INFO - Start writing temporal_emb -> embed_temporal.parquet | shape=(32400000, 31)
2026-03-17 20:45:12,479 - steps.embed - INFO - Done writing temporal_emb | 16.41s
2026-03-17 20:45:12,479 - steps.embed - INFO - Start writing static_mask -> embed_static_mask.parquet | shape=(540000, 0)
2026-03-17 20:45:12,520 - steps.embed - INFO - Done writing static_mask | 0.04s
2026-03-17 20:45:12,520 - steps.embed - INFO - Start writing temporal_mask -> embed_temporal_mask.parquet | shape=(32400000, 31)
2026-03-17 20:45:23,998 - steps.embed - INFO - Done writing temporal_mask | 11.48s
2026-03-17 20:45:24,059 - steps.embed - INFO - Saved embedded parquet files OK.
2026-03-17 20:45:24,059 - steps.embed - INFO -   static_emb   -> embed_static.parquet
2026-03-17 20:45:24,059 - steps.embed - INFO -   temporal_emb -> embed_temporal.parquet
2026-03-17 20:45:24,059 - steps.embed - INFO -   static_mask  -> embed_static_mask.parquet
2026-03-17 20:45:24,059 - steps.embed - INFO -   temporal_mask-> embed_temporal_mask.parquet
2026-03-17 20:45:24,062 - steps.embed - INFO - Saved embeddings meta -> embeddings_meta.pkl
2026-03-17 20:45:24,063 - steps.encdec - INFO - Step: encdec | training CausalVAE
2026-03-17 20:45:24,063 - steps.encdec - INFO - Device: cuda
2026-03-17 20:49:07,464 - steps.encdec - INFO - Dims | input_dim=29 seq_len=60 num_total_features=29
2026-03-17 20:49:07,466 - steps.encdec - INFO - Found pre-generated A_target at ./cache_encdec/A_target.npy
2026-03-17 20:49:18,310 - steps.encdec - INFO - Start from scratch | resume=False | ckpt_exists=True
2026-03-17 20:49:18,311 - steps.encdec - INFO - Epoch 1/600
2026-03-17 23:48:29,331 - steps.encdec - INFO - Step: encdec | training CausalVAE
2026-03-17 23:48:29,333 - steps.encdec - INFO - Device: cuda
2026-03-17 23:57:03,876 - steps.encdec - INFO - Dims | input_dim=29 seq_len=60 num_total_features=29
2026-03-17 23:57:03,878 - steps.encdec - INFO - Found pre-generated A_target at ./cache_encdec/A_target.npy
2026-03-17 23:57:15,665 - steps.encdec - INFO - Start from scratch | resume=False | ckpt_exists=True
2026-03-17 23:57:15,665 - steps.encdec - INFO - Epoch 1/600
2026-03-18 00:31:22,726 - steps.encdec - INFO - Step: encdec | training CausalVAE
2026-03-18 00:31:22,728 - steps.encdec - INFO - Device: cuda
2026-03-18 00:37:07,760 - steps.encdec - INFO - Dims | input_dim=29 seq_len=60 num_total_features=29
2026-03-18 00:37:07,762 - steps.encdec - INFO - Found pre-generated A_target at ./cache_encdec/A_target.npy
2026-03-18 00:37:15,552 - steps.encdec - INFO - Start from scratch | resume=False | ckpt_exists=True
2026-03-18 00:37:15,552 - steps.encdec - INFO - Epoch 1/600
2026-03-18 00:54:38,792 - steps.encdec - INFO - Step: encdec | training CausalVAE
2026-03-18 00:54:38,793 - steps.encdec - INFO - Device: cuda
2026-03-18 01:05:07,140 - steps.encdec - INFO - Dims | input_dim=29 seq_len=60 num_total_features=29
2026-03-18 01:05:07,142 - steps.encdec - INFO - Found pre-generated A_target at ./cache_encdec/A_target.npy
2026-03-18 01:05:18,216 - steps.encdec - INFO - Start from scratch | resume=False | ckpt_exists=True
2026-03-18 01:05:18,216 - steps.encdec - INFO - Epoch 1/600
2026-03-18 23:03:41,558 - steps.preprocess - INFO - Step: preprocess | input=1s_modified.csv
2026-03-18 23:05:43,089 - steps.preprocess - INFO - Step: preprocess | input=1s_modified.csv
2026-03-18 23:09:16,094 - steps.preprocess - INFO - Unique subjects (dataid): 540000
2026-03-18 23:09:41,904 - steps.preprocess - INFO - Saved:
2026-03-18 23:09:41,905 - steps.preprocess - INFO -   static_data.parquet
2026-03-18 23:09:41,906 - steps.preprocess - INFO -   temporal_data.parquet
2026-03-18 23:09:41,906 - steps.preprocess - INFO -   static_mask.parquet
2026-03-18 23:09:41,906 - steps.preprocess - INFO -   temporal_mask.parquet
2026-03-18 23:09:41,997 - steps.preprocess - INFO - Saved metadata -> preprocess_metadata.pkl
2026-03-18 23:09:42,143 - steps.normalize - INFO - Step: normalize | loading parquet inputs...
2026-03-18 23:09:51,321 - steps.normalize - INFO - Loaded preprocess outputs | static=(540000, 0) temporal=(32400000, 31)
2026-03-18 23:09:51,321 - normalizer_processor - INFO - 静态数据为空，直接返回。
2026-03-18 23:09:51,322 - normalizer_processor - INFO - 开始归一化时序特征，共 29 个特征
2026-03-18 23:26:23,079 - steps.normalize - INFO - Saved normalization params -> normalization_params.pkl
2026-03-18 23:26:52,310 - steps.normalize - INFO - Saved normalized parquet files:
2026-03-18 23:26:52,311 - steps.normalize - INFO -   static  -> norm_static.parquet
2026-03-18 23:26:52,311 - steps.normalize - INFO -   temporal-> norm_temporal.parquet
2026-03-18 23:26:52,311 - steps.normalize - INFO -   static_mask   -> norm_static_mask.parquet
2026-03-18 23:26:52,311 - steps.normalize - INFO -   temporal_mask -> norm_temporal_mask.parquet
2026-03-18 23:26:52,352 - steps.embed - INFO - Step: embed | loading normalized parquet...
2026-03-18 23:27:00,263 - steps.embed - INFO - Loaded normalized data | static=(540000, 0) temporal=(32400000, 31)
2026-03-18 23:27:00,263 - steps.embed - INFO - Start embedding STATIC features...
2026-03-18 23:27:00,310 - steps.embed - INFO - Done embedding STATIC | static_emb=(540000, 0) static_mask=(540000, 0)
2026-03-18 23:27:00,310 - steps.embed - INFO - Start embedding TEMPORAL features...
2026-03-18 23:27:00,364 - steps.embed - INFO - Done embedding TEMPORAL | temporal_emb=(32400000, 31) temporal_mask=(32400000, 31)
2026-03-18 23:27:00,366 - steps.embed - INFO - Saved embedding models -> embedding_models.pkl
2026-03-18 23:27:00,366 - steps.embed - INFO - Start writing static_emb -> embed_static.parquet | shape=(540000, 0)
2026-03-18 23:27:00,424 - steps.embed - INFO - Done writing static_emb | 0.06s
2026-03-18 23:27:00,424 - steps.embed - INFO - Start writing temporal_emb -> embed_temporal.parquet | shape=(32400000, 31)
2026-03-18 23:27:17,182 - steps.embed - INFO - Done writing temporal_emb | 16.76s
2026-03-18 23:27:17,182 - steps.embed - INFO - Start writing static_mask -> embed_static_mask.parquet | shape=(540000, 0)
2026-03-18 23:27:17,228 - steps.embed - INFO - Done writing static_mask | 0.05s
2026-03-18 23:27:17,228 - steps.embed - INFO - Start writing temporal_mask -> embed_temporal_mask.parquet | shape=(32400000, 31)
2026-03-18 23:27:28,707 - steps.embed - INFO - Done writing temporal_mask | 11.48s
2026-03-18 23:27:28,776 - steps.embed - INFO - Saved embedded parquet files OK.
2026-03-18 23:27:28,777 - steps.embed - INFO -   static_emb   -> embed_static.parquet
2026-03-18 23:27:28,777 - steps.embed - INFO -   temporal_emb -> embed_temporal.parquet
2026-03-18 23:27:28,777 - steps.embed - INFO -   static_mask  -> embed_static_mask.parquet
2026-03-18 23:27:28,777 - steps.embed - INFO -   temporal_mask-> embed_temporal_mask.parquet
2026-03-18 23:27:28,778 - steps.embed - INFO - Saved embeddings meta -> embeddings_meta.pkl
2026-03-18 23:27:28,778 - steps.encdec - INFO - Step: encdec | training CausalVAE
2026-03-18 23:27:28,778 - steps.encdec - INFO - Device: cuda
2026-03-18 23:31:02,886 - steps.encdec - INFO - Dims | input_dim=29 seq_len=60 num_total_features=29
2026-03-18 23:31:02,887 - steps.encdec - INFO - Found pre-generated A_target at ./cache_encdec/A_target.npy
2026-03-18 23:31:13,904 - steps.encdec - INFO - Start from scratch | resume=False | ckpt_exists=True
2026-03-18 23:31:13,905 - steps.encdec - INFO - Epoch 1/600
2026-03-19 01:01:02,389 - steps.encdec - INFO - Step: encdec | training CausalVAE
2026-03-19 01:01:02,407 - steps.encdec - INFO - Device: cuda
2026-03-19 01:04:49,721 - steps.encdec - INFO - Dims | input_dim=29 seq_len=60 num_total_features=29
2026-03-19 01:04:49,723 - steps.encdec - INFO - Found pre-generated A_target at ./cache_encdec/A_target.npy
2026-03-19 01:05:02,431 - steps.encdec - INFO - Start from scratch | resume=False | ckpt_exists=True
2026-03-19 01:05:02,431 - steps.encdec - INFO - Epoch 1/600
2026-03-19 01:06:04,747 - encdec_trainer - INFO - [latent] epoch=0 mu_var=172.05 mu_abs=10.3108 logvar_mean=-24.987 logvar_min=-80.3 logvar_max=-6.1
2026-03-19 01:06:11,130 - steps.encdec - INFO - New best val_score=0.199145 | saved ckpt -> cvae_model_balanced_enhanced.pkl
2026-03-19 01:06:11,131 - steps.encdec - INFO - Epoch 2/600
2026-03-19 01:07:12,789 - steps.encdec - INFO - New best val_score=0.122157 | saved ckpt -> cvae_model_balanced_enhanced.pkl
2026-03-19 01:07:12,789 - steps.encdec - INFO - Epoch 3/600
2026-03-19 01:08:14,597 - steps.encdec - INFO - New best val_score=0.087694 | saved ckpt -> cvae_model_balanced_enhanced.pkl
2026-03-19 01:08:14,598 - steps.encdec - INFO - Epoch 4/600
2026-03-19 01:09:16,459 - steps.encdec - INFO - New best val_score=0.084205 | saved ckpt -> cvae_model_balanced_enhanced.pkl
2026-03-19 01:09:16,459 - steps.encdec - INFO - Epoch 5/600
2026-03-19 01:10:18,176 - steps.encdec - INFO - New best val_score=0.081709 | saved ckpt -> cvae_model_balanced_enhanced.pkl
2026-03-19 01:10:18,176 - steps.encdec - INFO - Epoch 6/600
2026-03-19 01:11:20,154 - steps.encdec - INFO - New best val_score=0.080096 | saved ckpt -> cvae_model_balanced_enhanced.pkl
2026-03-19 01:11:20,154 - steps.encdec - INFO - Epoch 7/600
2026-03-19 01:12:21,975 - steps.encdec - INFO - New best val_score=0.079403 | saved ckpt -> cvae_model_balanced_enhanced.pkl
2026-03-19 01:12:21,975 - steps.encdec - INFO - Epoch 8/600
2026-03-19 01:13:24,262 - steps.encdec - INFO - New best val_score=0.078736 | saved ckpt -> cvae_model_balanced_enhanced.pkl
2026-03-19 01:13:24,262 - steps.encdec - INFO - Epoch 9/600
2026-03-19 01:14:26,215 - steps.encdec - INFO - No improve (1/100)
2026-03-19 01:14:26,216 - steps.encdec - INFO - Epoch 10/600
2026-03-19 01:15:28,033 - steps.encdec - INFO - New best val_score=0.077547 | saved ckpt -> cvae_model_balanced_enhanced.pkl
2026-03-19 01:15:28,033 - steps.encdec - INFO - Epoch 11/600
2026-03-19 01:16:24,471 - encdec_trainer - INFO - [latent] epoch=10 mu_var=83.8859 mu_abs=6.88423 logvar_mean=-25.064 logvar_min=-66.5 logvar_max=-8.88
2026-03-19 01:16:30,666 - steps.encdec - INFO - New best val_score=0.076504 | saved ckpt -> cvae_model_balanced_enhanced.pkl
2026-03-19 01:16:30,666 - steps.encdec - INFO - Epoch 12/600
2026-03-19 01:17:32,689 - steps.encdec - INFO - No improve (1/100)
2026-03-19 01:17:32,690 - steps.encdec - INFO - Epoch 13/600
2026-03-19 01:18:34,156 - steps.encdec - INFO - No improve (2/100)
2026-03-19 01:18:34,157 - steps.encdec - INFO - Epoch 14/600
2026-03-19 01:19:35,785 - steps.encdec - INFO - No improve (3/100)
2026-03-19 01:19:35,785 - steps.encdec - INFO - Epoch 15/600
2026-03-19 01:20:37,410 - steps.encdec - INFO - New best val_score=0.075592 | saved ckpt -> cvae_model_balanced_enhanced.pkl
2026-03-19 01:20:37,410 - steps.encdec - INFO - Epoch 16/600
2026-03-19 01:21:39,444 - steps.encdec - INFO - New best val_score=0.074951 | saved ckpt -> cvae_model_balanced_enhanced.pkl
2026-03-19 01:21:39,444 - steps.encdec - INFO - Epoch 17/600
2026-03-19 01:22:41,173 - steps.encdec - INFO - No improve (1/100)
2026-03-19 01:22:41,173 - steps.encdec - INFO - Epoch 18/600
2026-03-19 01:23:43,018 - steps.encdec - INFO - New best val_score=0.074927 | saved ckpt -> cvae_model_balanced_enhanced.pkl
2026-03-19 01:23:43,019 - steps.encdec - INFO - Epoch 19/600
2026-03-19 01:24:45,135 - steps.encdec - INFO - New best val_score=0.074913 | saved ckpt -> cvae_model_balanced_enhanced.pkl
2026-03-19 01:24:45,135 - steps.encdec - INFO - Epoch 20/600
2026-03-19 01:25:47,304 - steps.encdec - INFO - New best val_score=0.074686 | saved ckpt -> cvae_model_balanced_enhanced.pkl
2026-03-19 01:25:47,304 - steps.encdec - INFO - Epoch 21/600
2026-03-19 01:26:43,330 - encdec_trainer - INFO - [latent] epoch=20 mu_var=0.731386 mu_abs=0.610252 logvar_mean=-3.38974 logvar_min=-7.57 logvar_max=1.01
2026-03-19 01:26:49,432 - steps.encdec - INFO - New best val_score=0.074391 | saved ckpt -> cvae_model_balanced_enhanced.pkl
2026-03-19 01:26:49,433 - steps.encdec - INFO - Epoch 22/600
2026-03-19 01:27:50,846 - steps.encdec - INFO - New best val_score=0.074355 | saved ckpt -> cvae_model_balanced_enhanced.pkl
2026-03-19 01:27:50,846 - steps.encdec - INFO - Epoch 23/600
2026-03-19 01:28:52,178 - steps.encdec - INFO - No improve (1/100)
2026-03-19 01:28:52,178 - steps.encdec - INFO - Epoch 24/600
2026-03-19 01:29:53,540 - steps.encdec - INFO - No improve (2/100)
2026-03-19 01:29:53,540 - steps.encdec - INFO - Epoch 25/600
2026-03-19 01:30:54,934 - steps.encdec - INFO - New best val_score=0.074334 | saved ckpt -> cvae_model_balanced_enhanced.pkl
2026-03-19 01:30:54,934 - steps.encdec - INFO - Epoch 26/600
2026-03-19 01:31:56,832 - steps.encdec - INFO - No improve (1/100)
2026-03-19 01:31:56,832 - steps.encdec - INFO - Epoch 27/600
2026-03-19 01:32:58,297 - steps.encdec - INFO - New best val_score=0.074240 | saved ckpt -> cvae_model_balanced_enhanced.pkl
2026-03-19 01:32:58,297 - steps.encdec - INFO - Epoch 28/600
2026-03-19 01:33:59,691 - steps.encdec - INFO - No improve (1/100)
2026-03-19 01:33:59,692 - steps.encdec - INFO - Epoch 29/600
2026-03-19 01:35:00,951 - steps.encdec - INFO - New best val_score=0.074004 | saved ckpt -> cvae_model_balanced_enhanced.pkl
2026-03-19 01:35:00,952 - steps.encdec - INFO - Epoch 30/600
2026-03-19 01:36:02,290 - steps.encdec - INFO - New best val_score=0.073889 | saved ckpt -> cvae_model_balanced_enhanced.pkl
2026-03-19 01:36:02,290 - steps.encdec - INFO - Epoch 31/600
2026-03-19 01:36:57,910 - encdec_trainer - INFO - [latent] epoch=30 mu_var=0.341212 mu_abs=0.302231 logvar_mean=-2.0043 logvar_min=-7.9 logvar_max=0.218
2026-03-19 01:37:03,977 - steps.encdec - INFO - No improve (1/100)
2026-03-19 01:37:03,978 - steps.encdec - INFO - Epoch 32/600
2026-03-19 01:38:05,147 - steps.encdec - INFO - No improve (2/100)
2026-03-19 01:38:05,147 - steps.encdec - INFO - Epoch 33/600
2026-03-19 01:39:06,534 - steps.encdec - INFO - No improve (3/100)
2026-03-19 01:39:06,534 - steps.encdec - INFO - Epoch 34/600
2026-03-19 01:40:07,960 - steps.encdec - INFO - No improve (4/100)
2026-03-19 01:40:07,960 - steps.encdec - INFO - Epoch 35/600
2026-03-19 01:41:09,022 - steps.encdec - INFO - New best val_score=0.073806 | saved ckpt -> cvae_model_balanced_enhanced.pkl
2026-03-19 01:41:09,022 - steps.encdec - INFO - Epoch 36/600
2026-03-19 01:42:10,625 - steps.encdec - INFO - No improve (1/100)
2026-03-19 01:42:10,625 - steps.encdec - INFO - Epoch 37/600
2026-03-19 01:43:11,893 - steps.encdec - INFO - No improve (2/100)
2026-03-19 01:43:11,894 - steps.encdec - INFO - Epoch 38/600
2026-03-19 01:44:12,718 - steps.encdec - INFO - No improve (3/100)
2026-03-19 01:44:12,719 - steps.encdec - INFO - Epoch 39/600
2026-03-19 01:45:13,462 - steps.encdec - INFO - New best val_score=0.073722 | saved ckpt -> cvae_model_balanced_enhanced.pkl
2026-03-19 01:45:13,462 - steps.encdec - INFO - Epoch 40/600
2026-03-19 01:46:14,185 - steps.encdec - INFO - New best val_score=0.073668 | saved ckpt -> cvae_model_balanced_enhanced.pkl
2026-03-19 01:46:14,185 - steps.encdec - INFO - Epoch 41/600
2026-03-19 01:47:09,318 - encdec_trainer - INFO - [latent] epoch=40 mu_var=0.226451 mu_abs=0.216571 logvar_mean=-1.35383 logvar_min=-8.09 logvar_max=0.5
2026-03-19 01:47:15,320 - steps.encdec - INFO - No improve (1/100)
2026-03-19 01:47:15,320 - steps.encdec - INFO - Epoch 42/600
2026-03-19 01:48:16,009 - steps.encdec - INFO - No improve (2/100)
2026-03-19 01:48:16,009 - steps.encdec - INFO - Epoch 43/600
2026-03-19 01:49:16,717 - steps.encdec - INFO - New best val_score=0.073478 | saved ckpt -> cvae_model_balanced_enhanced.pkl
2026-03-19 01:49:16,718 - steps.encdec - INFO - Epoch 44/600
2026-03-19 01:50:17,650 - steps.encdec - INFO - No improve (1/100)
2026-03-19 01:50:17,650 - steps.encdec - INFO - Epoch 45/600
2026-03-19 01:51:18,424 - steps.encdec - INFO - No improve (2/100)
2026-03-19 01:51:18,424 - steps.encdec - INFO - Epoch 46/600
2026-03-19 01:52:19,487 - steps.encdec - INFO - No improve (3/100)
2026-03-19 01:52:19,487 - steps.encdec - INFO - Epoch 47/600
2026-03-19 01:53:20,166 - steps.encdec - INFO - No improve (4/100)
2026-03-19 01:53:20,167 - steps.encdec - INFO - Epoch 48/600
2026-03-19 01:54:20,950 - steps.encdec - INFO - No improve (5/100)
2026-03-19 01:54:20,950 - steps.encdec - INFO - Epoch 49/600
2026-03-19 01:55:21,649 - steps.encdec - INFO - No improve (6/100)
2026-03-19 01:55:21,649 - steps.encdec - INFO - Epoch 50/600
2026-03-19 01:56:22,375 - steps.encdec - INFO - No improve (7/100)
2026-03-19 01:56:22,375 - steps.encdec - INFO - Epoch 51/600
2026-03-19 01:57:17,669 - encdec_trainer - INFO - [latent] epoch=50 mu_var=0.196719 mu_abs=0.201883 logvar_mean=-1.30341 logvar_min=-8.04 logvar_max=0.231
2026-03-19 01:57:23,697 - steps.encdec - INFO - No improve (8/100)
2026-03-19 01:57:23,697 - steps.encdec - INFO - Epoch 52/600
2026-03-19 01:58:24,681 - steps.encdec - INFO - No improve (9/100)
2026-03-19 01:58:24,681 - steps.encdec - INFO - Epoch 53/600
2026-03-19 01:59:25,742 - steps.encdec - INFO - No improve (10/100)
2026-03-19 01:59:25,742 - steps.encdec - INFO - Epoch 54/600
2026-03-19 02:00:26,715 - steps.encdec - INFO - No improve (11/100)
2026-03-19 02:00:26,715 - steps.encdec - INFO - Epoch 55/600
2026-03-19 02:01:27,641 - steps.encdec - INFO - No improve (12/100)
2026-03-19 02:01:27,641 - steps.encdec - INFO - Epoch 56/600
2026-03-19 02:02:29,218 - steps.encdec - INFO - No improve (13/100)
2026-03-19 02:02:29,219 - steps.encdec - INFO - Epoch 57/600
2026-03-19 02:03:30,183 - steps.encdec - INFO - No improve (14/100)
2026-03-19 02:03:30,183 - steps.encdec - INFO - Epoch 58/600
2026-03-19 02:04:30,916 - steps.encdec - INFO - No improve (15/100)
2026-03-19 02:04:30,917 - steps.encdec - INFO - Epoch 59/600
2026-03-19 02:05:31,353 - steps.encdec - INFO - No improve (16/100)
2026-03-19 02:05:31,353 - steps.encdec - INFO - Epoch 60/600
2026-03-19 02:06:32,106 - steps.encdec - INFO - No improve (17/100)
2026-03-19 02:06:32,106 - steps.encdec - INFO - Epoch 61/600
2026-03-19 02:07:27,241 - encdec_trainer - INFO - [latent] epoch=60 mu_var=0.192383 mu_abs=0.205522 logvar_mean=-1.06294 logvar_min=-8.42 logvar_max=0.466
2026-03-19 02:07:33,249 - steps.encdec - INFO - New best val_score=0.073143 | saved ckpt -> cvae_model_balanced_enhanced.pkl
2026-03-19 02:07:33,249 - steps.encdec - INFO - Epoch 62/600
2026-03-19 02:08:33,711 - steps.encdec - INFO - No improve (1/100)
2026-03-19 02:08:33,711 - steps.encdec - INFO - Epoch 63/600
2026-03-19 02:09:34,528 - steps.encdec - INFO - New best val_score=0.073083 | saved ckpt -> cvae_model_balanced_enhanced.pkl
2026-03-19 02:09:34,528 - steps.encdec - INFO - Epoch 64/600
2026-03-19 02:10:35,340 - steps.encdec - INFO - New best val_score=0.073015 | saved ckpt -> cvae_model_balanced_enhanced.pkl
2026-03-19 02:10:35,340 - steps.encdec - INFO - Epoch 65/600
2026-03-19 02:11:36,072 - steps.encdec - INFO - New best val_score=0.073014 | saved ckpt -> cvae_model_balanced_enhanced.pkl
2026-03-19 02:11:36,073 - steps.encdec - INFO - Epoch 66/600
2026-03-19 02:12:36,999 - steps.encdec - INFO - No improve (1/100)
2026-03-19 02:12:37,000 - steps.encdec - INFO - Epoch 67/600
2026-03-19 02:13:37,696 - steps.encdec - INFO - No improve (2/100)
2026-03-19 02:13:37,696 - steps.encdec - INFO - Epoch 68/600
2026-03-19 02:14:38,778 - steps.encdec - INFO - No improve (3/100)
2026-03-19 02:14:38,778 - steps.encdec - INFO - Epoch 69/600
2026-03-19 02:15:39,247 - steps.encdec - INFO - No improve (4/100)
2026-03-19 02:15:39,247 - steps.encdec - INFO - Epoch 70/600
2026-03-19 02:16:39,892 - steps.encdec - INFO - No improve (5/100)
2026-03-19 02:16:39,892 - steps.encdec - INFO - Epoch 71/600
2026-03-19 02:17:34,852 - encdec_trainer - INFO - [latent] epoch=70 mu_var=0.151971 mu_abs=0.173218 logvar_mean=-1.00037 logvar_min=-8.92 logvar_max=0.495
2026-03-19 02:17:40,856 - steps.encdec - INFO - No improve (6/100)
2026-03-19 02:17:40,856 - steps.encdec - INFO - Epoch 72/600
2026-03-19 02:18:41,779 - steps.encdec - INFO - No improve (7/100)
2026-03-19 02:18:41,779 - steps.encdec - INFO - Epoch 73/600
2026-03-19 02:19:42,423 - steps.encdec - INFO - No improve (8/100)
2026-03-19 02:19:42,423 - steps.encdec - INFO - Epoch 74/600
2026-03-19 02:20:43,024 - steps.encdec - INFO - No improve (9/100)
2026-03-19 02:20:43,025 - steps.encdec - INFO - Epoch 75/600
2026-03-19 02:21:43,652 - steps.encdec - INFO - No improve (10/100)
2026-03-19 02:21:43,652 - steps.encdec - INFO - Epoch 76/600
2026-03-19 02:22:44,671 - steps.encdec - INFO - No improve (11/100)
2026-03-19 02:22:44,671 - steps.encdec - INFO - Epoch 77/600
2026-03-19 02:23:45,235 - steps.encdec - INFO - No improve (12/100)
2026-03-19 02:23:45,235 - steps.encdec - INFO - Epoch 78/600
2026-03-19 02:24:46,054 - steps.encdec - INFO - No improve (13/100)
2026-03-19 02:24:46,054 - steps.encdec - INFO - Epoch 79/600
2026-03-19 02:25:46,951 - steps.encdec - INFO - No improve (14/100)
2026-03-19 02:25:46,951 - steps.encdec - INFO - Epoch 80/600
2026-03-19 02:26:47,508 - steps.encdec - INFO - No improve (15/100)
2026-03-19 02:26:47,509 - steps.encdec - INFO - Epoch 81/600
2026-03-19 02:27:42,540 - encdec_trainer - INFO - [latent] epoch=80 mu_var=0.135978 mu_abs=0.153457 logvar_mean=-0.984598 logvar_min=-9.06 logvar_max=0.406
2026-03-19 02:27:48,585 - steps.encdec - INFO - No improve (16/100)
2026-03-19 02:27:48,585 - steps.encdec - INFO - Epoch 82/600
2026-03-19 02:28:49,211 - steps.encdec - INFO - No improve (17/100)
2026-03-19 02:28:49,211 - steps.encdec - INFO - Epoch 83/600
2026-03-19 02:29:49,836 - steps.encdec - INFO - No improve (18/100)
2026-03-19 02:29:49,836 - steps.encdec - INFO - Epoch 84/600
2026-03-19 02:30:50,576 - steps.encdec - INFO - No improve (19/100)
2026-03-19 02:30:50,577 - steps.encdec - INFO - Epoch 85/600
2026-03-19 02:31:51,356 - steps.encdec - INFO - No improve (20/100)
2026-03-19 02:31:51,356 - steps.encdec - INFO - Epoch 86/600
2026-03-19 02:32:52,161 - steps.encdec - INFO - No improve (21/100)
2026-03-19 02:32:52,161 - steps.encdec - INFO - Epoch 87/600
2026-03-19 02:33:52,447 - steps.encdec - INFO - No improve (22/100)
2026-03-19 02:33:52,447 - steps.encdec - INFO - Epoch 88/600
2026-03-19 02:34:53,164 - steps.encdec - INFO - No improve (23/100)
2026-03-19 02:34:53,165 - steps.encdec - INFO - Epoch 89/600
2026-03-19 02:35:53,977 - steps.encdec - INFO - No improve (24/100)
2026-03-19 02:35:53,977 - steps.encdec - INFO - Epoch 90/600
2026-03-19 02:36:54,494 - steps.encdec - INFO - No improve (25/100)
2026-03-19 02:36:54,495 - steps.encdec - INFO - Epoch 91/600
2026-03-19 02:37:49,205 - encdec_trainer - INFO - [latent] epoch=90 mu_var=0.134236 mu_abs=0.153079 logvar_mean=-0.978325 logvar_min=-9.03 logvar_max=0.415
2026-03-19 02:37:55,176 - steps.encdec - INFO - No improve (26/100)
2026-03-19 02:37:55,177 - steps.encdec - INFO - Epoch 92/600
2026-03-19 02:38:55,596 - steps.encdec - INFO - No improve (27/100)
2026-03-19 02:38:55,597 - steps.encdec - INFO - Epoch 93/600
2026-03-19 02:39:56,217 - steps.encdec - INFO - No improve (28/100)
2026-03-19 02:39:56,218 - steps.encdec - INFO - Epoch 94/600
2026-03-19 02:40:56,748 - steps.encdec - INFO - No improve (29/100)
2026-03-19 02:40:56,748 - steps.encdec - INFO - Epoch 95/600
2026-03-19 02:41:57,245 - steps.encdec - INFO - No improve (30/100)
2026-03-19 02:41:57,245 - steps.encdec - INFO - Epoch 96/600
2026-03-19 02:42:57,950 - steps.encdec - INFO - No improve (31/100)
2026-03-19 02:42:57,950 - steps.encdec - INFO - Epoch 97/600
2026-03-19 02:43:57,988 - steps.encdec - INFO - No improve (32/100)
2026-03-19 02:43:57,988 - steps.encdec - INFO - Epoch 98/600
2026-03-19 02:44:58,090 - steps.encdec - INFO - No improve (33/100)
2026-03-19 02:44:58,090 - steps.encdec - INFO - Epoch 99/600
2026-03-19 02:45:58,503 - steps.encdec - INFO - No improve (34/100)
2026-03-19 02:45:58,503 - steps.encdec - INFO - Epoch 100/600
2026-03-19 02:46:59,159 - steps.encdec - INFO - No improve (35/100)
2026-03-19 02:46:59,159 - steps.encdec - INFO - Epoch 101/600
2026-03-19 02:47:53,837 - encdec_trainer - INFO - [latent] epoch=100 mu_var=0.133537 mu_abs=0.153275 logvar_mean=-0.967883 logvar_min=-8.98 logvar_max=0.401
2026-03-19 02:47:59,764 - steps.encdec - INFO - No improve (36/100)
2026-03-19 02:47:59,764 - steps.encdec - INFO - Epoch 102/600
2026-03-19 02:48:59,754 - steps.encdec - INFO - No improve (37/100)
2026-03-19 02:48:59,754 - steps.encdec - INFO - Epoch 103/600
2026-03-19 02:49:59,745 - steps.encdec - INFO - No improve (38/100)
2026-03-19 02:49:59,745 - steps.encdec - INFO - Epoch 104/600
2026-03-19 02:50:59,667 - steps.encdec - INFO - No improve (39/100)
2026-03-19 02:50:59,667 - steps.encdec - INFO - Epoch 105/600
2026-03-19 02:51:59,591 - steps.encdec - INFO - No improve (40/100)
2026-03-19 02:51:59,591 - steps.encdec - INFO - Epoch 106/600
2026-03-19 02:53:00,213 - steps.encdec - INFO - No improve (41/100)
2026-03-19 02:53:00,213 - steps.encdec - INFO - Epoch 107/600
2026-03-19 02:54:00,197 - steps.encdec - INFO - No improve (42/100)
2026-03-19 02:54:00,198 - steps.encdec - INFO - Epoch 108/600
2026-03-19 02:55:00,423 - steps.encdec - INFO - No improve (43/100)
2026-03-19 02:55:00,423 - steps.encdec - INFO - Epoch 109/600
2026-03-19 02:56:00,739 - steps.encdec - INFO - No improve (44/100)
2026-03-19 02:56:00,739 - steps.encdec - INFO - Epoch 110/600
2026-03-19 02:57:01,087 - steps.encdec - INFO - No improve (45/100)
2026-03-19 02:57:01,087 - steps.encdec - INFO - Epoch 111/600
2026-03-19 02:57:55,757 - encdec_trainer - INFO - [latent] epoch=110 mu_var=0.133064 mu_abs=0.153223 logvar_mean=-0.960894 logvar_min=-8.93 logvar_max=0.416
2026-03-19 02:58:01,718 - steps.encdec - INFO - No improve (46/100)
2026-03-19 02:58:01,718 - steps.encdec - INFO - Epoch 112/600
2026-03-19 02:59:02,340 - steps.encdec - INFO - No improve (47/100)
2026-03-19 02:59:02,340 - steps.encdec - INFO - Epoch 113/600
2026-03-19 03:00:03,064 - steps.encdec - INFO - No improve (48/100)
2026-03-19 03:00:03,064 - steps.encdec - INFO - Epoch 114/600
2026-03-19 03:01:03,260 - steps.encdec - INFO - No improve (49/100)
2026-03-19 03:01:03,261 - steps.encdec - INFO - Epoch 115/600
2026-03-19 03:02:03,335 - steps.encdec - INFO - No improve (50/100)
2026-03-19 03:02:03,335 - steps.encdec - INFO - Epoch 116/600
2026-03-19 03:03:03,846 - steps.encdec - INFO - No improve (51/100)
2026-03-19 03:03:03,846 - steps.encdec - INFO - Epoch 117/600
2026-03-19 03:04:03,724 - steps.encdec - INFO - No improve (52/100)
2026-03-19 03:04:03,724 - steps.encdec - INFO - Epoch 118/600
2026-03-19 03:05:03,636 - steps.encdec - INFO - No improve (53/100)
2026-03-19 03:05:03,636 - steps.encdec - INFO - Epoch 119/600
2026-03-19 03:06:03,638 - steps.encdec - INFO - No improve (54/100)
2026-03-19 03:06:03,639 - steps.encdec - INFO - Epoch 120/600
2026-03-19 03:07:03,454 - steps.encdec - INFO - No improve (55/100)
2026-03-19 03:07:03,454 - steps.encdec - INFO - Epoch 121/600
2026-03-19 03:07:57,830 - encdec_trainer - INFO - [latent] epoch=120 mu_var=0.133108 mu_abs=0.153283 logvar_mean=-0.960288 logvar_min=-8.93 logvar_max=0.417
2026-03-19 03:08:03,738 - steps.encdec - INFO - No improve (56/100)
2026-03-19 03:08:03,738 - steps.encdec - INFO - Epoch 122/600
2026-03-19 03:09:03,684 - steps.encdec - INFO - No improve (57/100)
2026-03-19 03:09:03,685 - steps.encdec - INFO - Epoch 123/600
2026-03-19 03:10:03,673 - steps.encdec - INFO - No improve (58/100)
2026-03-19 03:10:03,673 - steps.encdec - INFO - Epoch 124/600
2026-03-19 03:11:03,518 - steps.encdec - INFO - No improve (59/100)
2026-03-19 03:11:03,518 - steps.encdec - INFO - Epoch 125/600
2026-03-19 03:12:03,448 - steps.encdec - INFO - No improve (60/100)
2026-03-19 03:12:03,448 - steps.encdec - INFO - Epoch 126/600
2026-03-19 03:13:04,186 - steps.encdec - INFO - No improve (61/100)
2026-03-19 03:13:04,187 - steps.encdec - INFO - Epoch 127/600
2026-03-19 03:14:04,306 - steps.encdec - INFO - No improve (62/100)
2026-03-19 03:14:04,306 - steps.encdec - INFO - Epoch 128/600
2026-03-19 03:15:04,552 - steps.encdec - INFO - No improve (63/100)
2026-03-19 03:15:04,553 - steps.encdec - INFO - Epoch 129/600
2026-03-19 03:16:04,530 - steps.encdec - INFO - No improve (64/100)
2026-03-19 03:16:04,530 - steps.encdec - INFO - Epoch 130/600
2026-03-19 03:17:04,876 - steps.encdec - INFO - No improve (65/100)
2026-03-19 03:17:04,876 - steps.encdec - INFO - Epoch 131/600
2026-03-19 03:17:59,464 - encdec_trainer - INFO - [latent] epoch=130 mu_var=0.133037 mu_abs=0.153268 logvar_mean=-0.95934 logvar_min=-8.93 logvar_max=0.418
2026-03-19 03:18:05,385 - steps.encdec - INFO - No improve (66/100)
2026-03-19 03:18:05,386 - steps.encdec - INFO - Epoch 132/600
2026-03-19 03:19:05,534 - steps.encdec - INFO - No improve (67/100)
2026-03-19 03:19:05,534 - steps.encdec - INFO - Epoch 133/600
2026-03-19 03:20:05,578 - steps.encdec - INFO - No improve (68/100)
2026-03-19 03:20:05,579 - steps.encdec - INFO - Epoch 134/600
2026-03-19 03:21:05,516 - steps.encdec - INFO - No improve (69/100)
2026-03-19 03:21:05,516 - steps.encdec - INFO - Epoch 135/600
2026-03-19 03:22:05,454 - steps.encdec - INFO - No improve (70/100)
2026-03-19 03:22:05,455 - steps.encdec - INFO - Epoch 136/600
2026-03-19 03:23:06,175 - steps.encdec - INFO - No improve (71/100)
2026-03-19 03:23:06,175 - steps.encdec - INFO - Epoch 137/600
2026-03-19 03:24:06,308 - steps.encdec - INFO - No improve (72/100)
2026-03-19 03:24:06,309 - steps.encdec - INFO - Epoch 138/600
2026-03-19 03:25:06,203 - steps.encdec - INFO - No improve (73/100)
2026-03-19 03:25:06,203 - steps.encdec - INFO - Epoch 139/600
2026-03-19 03:26:06,083 - steps.encdec - INFO - No improve (74/100)
2026-03-19 03:26:06,083 - steps.encdec - INFO - Epoch 140/600
2026-03-19 03:27:06,208 - steps.encdec - INFO - No improve (75/100)
2026-03-19 03:27:06,209 - steps.encdec - INFO - Epoch 141/600
2026-03-19 03:28:00,757 - encdec_trainer - INFO - [latent] epoch=140 mu_var=0.13304 mu_abs=0.15327 logvar_mean=-0.95932 logvar_min=-8.93 logvar_max=0.418
2026-03-19 03:28:06,681 - steps.encdec - INFO - No improve (76/100)
2026-03-19 03:28:06,682 - steps.encdec - INFO - Epoch 142/600
2026-03-19 03:29:06,629 - steps.encdec - INFO - No improve (77/100)
2026-03-19 03:29:06,629 - steps.encdec - INFO - Epoch 143/600
2026-03-19 03:30:06,504 - steps.encdec - INFO - No improve (78/100)
2026-03-19 03:30:06,504 - steps.encdec - INFO - Epoch 144/600
2026-03-19 03:31:06,566 - steps.encdec - INFO - No improve (79/100)
2026-03-19 03:31:06,566 - steps.encdec - INFO - Epoch 145/600
2026-03-19 03:32:06,584 - steps.encdec - INFO - No improve (80/100)
2026-03-19 03:32:06,584 - steps.encdec - INFO - Epoch 146/600
2026-03-19 03:33:07,139 - steps.encdec - INFO - No improve (81/100)
2026-03-19 03:33:07,140 - steps.encdec - INFO - Epoch 147/600
2026-03-19 03:34:07,432 - steps.encdec - INFO - No improve (82/100)
2026-03-19 03:34:07,433 - steps.encdec - INFO - Epoch 148/600
2026-03-19 03:35:07,538 - steps.encdec - INFO - No improve (83/100)
2026-03-19 03:35:07,538 - steps.encdec - INFO - Epoch 149/600
2026-03-19 03:36:07,725 - steps.encdec - INFO - No improve (84/100)
2026-03-19 03:36:07,725 - steps.encdec - INFO - Epoch 150/600
2026-03-19 03:37:08,394 - steps.encdec - INFO - No improve (85/100)
2026-03-19 03:37:08,394 - steps.encdec - INFO - Epoch 151/600
2026-03-19 03:38:02,979 - encdec_trainer - INFO - [latent] epoch=150 mu_var=0.133043 mu_abs=0.153273 logvar_mean=-0.959262 logvar_min=-8.93 logvar_max=0.418
2026-03-19 03:38:08,895 - steps.encdec - INFO - No improve (86/100)
2026-03-19 03:38:08,895 - steps.encdec - INFO - Epoch 152/600
2026-03-19 03:39:09,013 - steps.encdec - INFO - No improve (87/100)
2026-03-19 03:39:09,014 - steps.encdec - INFO - Epoch 153/600
2026-03-19 03:40:08,975 - steps.encdec - INFO - No improve (88/100)
2026-03-19 03:40:08,975 - steps.encdec - INFO - Epoch 154/600
2026-03-19 03:41:08,849 - steps.encdec - INFO - No improve (89/100)
2026-03-19 03:41:08,849 - steps.encdec - INFO - Epoch 155/600
2026-03-19 03:42:08,803 - steps.encdec - INFO - No improve (90/100)
2026-03-19 03:42:08,803 - steps.encdec - INFO - Epoch 156/600
2026-03-19 03:43:09,320 - steps.encdec - INFO - No improve (91/100)
2026-03-19 03:43:09,320 - steps.encdec - INFO - Epoch 157/600
2026-03-19 03:44:09,395 - steps.encdec - INFO - No improve (92/100)
2026-03-19 03:44:09,395 - steps.encdec - INFO - Epoch 158/600
2026-03-19 03:45:09,775 - steps.encdec - INFO - No improve (93/100)
2026-03-19 03:45:09,775 - steps.encdec - INFO - Epoch 159/600
2026-03-19 03:46:10,294 - steps.encdec - INFO - No improve (94/100)
2026-03-19 03:46:10,294 - steps.encdec - INFO - Epoch 160/600
2026-03-19 03:47:10,287 - steps.encdec - INFO - No improve (95/100)
2026-03-19 03:47:10,287 - steps.encdec - INFO - Epoch 161/600
2026-03-19 03:48:04,908 - encdec_trainer - INFO - [latent] epoch=160 mu_var=0.13305 mu_abs=0.153277 logvar_mean=-0.959107 logvar_min=-8.92 logvar_max=0.418
2026-03-19 03:48:10,870 - steps.encdec - INFO - No improve (96/100)
2026-03-19 03:48:10,870 - steps.encdec - INFO - Epoch 162/600
2026-03-19 03:49:11,042 - steps.encdec - INFO - No improve (97/100)
2026-03-19 03:49:11,042 - steps.encdec - INFO - Epoch 163/600
2026-03-19 03:50:11,259 - steps.encdec - INFO - No improve (98/100)
2026-03-19 03:50:11,259 - steps.encdec - INFO - Epoch 164/600
2026-03-19 03:51:11,409 - steps.encdec - INFO - No improve (99/100)
2026-03-19 03:51:11,409 - steps.encdec - INFO - Epoch 165/600
2026-03-19 03:52:11,371 - steps.encdec - INFO - No improve (100/100)
2026-03-19 03:52:11,372 - steps.encdec - INFO - Early stopping triggered
2026-03-19 03:52:11,372 - steps.encdec - INFO - ==================================================
2026-03-19 03:52:11,372 - steps.encdec - INFO - TRAINING FINISHED
2026-03-19 03:52:11,372 - steps.encdec - INFO - Best Epoch: 65
2026-03-19 03:52:11,372 - steps.encdec - INFO - Best Validation Metrics:
2026-03-19 03:52:11,372 - steps.encdec - INFO -   - total_loss: 0.078962
2026-03-19 03:52:11,372 - steps.encdec - INFO -   - recon_loss: 0.016734
2026-03-19 03:52:11,372 - steps.encdec - INFO -   - recon_data_loss: 0.016456
2026-03-19 03:52:11,372 - steps.encdec - INFO -   - recon_mask_loss: 0.000278
2026-03-19 03:52:11,372 - steps.encdec - INFO -   - kld_loss: 7.296256
2026-03-19 03:52:11,372 - steps.encdec - INFO -   - kld_free: 7.343245
2026-03-19 03:52:11,372 - steps.encdec - INFO -   - causal_loss: 0.056280
2026-03-19 03:52:11,372 - steps.encdec - INFO -   - current_beta: 0.000810
2026-03-19 03:52:11,373 - steps.encdec - INFO - Best Validation Score (recon + gamma*causal): 0.073014
2026-03-19 03:52:11,373 - steps.encdec - INFO - ==================================================
2026-03-19 03:52:12,599 - steps.encdec - INFO - Saved loss curves -> cvae_loss_curves.png
2026-03-19 03:52:31,144 - steps.encdec - INFO - Saved encoded data (shape=(540000, 16)) -> cvae_encoded_data_balanced_enhanced.pkl
2026-03-19 22:29:33,397 - steps.encdec - INFO - Step: encdec | training CausalVAE
2026-03-19 22:29:33,398 - steps.encdec - INFO - Device: cuda
2026-03-19 22:31:23,096 - steps.encdec - INFO - Dims | input_dim=29 seq_len=60 num_total_features=29
2026-03-19 22:31:23,097 - steps.encdec - INFO - Generating A_target ...
2026-03-19 23:58:51,275 - steps.encdec - INFO - Start from scratch | resume=False | ckpt_exists=True
2026-03-19 23:58:51,276 - steps.encdec - INFO - Epoch 1/500
2026-03-19 23:59:52,745 - encdec_trainer - INFO - [latent] epoch=0 mu_var=118.95 mu_abs=8.94513 logvar_mean=-9.76486 logvar_min=-25.5 logvar_max=-1.73
2026-03-19 23:59:58,936 - steps.encdec - INFO - New best val_score=0.079955 | saved ckpt -> cvae_model.pkl
2026-03-19 23:59:58,936 - steps.encdec - INFO - Epoch 2/500
2026-03-20 00:01:00,293 - steps.encdec - INFO - New best val_score=0.057968 | saved ckpt -> cvae_model.pkl
2026-03-20 00:01:00,293 - steps.encdec - INFO - Epoch 3/500
2026-03-20 00:02:01,616 - steps.encdec - INFO - New best val_score=0.053194 | saved ckpt -> cvae_model.pkl
2026-03-20 00:02:01,617 - steps.encdec - INFO - Epoch 4/500
2026-03-20 00:03:02,781 - steps.encdec - INFO - New best val_score=0.048598 | saved ckpt -> cvae_model.pkl
2026-03-20 00:03:02,781 - steps.encdec - INFO - Epoch 5/500
2026-03-20 00:04:04,061 - steps.encdec - INFO - New best val_score=0.045617 | saved ckpt -> cvae_model.pkl
2026-03-20 00:04:04,061 - steps.encdec - INFO - Epoch 6/500
2026-03-20 00:05:06,036 - steps.encdec - INFO - New best val_score=0.041865 | saved ckpt -> cvae_model.pkl
2026-03-20 00:05:06,036 - steps.encdec - INFO - Epoch 7/500
2026-03-20 00:06:07,634 - steps.encdec - INFO - No improve (1/50)
2026-03-20 00:06:07,634 - steps.encdec - INFO - Epoch 8/500
2026-03-20 00:07:08,921 - steps.encdec - INFO - No improve (2/50)
2026-03-20 00:07:08,922 - steps.encdec - INFO - Epoch 9/500
2026-03-20 00:08:10,146 - steps.encdec - INFO - No improve (3/50)
2026-03-20 00:08:10,147 - steps.encdec - INFO - Epoch 10/500
2026-03-20 00:09:11,067 - steps.encdec - INFO - No improve (4/50)
2026-03-20 00:09:11,067 - steps.encdec - INFO - Epoch 11/500
2026-03-20 00:10:06,639 - encdec_trainer - INFO - [latent] epoch=10 mu_var=0.522237 mu_abs=0.596606 logvar_mean=-2.96022 logvar_min=-7.04 logvar_max=-1.01
2026-03-20 00:10:12,614 - steps.encdec - INFO - No improve (5/50)
2026-03-20 00:10:12,614 - steps.encdec - INFO - Epoch 12/500
2026-03-20 00:11:13,739 - steps.encdec - INFO - No improve (6/50)
2026-03-20 00:11:13,739 - steps.encdec - INFO - Epoch 13/500
2026-03-20 00:12:14,739 - steps.encdec - INFO - No improve (7/50)
2026-03-20 00:12:14,739 - steps.encdec - INFO - Epoch 14/500
2026-03-20 00:13:15,618 - steps.encdec - INFO - No improve (8/50)
2026-03-20 00:13:15,619 - steps.encdec - INFO - Epoch 15/500
2026-03-20 00:14:16,604 - steps.encdec - INFO - No improve (9/50)
2026-03-20 00:14:16,605 - steps.encdec - INFO - Epoch 16/500
2026-03-20 00:15:18,475 - steps.encdec - INFO - No improve (10/50)
2026-03-20 00:15:18,476 - steps.encdec - INFO - Epoch 17/500
2026-03-20 00:16:19,612 - steps.encdec - INFO - No improve (11/50)
2026-03-20 00:16:19,613 - steps.encdec - INFO - Epoch 18/500
2026-03-20 00:17:20,765 - steps.encdec - INFO - No improve (12/50)
2026-03-20 00:17:20,765 - steps.encdec - INFO - Epoch 19/500
2026-03-20 00:18:22,181 - steps.encdec - INFO - No improve (13/50)
2026-03-20 00:18:22,181 - steps.encdec - INFO - Epoch 20/500
2026-03-20 00:19:23,439 - steps.encdec - INFO - No improve (14/50)
2026-03-20 00:19:23,439 - steps.encdec - INFO - Epoch 21/500
2026-03-20 00:20:19,064 - encdec_trainer - INFO - [latent] epoch=20 mu_var=0.181732 mu_abs=0.268009 logvar_mean=-3.07912 logvar_min=-7.6 logvar_max=-1.58
2026-03-20 00:20:24,991 - steps.encdec - INFO - No improve (15/50)
2026-03-20 00:20:24,991 - steps.encdec - INFO - Epoch 22/500
2026-03-20 00:21:25,929 - steps.encdec - INFO - No improve (16/50)
2026-03-20 00:21:25,929 - steps.encdec - INFO - Epoch 23/500
2026-03-20 00:22:26,968 - steps.encdec - INFO - No improve (17/50)
2026-03-20 00:22:26,968 - steps.encdec - INFO - Epoch 24/500
2026-03-20 00:23:28,110 - steps.encdec - INFO - No improve (18/50)
2026-03-20 00:23:28,110 - steps.encdec - INFO - Epoch 25/500
2026-03-20 00:24:29,202 - steps.encdec - INFO - No improve (19/50)
2026-03-20 00:24:29,202 - steps.encdec - INFO - Epoch 26/500
2026-03-20 00:25:30,701 - steps.encdec - INFO - No improve (20/50)
2026-03-20 00:25:30,701 - steps.encdec - INFO - Epoch 27/500
2026-03-20 00:26:31,726 - steps.encdec - INFO - No improve (21/50)
2026-03-20 00:26:31,726 - steps.encdec - INFO - Epoch 28/500
2026-03-20 00:27:32,943 - steps.encdec - INFO - No improve (22/50)
2026-03-20 00:27:32,944 - steps.encdec - INFO - Epoch 29/500
2026-03-20 00:28:33,830 - steps.encdec - INFO - No improve (23/50)
2026-03-20 00:28:33,830 - steps.encdec - INFO - Epoch 30/500
2026-03-20 00:29:34,783 - steps.encdec - INFO - No improve (24/50)
2026-03-20 00:29:34,783 - steps.encdec - INFO - Epoch 31/500
2026-03-20 00:30:30,592 - encdec_trainer - INFO - [latent] epoch=30 mu_var=0.63831 mu_abs=0.681842 logvar_mean=-2.10685 logvar_min=-5.71 logvar_max=-0.0271
2026-03-20 00:30:36,467 - steps.encdec - INFO - No improve (25/50)
2026-03-20 00:30:36,467 - steps.encdec - INFO - Epoch 32/500
2026-03-20 00:31:37,598 - steps.encdec - INFO - No improve (26/50)
2026-03-20 00:31:37,599 - steps.encdec - INFO - Epoch 33/500
2026-03-20 00:32:38,811 - steps.encdec - INFO - No improve (27/50)
2026-03-20 00:32:38,811 - steps.encdec - INFO - Epoch 34/500
2026-03-20 00:33:39,812 - steps.encdec - INFO - No improve (28/50)
2026-03-20 00:33:39,812 - steps.encdec - INFO - Epoch 35/500
2026-03-20 00:34:40,854 - steps.encdec - INFO - No improve (29/50)
2026-03-20 00:34:40,854 - steps.encdec - INFO - Epoch 36/500
2026-03-20 00:35:42,288 - steps.encdec - INFO - No improve (30/50)
2026-03-20 00:35:42,289 - steps.encdec - INFO - Epoch 37/500
2026-03-20 00:36:43,363 - steps.encdec - INFO - No improve (31/50)
2026-03-20 00:36:43,363 - steps.encdec - INFO - Epoch 38/500
2026-03-20 00:37:44,696 - steps.encdec - INFO - No improve (32/50)
2026-03-20 00:37:44,696 - steps.encdec - INFO - Epoch 39/500
2026-03-20 00:38:45,858 - steps.encdec - INFO - No improve (33/50)
2026-03-20 00:38:45,858 - steps.encdec - INFO - Epoch 40/500
2026-03-20 00:39:47,149 - steps.encdec - INFO - No improve (34/50)
2026-03-20 00:39:47,149 - steps.encdec - INFO - Epoch 41/500
2026-03-20 00:40:42,884 - encdec_trainer - INFO - [latent] epoch=40 mu_var=0.666299 mu_abs=0.702622 logvar_mean=-2.03826 logvar_min=-3.21 logvar_max=-0.699
2026-03-20 00:40:48,795 - steps.encdec - INFO - No improve (35/50)
2026-03-20 00:40:48,795 - steps.encdec - INFO - Epoch 42/500
2026-03-20 00:41:49,979 - steps.encdec - INFO - No improve (36/50)
2026-03-20 00:41:49,980 - steps.encdec - INFO - Epoch 43/500
2026-03-20 00:42:51,101 - steps.encdec - INFO - No improve (37/50)
2026-03-20 00:42:51,101 - steps.encdec - INFO - Epoch 44/500
2026-03-20 00:43:52,317 - steps.encdec - INFO - No improve (38/50)
2026-03-20 00:43:52,317 - steps.encdec - INFO - Epoch 45/500
2026-03-20 00:44:53,323 - steps.encdec - INFO - No improve (39/50)
2026-03-20 00:44:53,323 - steps.encdec - INFO - Epoch 46/500
2026-03-20 00:45:54,764 - steps.encdec - INFO - No improve (40/50)
2026-03-20 00:45:54,765 - steps.encdec - INFO - Epoch 47/500
2026-03-20 00:46:56,082 - steps.encdec - INFO - No improve (41/50)
2026-03-20 00:46:56,083 - steps.encdec - INFO - Epoch 48/500
2026-03-20 00:47:57,361 - steps.encdec - INFO - No improve (42/50)
2026-03-20 00:47:57,361 - steps.encdec - INFO - Epoch 49/500
2026-03-20 00:48:58,612 - steps.encdec - INFO - No improve (43/50)
2026-03-20 00:48:58,612 - steps.encdec - INFO - Epoch 50/500
2026-03-20 00:49:59,988 - steps.encdec - INFO - No improve (44/50)
2026-03-20 00:49:59,988 - steps.encdec - INFO - Epoch 51/500
2026-03-20 00:50:55,780 - encdec_trainer - INFO - [latent] epoch=50 mu_var=0.652518 mu_abs=0.698365 logvar_mean=-2.01579 logvar_min=-3.03 logvar_max=-0.206
2026-03-20 00:51:01,693 - steps.encdec - INFO - No improve (45/50)
2026-03-20 00:51:01,693 - steps.encdec - INFO - Epoch 52/500
2026-03-20 00:52:02,748 - steps.encdec - INFO - No improve (46/50)
2026-03-20 00:52:02,748 - steps.encdec - INFO - Epoch 53/500
2026-03-20 00:53:03,972 - steps.encdec - INFO - No improve (47/50)
2026-03-20 00:53:03,972 - steps.encdec - INFO - Epoch 54/500
2026-03-20 00:54:04,422 - steps.encdec - INFO - No improve (48/50)
2026-03-20 00:54:04,422 - steps.encdec - INFO - Epoch 55/500
2026-03-20 00:55:04,692 - steps.encdec - INFO - No improve (49/50)
2026-03-20 00:55:04,692 - steps.encdec - INFO - Epoch 56/500
2026-03-20 00:56:05,653 - steps.encdec - INFO - New best val_score=0.032657 | saved ckpt -> cvae_model.pkl
2026-03-20 00:56:05,653 - steps.encdec - INFO - Epoch 57/500
2026-03-20 00:57:05,717 - steps.encdec - INFO - No improve (1/50)
2026-03-20 00:57:05,717 - steps.encdec - INFO - Epoch 58/500
2026-03-20 00:58:05,523 - steps.encdec - INFO - No improve (2/50)
2026-03-20 00:58:05,524 - steps.encdec - INFO - Epoch 59/500
2026-03-20 00:59:05,642 - steps.encdec - INFO - No improve (3/50)
2026-03-20 00:59:05,642 - steps.encdec - INFO - Epoch 60/500
2026-03-20 01:00:06,085 - steps.encdec - INFO - No improve (4/50)
2026-03-20 01:00:06,085 - steps.encdec - INFO - Epoch 61/500
2026-03-20 01:01:00,851 - encdec_trainer - INFO - [latent] epoch=60 mu_var=0.680861 mu_abs=0.700679 logvar_mean=-2.07697 logvar_min=-3.01 logvar_max=-0.807
2026-03-20 01:01:06,635 - steps.encdec - INFO - No improve (5/50)
2026-03-20 01:01:06,635 - steps.encdec - INFO - Epoch 62/500
2026-03-20 01:02:06,455 - steps.encdec - INFO - No improve (6/50)
2026-03-20 01:02:06,455 - steps.encdec - INFO - Epoch 63/500
2026-03-20 01:03:06,355 - steps.encdec - INFO - No improve (7/50)
2026-03-20 01:03:06,356 - steps.encdec - INFO - Epoch 64/500
2026-03-20 01:04:06,379 - steps.encdec - INFO - No improve (8/50)
2026-03-20 01:04:06,379 - steps.encdec - INFO - Epoch 65/500
2026-03-20 01:05:06,332 - steps.encdec - INFO - No improve (9/50)
2026-03-20 01:05:06,332 - steps.encdec - INFO - Epoch 66/500
2026-03-20 01:06:06,594 - steps.encdec - INFO - No improve (10/50)
2026-03-20 01:06:06,594 - steps.encdec - INFO - Epoch 67/500
2026-03-20 01:07:06,340 - steps.encdec - INFO - No improve (11/50)
2026-03-20 01:07:06,340 - steps.encdec - INFO - Epoch 68/500
2026-03-20 01:08:06,423 - steps.encdec - INFO - No improve (12/50)
2026-03-20 01:08:06,423 - steps.encdec - INFO - Epoch 69/500
2026-03-20 01:09:06,513 - steps.encdec - INFO - No improve (13/50)
2026-03-20 01:09:06,514 - steps.encdec - INFO - Epoch 70/500
2026-03-20 01:10:06,112 - steps.encdec - INFO - No improve (14/50)
2026-03-20 01:10:06,113 - steps.encdec - INFO - Epoch 71/500
2026-03-20 01:11:00,411 - encdec_trainer - INFO - [latent] epoch=70 mu_var=0.643641 mu_abs=0.679388 logvar_mean=-2.16452 logvar_min=-3.09 logvar_max=-0.587
2026-03-20 01:11:06,189 - steps.encdec - INFO - No improve (15/50)
2026-03-20 01:11:06,189 - steps.encdec - INFO - Epoch 72/500
2026-03-20 01:12:06,010 - steps.encdec - INFO - No improve (16/50)
2026-03-20 01:12:06,010 - steps.encdec - INFO - Epoch 73/500
2026-03-20 01:13:05,899 - steps.encdec - INFO - No improve (17/50)
2026-03-20 01:13:05,899 - steps.encdec - INFO - Epoch 74/500
2026-03-20 01:14:06,118 - steps.encdec - INFO - No improve (18/50)
2026-03-20 01:14:06,118 - steps.encdec - INFO - Epoch 75/500
2026-03-20 01:15:05,844 - steps.encdec - INFO - No improve (19/50)
2026-03-20 01:15:05,845 - steps.encdec - INFO - Epoch 76/500
2026-03-20 01:16:06,009 - steps.encdec - INFO - No improve (20/50)
2026-03-20 01:16:06,009 - steps.encdec - INFO - Epoch 77/500
2026-03-20 01:17:06,304 - steps.encdec - INFO - No improve (21/50)
2026-03-20 01:17:06,305 - steps.encdec - INFO - Epoch 78/500
2026-03-20 01:18:06,267 - steps.encdec - INFO - No improve (22/50)
2026-03-20 01:18:06,268 - steps.encdec - INFO - Epoch 79/500
2026-03-20 01:19:06,260 - steps.encdec - INFO - No improve (23/50)
2026-03-20 01:19:06,260 - steps.encdec - INFO - Epoch 80/500
2026-03-20 01:20:06,499 - steps.encdec - INFO - No improve (24/50)
2026-03-20 01:20:06,499 - steps.encdec - INFO - Epoch 81/500
2026-03-20 01:21:01,426 - encdec_trainer - INFO - [latent] epoch=80 mu_var=0.607257 mu_abs=0.662498 logvar_mean=-2.11672 logvar_min=-3 logvar_max=-0.678
2026-03-20 01:21:07,297 - steps.encdec - INFO - No improve (25/50)
2026-03-20 01:21:07,297 - steps.encdec - INFO - Epoch 82/500
2026-03-20 01:22:07,623 - steps.encdec - INFO - No improve (26/50)
2026-03-20 01:22:07,624 - steps.encdec - INFO - Epoch 83/500
2026-03-20 01:23:07,846 - steps.encdec - INFO - No improve (27/50)
2026-03-20 01:23:07,846 - steps.encdec - INFO - Epoch 84/500
2026-03-20 01:24:07,914 - steps.encdec - INFO - No improve (28/50)
2026-03-20 01:24:07,915 - steps.encdec - INFO - Epoch 85/500
2026-03-20 01:25:08,038 - steps.encdec - INFO - No improve (29/50)
2026-03-20 01:25:08,038 - steps.encdec - INFO - Epoch 86/500
2026-03-20 01:26:08,777 - steps.encdec - INFO - No improve (30/50)
2026-03-20 01:26:08,777 - steps.encdec - INFO - Epoch 87/500
2026-03-20 01:27:09,068 - steps.encdec - INFO - No improve (31/50)
2026-03-20 01:27:09,068 - steps.encdec - INFO - Epoch 88/500
2026-03-20 01:28:09,247 - steps.encdec - INFO - No improve (32/50)
2026-03-20 01:28:09,247 - steps.encdec - INFO - Epoch 89/500
2026-03-20 01:29:09,308 - steps.encdec - INFO - No improve (33/50)
2026-03-20 01:29:09,309 - steps.encdec - INFO - Epoch 90/500
2026-03-20 01:30:09,360 - steps.encdec - INFO - No improve (34/50)
2026-03-20 01:30:09,361 - steps.encdec - INFO - Epoch 91/500
2026-03-20 01:31:04,083 - encdec_trainer - INFO - [latent] epoch=90 mu_var=0.605792 mu_abs=0.662377 logvar_mean=-2.10877 logvar_min=-3.01 logvar_max=-0.758
2026-03-20 01:31:09,898 - steps.encdec - INFO - No improve (35/50)
2026-03-20 01:31:09,898 - steps.encdec - INFO - Epoch 92/500
2026-03-20 01:32:09,930 - steps.encdec - INFO - No improve (36/50)
2026-03-20 01:32:09,930 - steps.encdec - INFO - Epoch 93/500
2026-03-20 01:33:10,315 - steps.encdec - INFO - No improve (37/50)
2026-03-20 01:33:10,315 - steps.encdec - INFO - Epoch 94/500
2026-03-20 01:34:10,310 - steps.encdec - INFO - No improve (38/50)
2026-03-20 01:34:10,311 - steps.encdec - INFO - Epoch 95/500
2026-03-20 01:35:10,519 - steps.encdec - INFO - No improve (39/50)
2026-03-20 01:35:10,519 - steps.encdec - INFO - Epoch 96/500
2026-03-20 01:36:11,299 - steps.encdec - INFO - No improve (40/50)
2026-03-20 01:36:11,299 - steps.encdec - INFO - Epoch 97/500
2026-03-20 01:37:11,465 - steps.encdec - INFO - No improve (41/50)
2026-03-20 01:37:11,465 - steps.encdec - INFO - Epoch 98/500
2026-03-20 01:38:11,711 - steps.encdec - INFO - No improve (42/50)
2026-03-20 01:38:11,711 - steps.encdec - INFO - Epoch 99/500
2026-03-20 01:39:11,926 - steps.encdec - INFO - No improve (43/50)
2026-03-20 01:39:11,926 - steps.encdec - INFO - Epoch 100/500
2026-03-20 01:40:12,043 - steps.encdec - INFO - No improve (44/50)
2026-03-20 01:40:12,044 - steps.encdec - INFO - Epoch 101/500
2026-03-20 01:41:06,707 - encdec_trainer - INFO - [latent] epoch=100 mu_var=0.597164 mu_abs=0.657669 logvar_mean=-2.11479 logvar_min=-3.02 logvar_max=-0.761
2026-03-20 01:41:12,535 - steps.encdec - INFO - No improve (45/50)
2026-03-20 01:41:12,536 - steps.encdec - INFO - Epoch 102/500
2026-03-20 01:42:12,333 - steps.encdec - INFO - No improve (46/50)
2026-03-20 01:42:12,333 - steps.encdec - INFO - Epoch 103/500
2026-03-20 01:43:12,125 - steps.encdec - INFO - No improve (47/50)
2026-03-20 01:43:12,125 - steps.encdec - INFO - Epoch 104/500
2026-03-20 01:44:11,954 - steps.encdec - INFO - No improve (48/50)
2026-03-20 01:44:11,954 - steps.encdec - INFO - Epoch 105/500
2026-03-20 01:45:11,949 - steps.encdec - INFO - No improve (49/50)
2026-03-20 01:45:11,949 - steps.encdec - INFO - Epoch 106/500
2026-03-20 01:46:12,580 - steps.encdec - INFO - No improve (50/50)
2026-03-20 01:46:12,580 - steps.encdec - INFO - Early stopping triggered
2026-03-20 01:46:12,580 - steps.encdec - INFO - ==================================================
2026-03-20 01:46:12,580 - steps.encdec - INFO - TRAINING FINISHED
2026-03-20 01:46:12,580 - steps.encdec - INFO - Best Epoch: 56
2026-03-20 01:46:12,580 - steps.encdec - INFO - Best Validation Metrics:
2026-03-20 01:46:12,580 - steps.encdec - INFO -   - total_loss: 0.032657
2026-03-20 01:46:12,580 - steps.encdec - INFO -   - recon_loss: 0.013101
2026-03-20 01:46:12,580 - steps.encdec - INFO -   - recon_data_loss: 0.013087
2026-03-20 01:46:12,580 - steps.encdec - INFO -   - recon_mask_loss: 0.000014
2026-03-20 01:46:12,581 - steps.encdec - INFO -   - kld_loss: 100.210468
2026-03-20 01:46:12,581 - steps.encdec - INFO -   - kld_free: 100.210468
2026-03-20 01:46:12,581 - steps.encdec - INFO -   - causal_loss: 0.009778
2026-03-20 01:46:12,581 - steps.encdec - INFO -   - current_beta: 0.000000
2026-03-20 01:46:12,581 - steps.encdec - INFO - Best Validation Score (recon + gamma*causal + beta*kld): 0.032657
2026-03-20 01:46:12,581 - steps.encdec - INFO - ==================================================
2026-03-20 01:46:13,735 - steps.encdec - INFO - Saved loss curves -> cvae_loss_curves.png
2026-03-20 01:46:31,090 - steps.encdec - INFO - Saved encoded data (shape=(540000, 32)) -> cvae_encoded_data.pkl
2026-03-20 15:43:24,423 - steps.encdec - INFO - Step: encdec | training CausalVAE
2026-03-20 15:43:24,423 - steps.encdec - INFO - Device: cuda
2026-03-20 15:45:33,755 - steps.encdec - INFO - Dims | input_dim=29 seq_len=60 num_total_features=29
2026-03-20 15:45:33,755 - steps.encdec - INFO - Generating A_target ...
2026-03-20 17:14:31,034 - steps.encdec - INFO - Start from scratch | resume=False | ckpt_exists=True
2026-03-20 17:14:31,034 - steps.encdec - INFO - Epoch 1/500
2026-03-20 17:15:28,689 - encdec_trainer - INFO - [latent] epoch=0 mu_var=310.069 mu_abs=27.1991 logvar_mean=-96.6369 logvar_min=-337 logvar_max=-4.32
2026-03-20 17:15:34,916 - steps.encdec - INFO - New best val_score=0.391909 | saved ckpt -> cvae_model.pkl
2026-03-20 17:15:34,916 - steps.encdec - INFO - Epoch 2/500
2026-03-20 17:16:35,405 - steps.encdec - INFO - New best val_score=0.276920 | saved ckpt -> cvae_model.pkl
2026-03-20 17:16:35,406 - steps.encdec - INFO - Epoch 3/500
2026-03-20 17:17:36,038 - steps.encdec - INFO - New best val_score=0.188959 | saved ckpt -> cvae_model.pkl
2026-03-20 17:17:36,039 - steps.encdec - INFO - Epoch 4/500
2026-03-20 17:18:36,859 - steps.encdec - INFO - New best val_score=0.145216 | saved ckpt -> cvae_model.pkl
2026-03-20 17:18:36,859 - steps.encdec - INFO - Epoch 5/500
2026-03-20 17:19:37,397 - steps.encdec - INFO - New best val_score=0.130547 | saved ckpt -> cvae_model.pkl
2026-03-20 17:19:37,398 - steps.encdec - INFO - Epoch 6/500
2026-03-20 17:20:38,387 - steps.encdec - INFO - No improve (1/50)
2026-03-20 17:20:38,387 - steps.encdec - INFO - Epoch 7/500
2026-03-20 17:21:38,884 - steps.encdec - INFO - No improve (2/50)
2026-03-20 17:21:38,884 - steps.encdec - INFO - Epoch 8/500
2026-03-20 17:22:39,312 - steps.encdec - INFO - No improve (3/50)
2026-03-20 17:22:39,312 - steps.encdec - INFO - Epoch 9/500
2026-03-20 17:23:39,969 - steps.encdec - INFO - No improve (4/50)
2026-03-20 17:23:39,969 - steps.encdec - INFO - Epoch 10/500
2026-03-20 17:24:40,822 - steps.encdec - INFO - No improve (5/50)
2026-03-20 17:24:40,823 - steps.encdec - INFO - Epoch 11/500
2026-03-20 17:25:35,877 - encdec_trainer - INFO - [latent] epoch=10 mu_var=3.27376 mu_abs=1.45011 logvar_mean=-3.97347 logvar_min=-30.7 logvar_max=1
2026-03-20 17:25:41,748 - steps.encdec - INFO - No improve (6/50)
2026-03-20 17:25:41,749 - steps.encdec - INFO - Epoch 12/500
2026-03-20 17:26:42,462 - steps.encdec - INFO - No improve (7/50)
2026-03-20 17:26:42,463 - steps.encdec - INFO - Epoch 13/500
2026-03-20 17:27:43,143 - steps.encdec - INFO - No improve (8/50)
2026-03-20 17:27:43,143 - steps.encdec - INFO - Epoch 14/500
2026-03-20 17:28:44,221 - steps.encdec - INFO - No improve (9/50)
2026-03-20 17:28:44,221 - steps.encdec - INFO - Epoch 15/500
2026-03-20 17:29:44,915 - steps.encdec - INFO - New best val_score=0.116294 | saved ckpt -> cvae_model.pkl
2026-03-20 17:29:44,916 - steps.encdec - INFO - Epoch 16/500
2026-03-20 17:30:45,995 - steps.encdec - INFO - No improve (1/50)
2026-03-20 17:30:45,995 - steps.encdec - INFO - Epoch 17/500
2026-03-20 17:31:46,780 - steps.encdec - INFO - New best val_score=0.100447 | saved ckpt -> cvae_model.pkl
2026-03-20 17:31:46,780 - steps.encdec - INFO - Epoch 18/500
2026-03-20 17:32:47,331 - steps.encdec - INFO - No improve (1/50)
2026-03-20 17:32:47,331 - steps.encdec - INFO - Epoch 19/500
2026-03-20 17:33:47,711 - steps.encdec - INFO - No improve (2/50)
2026-03-20 17:33:47,711 - steps.encdec - INFO - Epoch 20/500
2026-03-20 17:34:48,049 - steps.encdec - INFO - No improve (3/50)
2026-03-20 17:34:48,049 - steps.encdec - INFO - Epoch 21/500
2026-03-20 17:35:43,055 - encdec_trainer - INFO - [latent] epoch=20 mu_var=0.792366 mu_abs=0.739445 logvar_mean=-1.90793 logvar_min=-3.04 logvar_max=-0.294
2026-03-20 17:35:48,910 - steps.encdec - INFO - No improve (4/50)
2026-03-20 17:35:48,910 - steps.encdec - INFO - Epoch 22/500
2026-03-20 17:36:49,295 - steps.encdec - INFO - No improve (5/50)
2026-03-20 17:36:49,295 - steps.encdec - INFO - Epoch 23/500
2026-03-20 17:37:50,235 - steps.encdec - INFO - No improve (6/50)
2026-03-20 17:37:50,235 - steps.encdec - INFO - Epoch 24/500
2026-03-20 17:38:51,349 - steps.encdec - INFO - No improve (7/50)
2026-03-20 17:38:51,349 - steps.encdec - INFO - Epoch 25/500
2026-03-20 17:39:51,980 - steps.encdec - INFO - No improve (8/50)
2026-03-20 17:39:51,980 - steps.encdec - INFO - Epoch 26/500
2026-03-20 17:40:53,048 - steps.encdec - INFO - No improve (9/50)
2026-03-20 17:40:53,048 - steps.encdec - INFO - Epoch 27/500
2026-03-20 17:41:53,334 - steps.encdec - INFO - No improve (10/50)
2026-03-20 17:41:53,334 - steps.encdec - INFO - Epoch 28/500
2026-03-20 17:42:53,862 - steps.encdec - INFO - No improve (11/50)
2026-03-20 17:42:53,862 - steps.encdec - INFO - Epoch 29/500
2026-03-20 17:43:54,497 - steps.encdec - INFO - No improve (12/50)
2026-03-20 17:43:54,497 - steps.encdec - INFO - Epoch 30/500
2026-03-20 17:44:55,122 - steps.encdec - INFO - No improve (13/50)
2026-03-20 17:44:55,122 - steps.encdec - INFO - Epoch 31/500
2026-03-20 17:45:50,612 - encdec_trainer - INFO - [latent] epoch=30 mu_var=0.686884 mu_abs=0.703354 logvar_mean=-1.9651 logvar_min=-3.12 logvar_max=-0.634
2026-03-20 17:45:56,513 - steps.encdec - INFO - No improve (14/50)
2026-03-20 17:45:56,513 - steps.encdec - INFO - Epoch 32/500
2026-03-20 17:46:57,369 - steps.encdec - INFO - No improve (15/50)
2026-03-20 17:46:57,370 - steps.encdec - INFO - Epoch 33/500
2026-03-20 17:47:58,151 - steps.encdec - INFO - No improve (16/50)
2026-03-20 17:47:58,151 - steps.encdec - INFO - Epoch 34/500
2026-03-20 17:48:58,960 - steps.encdec - INFO - No improve (17/50)
2026-03-20 17:48:58,960 - steps.encdec - INFO - Epoch 35/500
2026-03-20 17:49:59,819 - steps.encdec - INFO - No improve (18/50)
2026-03-20 17:49:59,819 - steps.encdec - INFO - Epoch 36/500
2026-03-20 17:51:01,184 - steps.encdec - INFO - No improve (19/50)
2026-03-20 17:51:01,184 - steps.encdec - INFO - Epoch 37/500
2026-03-20 17:52:02,054 - steps.encdec - INFO - No improve (20/50)
2026-03-20 17:52:02,054 - steps.encdec - INFO - Epoch 38/500
2026-03-20 17:53:02,771 - steps.encdec - INFO - No improve (21/50)
2026-03-20 17:53:02,773 - steps.encdec - INFO - Epoch 39/500
2026-03-20 17:54:03,105 - steps.encdec - INFO - No improve (22/50)
2026-03-20 17:54:03,106 - steps.encdec - INFO - Epoch 40/500
2026-03-20 17:55:03,455 - steps.encdec - INFO - No improve (23/50)
2026-03-20 17:55:03,456 - steps.encdec - INFO - Epoch 41/500
2026-03-20 17:55:58,527 - encdec_trainer - INFO - [latent] epoch=40 mu_var=0.667053 mu_abs=0.695503 logvar_mean=-2.00874 logvar_min=-3.06 logvar_max=-0.775
2026-03-20 17:56:04,383 - steps.encdec - INFO - No improve (24/50)
2026-03-20 17:56:04,383 - steps.encdec - INFO - Epoch 42/500
2026-03-20 17:57:04,630 - steps.encdec - INFO - No improve (25/50)
2026-03-20 17:57:04,630 - steps.encdec - INFO - Epoch 43/500
2026-03-20 17:58:04,886 - steps.encdec - INFO - No improve (26/50)
2026-03-20 17:58:04,886 - steps.encdec - INFO - Epoch 44/500
2026-03-20 17:59:05,187 - steps.encdec - INFO - No improve (27/50)
2026-03-20 17:59:05,187 - steps.encdec - INFO - Epoch 45/500
2026-03-20 18:00:05,633 - steps.encdec - INFO - No improve (28/50)
2026-03-20 18:00:05,633 - steps.encdec - INFO - Epoch 46/500
2026-03-20 18:01:06,796 - steps.encdec - INFO - No improve (29/50)
2026-03-20 18:01:06,796 - steps.encdec - INFO - Epoch 47/500
2026-03-20 18:02:07,250 - steps.encdec - INFO - No improve (30/50)
2026-03-20 18:02:07,250 - steps.encdec - INFO - Epoch 48/500
2026-03-20 18:03:07,784 - steps.encdec - INFO - No improve (31/50)
2026-03-20 18:03:07,784 - steps.encdec - INFO - Epoch 49/500
2026-03-20 18:04:08,160 - steps.encdec - INFO - No improve (32/50)
2026-03-20 18:04:08,160 - steps.encdec - INFO - Epoch 50/500
2026-03-20 18:05:08,527 - steps.encdec - INFO - No improve (33/50)
2026-03-20 18:05:08,528 - steps.encdec - INFO - Epoch 51/500
2026-03-20 18:06:03,750 - encdec_trainer - INFO - [latent] epoch=50 mu_var=0.663879 mu_abs=0.69608 logvar_mean=-2.0035 logvar_min=-2.97 logvar_max=-0.414
2026-03-20 18:06:09,716 - steps.encdec - INFO - No improve (34/50)
2026-03-20 18:06:09,716 - steps.encdec - INFO - Epoch 52/500
2026-03-20 18:07:10,091 - steps.encdec - INFO - No improve (35/50)
2026-03-20 18:07:10,091 - steps.encdec - INFO - Epoch 53/500
2026-03-20 18:08:10,428 - steps.encdec - INFO - No improve (36/50)
2026-03-20 18:08:10,429 - steps.encdec - INFO - Epoch 54/500
2026-03-20 18:09:10,704 - steps.encdec - INFO - No improve (37/50)
2026-03-20 18:09:10,704 - steps.encdec - INFO - Epoch 55/500
2026-03-20 18:10:10,856 - steps.encdec - INFO - No improve (38/50)
2026-03-20 18:10:10,856 - steps.encdec - INFO - Epoch 56/500
2026-03-20 18:11:12,072 - steps.encdec - INFO - No improve (39/50)
2026-03-20 18:11:12,072 - steps.encdec - INFO - Epoch 57/500
2026-03-20 18:12:12,548 - steps.encdec - INFO - No improve (40/50)
2026-03-20 18:12:12,549 - steps.encdec - INFO - Epoch 58/500
2026-03-20 18:13:12,905 - steps.encdec - INFO - No improve (41/50)
2026-03-20 18:13:12,905 - steps.encdec - INFO - Epoch 59/500
2026-03-20 18:14:13,174 - steps.encdec - INFO - No improve (42/50)
2026-03-20 18:14:13,174 - steps.encdec - INFO - Epoch 60/500
2026-03-20 18:15:13,478 - steps.encdec - INFO - No improve (43/50)
2026-03-20 18:15:13,479 - steps.encdec - INFO - Epoch 61/500
2026-03-20 18:16:08,540 - encdec_trainer - INFO - [latent] epoch=60 mu_var=0.670319 mu_abs=0.701207 logvar_mean=-1.98359 logvar_min=-3.08 logvar_max=-0.441
2026-03-20 18:16:14,443 - steps.encdec - INFO - No improve (44/50)
2026-03-20 18:16:14,443 - steps.encdec - INFO - Epoch 62/500
2026-03-20 18:17:15,055 - steps.encdec - INFO - No improve (45/50)
2026-03-20 18:17:15,055 - steps.encdec - INFO - Epoch 63/500
2026-03-20 18:18:15,491 - steps.encdec - INFO - No improve (46/50)
2026-03-20 18:18:15,491 - steps.encdec - INFO - Epoch 64/500
2026-03-20 18:19:15,967 - steps.encdec - INFO - No improve (47/50)
2026-03-20 18:19:15,967 - steps.encdec - INFO - Epoch 65/500
2026-03-20 18:20:16,538 - steps.encdec - INFO - No improve (48/50)
2026-03-20 18:20:16,538 - steps.encdec - INFO - Epoch 66/500
2026-03-20 18:21:17,916 - steps.encdec - INFO - No improve (49/50)
2026-03-20 18:21:17,916 - steps.encdec - INFO - Epoch 67/500
2026-03-20 18:22:18,716 - steps.encdec - INFO - No improve (50/50)
2026-03-20 18:22:18,716 - steps.encdec - INFO - Early stopping triggered
2026-03-20 18:22:18,716 - steps.encdec - INFO - ==================================================
2026-03-20 18:22:18,716 - steps.encdec - INFO - TRAINING FINISHED
2026-03-20 18:22:18,716 - steps.encdec - INFO - Best Epoch: 17
2026-03-20 18:22:18,717 - steps.encdec - INFO - Best Validation Metrics:
2026-03-20 18:22:18,717 - steps.encdec - INFO -   - total_loss: 0.103744
2026-03-20 18:22:18,717 - steps.encdec - INFO -   - recon_loss: 0.024198
2026-03-20 18:22:18,717 - steps.encdec - INFO -   - recon_data_loss: 0.024046
2026-03-20 18:22:18,717 - steps.encdec - INFO -   - recon_mask_loss: 0.000152
2026-03-20 18:22:18,717 - steps.encdec - INFO -   - kld_loss: 29.751769
2026-03-20 18:22:18,717 - steps.encdec - INFO -   - kld_free: 32.149609
2026-03-20 18:22:18,717 - steps.encdec - INFO -   - causal_loss: 0.017670
2026-03-20 18:22:18,717 - steps.encdec - INFO -   - current_beta: 0.001375
2026-03-20 18:22:18,717 - steps.encdec - INFO - Best Validation Score (recon + gamma*causal + beta*kld): 0.100447
2026-03-20 18:22:18,717 - steps.encdec - INFO - ==================================================
2026-03-20 18:22:20,050 - steps.encdec - INFO - Saved loss curves -> cvae_loss_curves.png
2026-03-20 18:22:37,384 - steps.encdec - INFO - Saved encoded data (shape=(540000, 32)) -> cvae_encoded_data.pkl
2026-03-20 19:24:03,657 - steps.encdec - INFO - Step: encdec | training CausalVAE
2026-03-20 19:24:03,685 - steps.encdec - INFO - Device: cuda
2026-03-20 19:34:05,608 - steps.encdec - INFO - Dims | input_dim=29 seq_len=60 num_total_features=29
2026-03-20 19:34:05,610 - steps.encdec - INFO - Found pre-generated A_target at ./cache_encdec/A_target.npy
2026-03-20 19:34:17,528 - steps.encdec - INFO - Start from scratch | resume=False | ckpt_exists=True
2026-03-20 19:34:17,529 - steps.encdec - INFO - Epoch 1/500
2026-03-20 19:35:25,320 - encdec_trainer - INFO - [latent] epoch=0 mu_var=131.991 mu_abs=12.4596 logvar_mean=-16.4638 logvar_min=-70 logvar_max=-2.87
2026-03-20 19:35:31,635 - steps.encdec - INFO - New best val_score=0.196807 | saved ckpt -> cvae_model.pkl
2026-03-20 19:35:31,636 - steps.encdec - INFO - Epoch 2/500
2026-03-20 19:36:37,080 - steps.encdec - INFO - New best val_score=0.107000 | saved ckpt -> cvae_model.pkl
2026-03-20 19:36:37,080 - steps.encdec - INFO - Epoch 3/500
2026-03-20 19:37:42,356 - steps.encdec - INFO - No improve (1/50)
2026-03-20 19:37:42,356 - steps.encdec - INFO - Epoch 4/500
2026-03-20 19:38:47,390 - steps.encdec - INFO - No improve (2/50)
2026-03-20 19:38:47,390 - steps.encdec - INFO - Epoch 5/500
2026-03-20 19:39:52,540 - steps.encdec - INFO - No improve (3/50)
2026-03-20 19:39:52,540 - steps.encdec - INFO - Epoch 6/500
2026-03-20 19:40:58,379 - steps.encdec - INFO - New best val_score=0.079067 | saved ckpt -> cvae_model.pkl
2026-03-20 19:40:58,380 - steps.encdec - INFO - Epoch 7/500
2026-03-20 19:42:03,427 - steps.encdec - INFO - No improve (1/50)
2026-03-20 19:42:03,428 - steps.encdec - INFO - Epoch 8/500
2026-03-20 19:43:08,691 - steps.encdec - INFO - No improve (2/50)
2026-03-20 19:43:08,691 - steps.encdec - INFO - Epoch 9/500
2026-03-20 19:44:13,999 - steps.encdec - INFO - New best val_score=0.076783 | saved ckpt -> cvae_model.pkl
2026-03-20 19:44:13,999 - steps.encdec - INFO - Epoch 10/500
2026-03-20 19:45:19,177 - steps.encdec - INFO - New best val_score=0.070334 | saved ckpt -> cvae_model.pkl
2026-03-20 19:45:19,178 - steps.encdec - INFO - Epoch 11/500
2026-03-20 19:46:17,917 - encdec_trainer - INFO - [latent] epoch=10 mu_var=1.55602 mu_abs=1.04784 logvar_mean=-3.1239 logvar_min=-6.06 logvar_max=-0.208
2026-03-20 19:46:23,818 - steps.encdec - INFO - New best val_score=0.069264 | saved ckpt -> cvae_model.pkl
2026-03-20 19:46:23,818 - steps.encdec - INFO - Epoch 12/500
2026-03-20 19:47:28,625 - steps.encdec - INFO - New best val_score=0.069042 | saved ckpt -> cvae_model.pkl
2026-03-20 19:47:28,626 - steps.encdec - INFO - Epoch 13/500
2026-03-20 19:48:33,305 - steps.encdec - INFO - New best val_score=0.068074 | saved ckpt -> cvae_model.pkl
2026-03-20 19:48:33,305 - steps.encdec - INFO - Epoch 14/500
2026-03-20 19:49:38,383 - steps.encdec - INFO - New best val_score=0.067714 | saved ckpt -> cvae_model.pkl
2026-03-20 19:49:38,383 - steps.encdec - INFO - Epoch 15/500
2026-03-20 19:50:43,301 - steps.encdec - INFO - No improve (1/50)
2026-03-20 19:50:43,302 - steps.encdec - INFO - Epoch 16/500
2026-03-20 19:51:49,039 - steps.encdec - INFO - No improve (2/50)
2026-03-20 19:51:49,039 - steps.encdec - INFO - Epoch 17/500
2026-03-20 19:52:53,856 - steps.encdec - INFO - No improve (3/50)
2026-03-20 19:52:53,857 - steps.encdec - INFO - Epoch 18/500
2026-03-20 19:53:58,688 - steps.encdec - INFO - No improve (4/50)
2026-03-20 19:53:58,688 - steps.encdec - INFO - Epoch 19/500
2026-03-20 19:55:03,616 - steps.encdec - INFO - New best val_score=0.039260 | saved ckpt -> cvae_model.pkl
2026-03-20 19:55:03,617 - steps.encdec - INFO - Epoch 20/500
2026-03-20 19:56:08,653 - steps.encdec - INFO - New best val_score=0.036414 | saved ckpt -> cvae_model.pkl
2026-03-20 19:56:08,654 - steps.encdec - INFO - Epoch 21/500
2026-03-20 19:57:08,529 - encdec_trainer - INFO - [latent] epoch=20 mu_var=0.422404 mu_abs=0.410483 logvar_mean=-1.51825 logvar_min=-7.23 logvar_max=0.38
2026-03-20 19:57:14,517 - steps.encdec - INFO - No improve (1/50)
2026-03-20 19:57:14,518 - steps.encdec - INFO - Epoch 22/500
2026-03-20 19:58:19,320 - steps.encdec - INFO - No improve (2/50)
2026-03-20 19:58:19,320 - steps.encdec - INFO - Epoch 23/500
2026-03-20 19:59:24,276 - steps.encdec - INFO - No improve (3/50)
2026-03-20 19:59:24,277 - steps.encdec - INFO - Epoch 24/500
2026-03-20 20:00:25,597 - steps.encdec - INFO - No improve (4/50)
2026-03-20 20:00:25,597 - steps.encdec - INFO - Epoch 25/500
2026-03-20 20:01:25,660 - steps.encdec - INFO - No improve (5/50)
2026-03-20 20:01:25,660 - steps.encdec - INFO - Epoch 26/500
2026-03-20 20:02:26,269 - steps.encdec - INFO - No improve (6/50)
2026-03-20 20:02:26,269 - steps.encdec - INFO - Epoch 27/500
2026-03-20 20:03:26,399 - steps.encdec - INFO - No improve (7/50)
2026-03-20 20:03:26,400 - steps.encdec - INFO - Epoch 28/500
2026-03-20 20:04:26,407 - steps.encdec - INFO - No improve (8/50)
2026-03-20 20:04:26,408 - steps.encdec - INFO - Epoch 29/500
2026-03-20 20:05:26,209 - steps.encdec - INFO - No improve (9/50)
2026-03-20 20:05:26,209 - steps.encdec - INFO - Epoch 30/500
2026-03-20 20:06:26,168 - steps.encdec - INFO - No improve (10/50)
2026-03-20 20:06:26,168 - steps.encdec - INFO - Epoch 31/500
2026-03-20 20:07:20,715 - encdec_trainer - INFO - [latent] epoch=30 mu_var=0.496761 mu_abs=0.381469 logvar_mean=-1.17503 logvar_min=-5.92 logvar_max=0.312
2026-03-20 20:07:26,483 - steps.encdec - INFO - No improve (11/50)
2026-03-20 20:07:26,483 - steps.encdec - INFO - Epoch 32/500
2026-03-20 20:08:26,267 - steps.encdec - INFO - No improve (12/50)
2026-03-20 20:08:26,268 - steps.encdec - INFO - Epoch 33/500
2026-03-20 20:09:26,207 - steps.encdec - INFO - No improve (13/50)
2026-03-20 20:09:26,208 - steps.encdec - INFO - Epoch 34/500
2026-03-20 20:10:25,906 - steps.encdec - INFO - No improve (14/50)
2026-03-20 20:10:25,907 - steps.encdec - INFO - Epoch 35/500
2026-03-20 20:11:25,659 - steps.encdec - INFO - No improve (15/50)
2026-03-20 20:11:25,659 - steps.encdec - INFO - Epoch 36/500
2026-03-20 20:12:25,660 - steps.encdec - INFO - No improve (16/50)
2026-03-20 20:12:25,661 - steps.encdec - INFO - Epoch 37/500
2026-03-20 20:13:25,077 - steps.encdec - INFO - No improve (17/50)
2026-03-20 20:13:25,077 - steps.encdec - INFO - Epoch 38/500
2026-03-20 20:14:24,822 - steps.encdec - INFO - No improve (18/50)
2026-03-20 20:14:24,822 - steps.encdec - INFO - Epoch 39/500
2026-03-20 20:15:24,562 - steps.encdec - INFO - No improve (19/50)
2026-03-20 20:15:24,562 - steps.encdec - INFO - Epoch 40/500
2026-03-20 20:16:23,998 - steps.encdec - INFO - No improve (20/50)
2026-03-20 20:16:23,998 - steps.encdec - INFO - Epoch 41/500
2026-03-20 20:17:18,310 - encdec_trainer - INFO - [latent] epoch=40 mu_var=0.195158 mu_abs=0.271432 logvar_mean=-1.20465 logvar_min=-5.5 logvar_max=0.0518
2026-03-20 20:17:24,065 - steps.encdec - INFO - No improve (21/50)
2026-03-20 20:17:24,065 - steps.encdec - INFO - Epoch 42/500
2026-03-20 20:18:23,840 - steps.encdec - INFO - No improve (22/50)
2026-03-20 20:18:23,840 - steps.encdec - INFO - Epoch 43/500
2026-03-20 20:19:23,370 - steps.encdec - INFO - No improve (23/50)
2026-03-20 20:19:23,370 - steps.encdec - INFO - Epoch 44/500
2026-03-20 20:20:22,954 - steps.encdec - INFO - No improve (24/50)
2026-03-20 20:20:22,954 - steps.encdec - INFO - Epoch 45/500
2026-03-20 20:21:22,553 - steps.encdec - INFO - No improve (25/50)
2026-03-20 20:21:22,553 - steps.encdec - INFO - Epoch 46/500
2026-03-20 20:22:22,494 - steps.encdec - INFO - No improve (26/50)
2026-03-20 20:22:22,495 - steps.encdec - INFO - Epoch 47/500
2026-03-20 20:23:22,131 - steps.encdec - INFO - No improve (27/50)
2026-03-20 20:23:22,131 - steps.encdec - INFO - Epoch 48/500
2026-03-20 20:24:21,959 - steps.encdec - INFO - No improve (28/50)
2026-03-20 20:24:21,959 - steps.encdec - INFO - Epoch 49/500
2026-03-20 20:25:21,626 - steps.encdec - INFO - No improve (29/50)
2026-03-20 20:25:21,626 - steps.encdec - INFO - Epoch 50/500
2026-03-20 20:26:21,333 - steps.encdec - INFO - No improve (30/50)
2026-03-20 20:26:21,334 - steps.encdec - INFO - Epoch 51/500
2026-03-20 20:27:15,660 - encdec_trainer - INFO - [latent] epoch=50 mu_var=0.250454 mu_abs=0.329838 logvar_mean=-1.14056 logvar_min=-5.36 logvar_max=0.161
2026-03-20 20:27:21,429 - steps.encdec - INFO - No improve (31/50)
2026-03-20 20:27:21,429 - steps.encdec - INFO - Epoch 52/500
2026-03-20 20:28:21,007 - steps.encdec - INFO - No improve (32/50)
2026-03-20 20:28:21,007 - steps.encdec - INFO - Epoch 53/500
2026-03-20 20:29:20,635 - steps.encdec - INFO - No improve (33/50)
2026-03-20 20:29:20,636 - steps.encdec - INFO - Epoch 54/500
2026-03-20 20:30:20,303 - steps.encdec - INFO - No improve (34/50)
2026-03-20 20:30:20,303 - steps.encdec - INFO - Epoch 55/500
2026-03-20 20:31:19,809 - steps.encdec - INFO - No improve (35/50)
2026-03-20 20:31:19,809 - steps.encdec - INFO - Epoch 56/500
2026-03-20 20:32:19,770 - steps.encdec - INFO - No improve (36/50)
2026-03-20 20:32:19,770 - steps.encdec - INFO - Epoch 57/500
2026-03-20 20:33:19,301 - steps.encdec - INFO - No improve (37/50)
2026-03-20 20:33:19,301 - steps.encdec - INFO - Epoch 58/500
2026-03-20 20:34:18,697 - steps.encdec - INFO - No improve (38/50)
2026-03-20 20:34:18,698 - steps.encdec - INFO - Epoch 59/500
2026-03-20 20:35:18,256 - steps.encdec - INFO - No improve (39/50)
2026-03-20 20:35:18,256 - steps.encdec - INFO - Epoch 60/500
2026-03-20 20:36:17,809 - steps.encdec - INFO - No improve (40/50)
2026-03-20 20:36:17,809 - steps.encdec - INFO - Epoch 61/500
2026-03-20 20:37:11,966 - encdec_trainer - INFO - [latent] epoch=60 mu_var=0.275922 mu_abs=0.346506 logvar_mean=-1.13955 logvar_min=-5.28 logvar_max=0.294
2026-03-20 20:37:17,699 - steps.encdec - INFO - No improve (41/50)
2026-03-20 20:37:17,699 - steps.encdec - INFO - Epoch 62/500
2026-03-20 20:38:17,240 - steps.encdec - INFO - No improve (42/50)
2026-03-20 20:38:17,240 - steps.encdec - INFO - Epoch 63/500
2026-03-20 20:39:16,954 - steps.encdec - INFO - No improve (43/50)
2026-03-20 20:39:16,955 - steps.encdec - INFO - Epoch 64/500
2026-03-20 20:40:16,533 - steps.encdec - INFO - No improve (44/50)
2026-03-20 20:40:16,533 - steps.encdec - INFO - Epoch 65/500
2026-03-20 20:41:16,143 - steps.encdec - INFO - No improve (45/50)
2026-03-20 20:41:16,144 - steps.encdec - INFO - Epoch 66/500
2026-03-20 20:42:16,268 - steps.encdec - INFO - No improve (46/50)
2026-03-20 20:42:16,268 - steps.encdec - INFO - Epoch 67/500
2026-03-20 20:43:15,915 - steps.encdec - INFO - No improve (47/50)
2026-03-20 20:43:15,915 - steps.encdec - INFO - Epoch 68/500
2026-03-20 20:44:15,482 - steps.encdec - INFO - No improve (48/50)
2026-03-20 20:44:15,482 - steps.encdec - INFO - Epoch 69/500
2026-03-20 20:45:15,032 - steps.encdec - INFO - No improve (49/50)
2026-03-20 20:45:15,033 - steps.encdec - INFO - Epoch 70/500
2026-03-20 20:46:14,573 - steps.encdec - INFO - No improve (50/50)
2026-03-20 20:46:14,573 - steps.encdec - INFO - Early stopping triggered
2026-03-20 20:46:14,573 - steps.encdec - INFO - ==================================================
2026-03-20 20:46:14,573 - steps.encdec - INFO - TRAINING FINISHED
2026-03-20 20:46:14,574 - steps.encdec - INFO - Best Epoch: 20
2026-03-20 20:46:14,574 - steps.encdec - INFO - Best Validation Metrics:
2026-03-20 20:46:14,574 - steps.encdec - INFO -   - total_loss: 0.036469
2026-03-20 20:46:14,574 - steps.encdec - INFO -   - recon_loss: 0.015743
2026-03-20 20:46:14,574 - steps.encdec - INFO -   - recon_data_loss: 0.015618
2026-03-20 20:46:14,574 - steps.encdec - INFO -   - recon_mask_loss: 0.000125
2026-03-20 20:46:14,574 - steps.encdec - INFO -   - kld_loss: 15.896869
2026-03-20 20:46:14,574 - steps.encdec - INFO -   - kld_free: 16.099201
2026-03-20 20:46:14,574 - steps.encdec - INFO -   - causal_loss: 0.016300
2026-03-20 20:46:14,574 - steps.encdec - INFO -   - current_beta: 0.000275
2026-03-20 20:46:14,574 - steps.encdec - INFO - Best Validation Score (recon + gamma*causal + beta*kld): 0.036414
2026-03-20 20:46:14,574 - steps.encdec - INFO - ==================================================
2026-03-20 20:46:16,137 - steps.encdec - INFO - Saved loss curves -> cvae_loss_curves.png
2026-03-20 20:46:33,636 - steps.encdec - INFO - Saved encoded data (shape=(540000, 24)) -> cvae_encoded_data.pkl
2026-03-20 21:33:47,697 - steps.encdec - INFO - Step: encdec | training CausalVAE
2026-03-20 21:33:47,698 - steps.encdec - INFO - Device: cuda
2026-03-20 21:44:04,506 - steps.encdec - INFO - Dims | input_dim=29 seq_len=60 num_total_features=29
2026-03-20 21:44:04,506 - steps.encdec - INFO - Found pre-generated A_target at ./cache_encdec/A_target.npy
2026-03-20 21:44:14,242 - steps.encdec - INFO - Start from scratch | resume=False | ckpt_exists=True
2026-03-20 21:44:14,242 - steps.encdec - INFO - Epoch 1/500
2026-03-20 21:45:12,938 - encdec_trainer - INFO - [latent] epoch=0 mu_var=28.1674 mu_abs=8.08036 logvar_mean=-12.2922 logvar_min=-40.2 logvar_max=-3.77
2026-03-20 21:45:19,186 - steps.encdec - INFO - Skip best selection before epoch 25
2026-03-20 21:45:19,187 - steps.encdec - INFO - Epoch 2/500
2026-03-20 21:46:20,592 - steps.encdec - INFO - Skip best selection before epoch 25
2026-03-20 21:46:20,592 - steps.encdec - INFO - Epoch 3/500
2026-03-20 21:47:22,057 - steps.encdec - INFO - Skip best selection before epoch 25
2026-03-20 21:47:22,058 - steps.encdec - INFO - Epoch 4/500
2026-03-20 21:48:23,499 - steps.encdec - INFO - Skip best selection before epoch 25
2026-03-20 21:48:23,499 - steps.encdec - INFO - Epoch 5/500
2026-03-20 21:49:24,861 - steps.encdec - INFO - Skip best selection before epoch 25
2026-03-20 21:49:24,861 - steps.encdec - INFO - Epoch 6/500
2026-03-20 21:50:26,921 - steps.encdec - INFO - Skip best selection before epoch 25
2026-03-20 21:50:26,922 - steps.encdec - INFO - Epoch 7/500
2026-03-20 21:51:28,043 - steps.encdec - INFO - Skip best selection before epoch 25
2026-03-20 21:51:28,043 - steps.encdec - INFO - Epoch 8/500
2026-03-20 21:52:29,077 - steps.encdec - INFO - Skip best selection before epoch 25
2026-03-20 21:52:29,077 - steps.encdec - INFO - Epoch 9/500
2026-03-20 21:53:30,470 - steps.encdec - INFO - Skip best selection before epoch 25
2026-03-20 21:53:30,471 - steps.encdec - INFO - Epoch 10/500
2026-03-20 21:54:32,040 - steps.encdec - INFO - Skip best selection before epoch 25
2026-03-20 21:54:32,040 - steps.encdec - INFO - Epoch 11/500
2026-03-20 21:55:28,379 - encdec_trainer - INFO - [latent] epoch=10 mu_var=1.05139 mu_abs=1.06339 logvar_mean=-3.82908 logvar_min=-6.57 logvar_max=-1.79
2026-03-20 21:55:34,379 - steps.encdec - INFO - Skip best selection before epoch 25
2026-03-20 21:55:34,379 - steps.encdec - INFO - Epoch 12/500
2026-03-20 21:56:36,145 - steps.encdec - INFO - Skip best selection before epoch 25
2026-03-20 21:56:36,145 - steps.encdec - INFO - Epoch 13/500
2026-03-20 21:57:37,489 - steps.encdec - INFO - Skip best selection before epoch 25
2026-03-20 21:57:37,490 - steps.encdec - INFO - Epoch 14/500
2026-03-20 21:58:38,696 - steps.encdec - INFO - Skip best selection before epoch 25
2026-03-20 21:58:38,696 - steps.encdec - INFO - Epoch 15/500
2026-03-20 21:59:40,107 - steps.encdec - INFO - Skip best selection before epoch 25
2026-03-20 21:59:40,107 - steps.encdec - INFO - Epoch 16/500
2026-03-20 22:00:41,910 - steps.encdec - INFO - Skip best selection before epoch 25
2026-03-20 22:00:41,910 - steps.encdec - INFO - Epoch 17/500
2026-03-20 22:01:42,766 - steps.encdec - INFO - Skip best selection before epoch 25
2026-03-20 22:01:42,766 - steps.encdec - INFO - Epoch 18/500
2026-03-20 22:02:43,851 - steps.encdec - INFO - Skip best selection before epoch 25
2026-03-20 22:02:43,851 - steps.encdec - INFO - Epoch 19/500
2026-03-20 22:03:44,873 - steps.encdec - INFO - Skip best selection before epoch 25
2026-03-20 22:03:44,873 - steps.encdec - INFO - Epoch 20/500
2026-03-20 22:04:46,192 - steps.encdec - INFO - Skip best selection before epoch 25
2026-03-20 22:04:46,193 - steps.encdec - INFO - Epoch 21/500
2026-03-20 22:05:42,354 - encdec_trainer - INFO - [latent] epoch=20 mu_var=1.18679 mu_abs=0.996762 logvar_mean=-4.30904 logvar_min=-14.3 logvar_max=-1.57
2026-03-20 22:05:48,320 - steps.encdec - INFO - Skip best selection before epoch 25
2026-03-20 22:05:48,320 - steps.encdec - INFO - Epoch 22/500
2026-03-20 22:06:49,797 - steps.encdec - INFO - Skip best selection before epoch 25
2026-03-20 22:06:49,797 - steps.encdec - INFO - Epoch 23/500
2026-03-20 22:07:51,627 - steps.encdec - INFO - Skip best selection before epoch 25
2026-03-20 22:07:51,627 - steps.encdec - INFO - Epoch 24/500
2026-03-20 22:08:53,162 - steps.encdec - INFO - Skip best selection before epoch 25
2026-03-20 22:08:53,162 - steps.encdec - INFO - Epoch 25/500
2026-03-20 22:09:54,509 - steps.encdec - INFO - New best val_score=0.057363 | saved ckpt -> cvae_model.pkl
2026-03-20 22:09:54,509 - steps.encdec - INFO - Epoch 26/500
2026-03-20 22:10:56,518 - steps.encdec - INFO - New best val_score=0.049509 | saved ckpt -> cvae_model.pkl
2026-03-20 22:10:56,518 - steps.encdec - INFO - Epoch 27/500
2026-03-20 22:11:57,738 - steps.encdec - INFO - No improve (1/50)
2026-03-20 22:11:57,738 - steps.encdec - INFO - Epoch 28/500
2026-03-20 22:12:59,022 - steps.encdec - INFO - New best val_score=0.049114 | saved ckpt -> cvae_model.pkl
2026-03-20 22:12:59,022 - steps.encdec - INFO - Epoch 29/500
2026-03-20 22:14:00,376 - steps.encdec - INFO - New best val_score=0.048045 | saved ckpt -> cvae_model.pkl
2026-03-20 22:14:00,376 - steps.encdec - INFO - Epoch 30/500
2026-03-20 22:15:01,833 - steps.encdec - INFO - New best val_score=0.045186 | saved ckpt -> cvae_model.pkl
2026-03-20 22:15:01,834 - steps.encdec - INFO - Epoch 31/500
2026-03-20 22:15:57,858 - encdec_trainer - INFO - [latent] epoch=30 mu_var=0.274902 mu_abs=0.330051 logvar_mean=-1.25327 logvar_min=-6.53 logvar_max=-0.0555
2026-03-20 22:16:03,794 - steps.encdec - INFO - New best val_score=0.038109 | saved ckpt -> cvae_model.pkl
2026-03-20 22:16:03,794 - steps.encdec - INFO - Epoch 32/500
2026-03-20 22:17:05,154 - steps.encdec - INFO - New best val_score=0.037939 | saved ckpt -> cvae_model.pkl
2026-03-20 22:17:05,154 - steps.encdec - INFO - Epoch 33/500
2026-03-20 22:18:06,648 - steps.encdec - INFO - New best val_score=0.036478 | saved ckpt -> cvae_model.pkl
2026-03-20 22:18:06,648 - steps.encdec - INFO - Epoch 34/500
2026-03-20 22:19:08,121 - steps.encdec - INFO - New best val_score=0.035942 | saved ckpt -> cvae_model.pkl
2026-03-20 22:19:08,121 - steps.encdec - INFO - Epoch 35/500
2026-03-20 22:20:09,227 - steps.encdec - INFO - No improve (1/50)
2026-03-20 22:20:09,227 - steps.encdec - INFO - Epoch 36/500
2026-03-20 22:21:10,912 - steps.encdec - INFO - New best val_score=0.035575 | saved ckpt -> cvae_model.pkl
2026-03-20 22:21:10,912 - steps.encdec - INFO - Epoch 37/500
2026-03-20 22:22:11,914 - steps.encdec - INFO - No improve (1/50)
2026-03-20 22:22:11,915 - steps.encdec - INFO - Epoch 38/500
2026-03-20 22:23:12,901 - steps.encdec - INFO - No improve (2/50)
2026-03-20 22:23:12,902 - steps.encdec - INFO - Epoch 39/500
2026-03-20 22:24:14,022 - steps.encdec - INFO - No improve (3/50)
2026-03-20 22:24:14,023 - steps.encdec - INFO - Epoch 40/500
2026-03-20 22:25:15,440 - steps.encdec - INFO - No improve (4/50)
2026-03-20 22:25:15,440 - steps.encdec - INFO - Epoch 41/500
2026-03-20 22:26:11,363 - encdec_trainer - INFO - [latent] epoch=40 mu_var=0.233751 mu_abs=0.275188 logvar_mean=-1.16665 logvar_min=-6.36 logvar_max=0.358
2026-03-20 22:26:17,287 - steps.encdec - INFO - No improve (5/50)
2026-03-20 22:26:17,287 - steps.encdec - INFO - Epoch 42/500
2026-03-20 22:27:18,637 - steps.encdec - INFO - No improve (6/50)
2026-03-20 22:27:18,637 - steps.encdec - INFO - Epoch 43/500
2026-03-20 22:28:20,111 - steps.encdec - INFO - No improve (7/50)
2026-03-20 22:28:20,112 - steps.encdec - INFO - Epoch 44/500
2026-03-20 22:29:21,456 - steps.encdec - INFO - No improve (8/50)
2026-03-20 22:29:21,456 - steps.encdec - INFO - Epoch 45/500
2026-03-20 22:30:22,766 - steps.encdec - INFO - No improve (9/50)
2026-03-20 22:30:22,766 - steps.encdec - INFO - Epoch 46/500
2026-03-20 22:31:24,780 - steps.encdec - INFO - No improve (10/50)
2026-03-20 22:31:24,780 - steps.encdec - INFO - Epoch 47/500
2026-03-20 22:32:26,320 - steps.encdec - INFO - No improve (11/50)
2026-03-20 22:32:26,320 - steps.encdec - INFO - Epoch 48/500
2026-03-20 22:33:27,791 - steps.encdec - INFO - No improve (12/50)
2026-03-20 22:33:27,791 - steps.encdec - INFO - Epoch 49/500
2026-03-20 22:34:29,111 - steps.encdec - INFO - No improve (13/50)
2026-03-20 22:34:29,111 - steps.encdec - INFO - Epoch 50/500
2026-03-20 22:35:30,609 - steps.encdec - INFO - No improve (14/50)
2026-03-20 22:35:30,609 - steps.encdec - INFO - Epoch 51/500
2026-03-20 22:36:27,036 - encdec_trainer - INFO - [latent] epoch=50 mu_var=0.279326 mu_abs=0.305785 logvar_mean=-1.16054 logvar_min=-5.97 logvar_max=0.285
2026-03-20 22:36:33,036 - steps.encdec - INFO - No improve (15/50)
2026-03-20 22:36:33,036 - steps.encdec - INFO - Epoch 52/500
2026-03-20 22:37:34,829 - steps.encdec - INFO - No improve (16/50)
2026-03-20 22:37:34,830 - steps.encdec - INFO - Epoch 53/500
2026-03-20 22:38:36,500 - steps.encdec - INFO - No improve (17/50)
2026-03-20 22:38:36,500 - steps.encdec - INFO - Epoch 54/500
2026-03-20 22:39:37,806 - steps.encdec - INFO - No improve (18/50)
2026-03-20 22:39:37,806 - steps.encdec - INFO - Epoch 55/500
2026-03-20 22:40:39,223 - steps.encdec - INFO - No improve (19/50)
2026-03-20 22:40:39,224 - steps.encdec - INFO - Epoch 56/500
2026-03-20 22:41:41,197 - steps.encdec - INFO - No improve (20/50)
2026-03-20 22:41:41,198 - steps.encdec - INFO - Epoch 57/500
2026-03-20 22:42:42,379 - steps.encdec - INFO - No improve (21/50)
2026-03-20 22:42:42,380 - steps.encdec - INFO - Epoch 58/500
2026-03-20 22:43:43,324 - steps.encdec - INFO - No improve (22/50)
2026-03-20 22:43:43,325 - steps.encdec - INFO - Epoch 59/500
2026-03-20 22:44:44,231 - steps.encdec - INFO - No improve (23/50)
2026-03-20 22:44:44,231 - steps.encdec - INFO - Epoch 60/500
2026-03-20 22:45:45,659 - steps.encdec - INFO - No improve (24/50)
2026-03-20 22:45:45,659 - steps.encdec - INFO - Epoch 61/500
2026-03-20 22:46:41,819 - encdec_trainer - INFO - [latent] epoch=60 mu_var=0.276613 mu_abs=0.306811 logvar_mean=-1.15661 logvar_min=-5.72 logvar_max=0.238
2026-03-20 22:46:47,821 - steps.encdec - INFO - No improve (25/50)
2026-03-20 22:46:47,821 - steps.encdec - INFO - Epoch 62/500
2026-03-20 22:47:49,041 - steps.encdec - INFO - No improve (26/50)
2026-03-20 22:47:49,041 - steps.encdec - INFO - Epoch 63/500
2026-03-20 22:48:50,246 - steps.encdec - INFO - No improve (27/50)
2026-03-20 22:48:50,246 - steps.encdec - INFO - Epoch 64/500
2026-03-20 22:49:51,383 - steps.encdec - INFO - No improve (28/50)
2026-03-20 22:49:51,383 - steps.encdec - INFO - Epoch 65/500
2026-03-20 22:50:52,575 - steps.encdec - INFO - No improve (29/50)
2026-03-20 22:50:52,575 - steps.encdec - INFO - Epoch 66/500
2026-03-20 22:51:54,217 - steps.encdec - INFO - No improve (30/50)
2026-03-20 22:51:54,217 - steps.encdec - INFO - Epoch 67/500
2026-03-20 22:52:55,154 - steps.encdec - INFO - No improve (31/50)
2026-03-20 22:52:55,154 - steps.encdec - INFO - Epoch 68/500
2026-03-20 22:53:56,108 - steps.encdec - INFO - No improve (32/50)
2026-03-20 22:53:56,109 - steps.encdec - INFO - Epoch 69/500
2026-03-20 22:54:57,090 - steps.encdec - INFO - No improve (33/50)
2026-03-20 22:54:57,090 - steps.encdec - INFO - Epoch 70/500
2026-03-20 22:55:58,015 - steps.encdec - INFO - No improve (34/50)
2026-03-20 22:55:58,016 - steps.encdec - INFO - Epoch 71/500
2026-03-20 22:56:53,667 - encdec_trainer - INFO - [latent] epoch=70 mu_var=0.275485 mu_abs=0.303416 logvar_mean=-1.24308 logvar_min=-5.98 logvar_max=0.107
2026-03-20 22:56:59,569 - steps.encdec - INFO - No improve (35/50)
2026-03-20 22:56:59,569 - steps.encdec - INFO - Epoch 72/500
2026-03-20 22:58:00,474 - steps.encdec - INFO - No improve (36/50)
2026-03-20 22:58:00,474 - steps.encdec - INFO - Epoch 73/500
2026-03-20 22:59:01,519 - steps.encdec - INFO - No improve (37/50)
2026-03-20 22:59:01,519 - steps.encdec - INFO - Epoch 74/500
2026-03-20 23:00:02,613 - steps.encdec - INFO - No improve (38/50)
2026-03-20 23:00:02,614 - steps.encdec - INFO - Epoch 75/500
2026-03-20 23:01:03,847 - steps.encdec - INFO - No improve (39/50)
2026-03-20 23:01:03,847 - steps.encdec - INFO - Epoch 76/500
2026-03-20 23:02:05,245 - steps.encdec - INFO - No improve (40/50)
2026-03-20 23:02:05,245 - steps.encdec - INFO - Epoch 77/500
2026-03-20 23:03:06,386 - steps.encdec - INFO - No improve (41/50)
2026-03-20 23:03:06,386 - steps.encdec - INFO - Epoch 78/500
2026-03-20 23:04:07,971 - steps.encdec - INFO - No improve (42/50)
2026-03-20 23:04:07,971 - steps.encdec - INFO - Epoch 79/500
2026-03-20 23:05:09,405 - steps.encdec - INFO - No improve (43/50)
2026-03-20 23:05:09,405 - steps.encdec - INFO - Epoch 80/500
2026-03-20 23:06:10,362 - steps.encdec - INFO - No improve (44/50)
2026-03-20 23:06:10,362 - steps.encdec - INFO - Epoch 81/500
2026-03-20 23:07:06,230 - encdec_trainer - INFO - [latent] epoch=80 mu_var=0.275424 mu_abs=0.302551 logvar_mean=-1.23992 logvar_min=-5.95 logvar_max=0.106
2026-03-20 23:07:12,164 - steps.encdec - INFO - No improve (45/50)
2026-03-20 23:07:12,164 - steps.encdec - INFO - Epoch 82/500
2026-03-20 23:08:13,321 - steps.encdec - INFO - No improve (46/50)
2026-03-20 23:08:13,321 - steps.encdec - INFO - Epoch 83/500
2026-03-20 23:09:14,668 - steps.encdec - INFO - No improve (47/50)
2026-03-20 23:09:14,669 - steps.encdec - INFO - Epoch 84/500
2026-03-20 23:10:16,214 - steps.encdec - INFO - No improve (48/50)
2026-03-20 23:10:16,214 - steps.encdec - INFO - Epoch 85/500
2026-03-20 23:11:17,668 - steps.encdec - INFO - No improve (49/50)
2026-03-20 23:11:17,668 - steps.encdec - INFO - Epoch 86/500
2026-03-20 23:12:19,206 - steps.encdec - INFO - No improve (50/50)
2026-03-20 23:12:19,207 - steps.encdec - INFO - Early stopping triggered
2026-03-20 23:12:19,207 - steps.encdec - INFO - ==================================================
2026-03-20 23:12:19,207 - steps.encdec - INFO - TRAINING FINISHED
2026-03-20 23:12:19,207 - steps.encdec - INFO - Best Epoch: 36
2026-03-20 23:12:19,207 - steps.encdec - INFO - Best Validation Metrics:
2026-03-20 23:12:19,207 - steps.encdec - INFO -   - total_loss: 0.035664
2026-03-20 23:12:19,207 - steps.encdec - INFO -   - recon_loss: 0.016690
2026-03-20 23:12:19,207 - steps.encdec - INFO -   - recon_data_loss: 0.016449
2026-03-20 23:12:19,207 - steps.encdec - INFO -   - recon_mask_loss: 0.000241
2026-03-20 23:12:19,207 - steps.encdec - INFO -   - kld_loss: 11.350526
2026-03-20 23:12:19,207 - steps.encdec - INFO -   - kld_free: 11.481655
2026-03-20 23:12:19,207 - steps.encdec - INFO -   - causal_loss: 0.022447
2026-03-20 23:12:19,207 - steps.encdec - INFO -   - current_beta: 0.000675
2026-03-20 23:12:19,207 - steps.encdec - INFO - Best Validation Score (recon + gamma*causal + beta*kld): 0.035575
2026-03-20 23:12:19,207 - steps.encdec - INFO - ==================================================
2026-03-20 23:12:20,244 - steps.encdec - INFO - Saved loss curves -> cvae_loss_curves.png
2026-03-20 23:12:37,999 - steps.encdec - INFO - Saved encoded data (shape=(540000, 24)) -> cvae_encoded_data.pkl
2026-03-21 01:29:21,419 - steps.encdec - INFO - Step: encdec | training CausalVAE
2026-03-21 01:29:21,442 - steps.encdec - INFO - Device: cuda
2026-03-21 01:38:19,601 - steps.encdec - INFO - Dims | input_dim=29 seq_len=60 num_total_features=29
2026-03-21 01:38:19,602 - steps.encdec - INFO - Generating A_target ...
2026-03-21 12:50:57,399 - steps.encdec - INFO - Step: encdec | training CausalVAE
2026-03-21 12:50:57,402 - steps.encdec - INFO - Device: cuda
2026-03-21 12:55:06,993 - steps.encdec - INFO - Dims | input_dim=29 seq_len=60 num_total_features=29
2026-03-21 12:55:06,993 - steps.encdec - INFO - Generating A_target ...
2026-03-21 13:05:02,973 - steps.encdec - INFO - Start from scratch | resume=False | ckpt_exists=True
2026-03-21 13:05:02,973 - steps.encdec - INFO - Epoch 1/500
2026-03-21 13:10:37,726 - steps.encdec - INFO - Skip best selection before epoch 25
2026-03-21 13:10:37,727 - steps.encdec - INFO - Epoch 2/500
2026-03-21 13:16:25,916 - steps.encdec - INFO - Skip best selection before epoch 25
2026-03-21 13:16:25,917 - steps.encdec - INFO - Epoch 3/500
2026-03-21 13:21:56,671 - steps.encdec - INFO - Skip best selection before epoch 25
2026-03-21 13:21:56,671 - steps.encdec - INFO - Epoch 4/500
2026-03-21 13:27:45,031 - steps.encdec - INFO - Skip best selection before epoch 25
2026-03-21 13:27:45,031 - steps.encdec - INFO - Epoch 5/500
2026-03-21 13:33:15,076 - steps.encdec - INFO - Skip best selection before epoch 25
2026-03-21 13:33:15,076 - steps.encdec - INFO - Epoch 6/500
2026-03-21 13:39:01,358 - steps.encdec - INFO - Skip best selection before epoch 25
2026-03-21 13:39:01,358 - steps.encdec - INFO - Epoch 7/500
2026-03-21 13:44:29,607 - steps.encdec - INFO - Skip best selection before epoch 25
2026-03-21 13:44:29,607 - steps.encdec - INFO - Epoch 8/500
2026-03-21 13:50:15,031 - steps.encdec - INFO - Skip best selection before epoch 25
2026-03-21 13:50:15,031 - steps.encdec - INFO - Epoch 9/500
2026-03-21 13:55:42,506 - steps.encdec - INFO - Skip best selection before epoch 25
2026-03-21 13:55:42,506 - steps.encdec - INFO - Epoch 10/500
2026-03-21 14:01:26,935 - steps.encdec - INFO - Skip best selection before epoch 25
2026-03-21 14:01:26,936 - steps.encdec - INFO - Epoch 11/500
2026-03-21 14:06:41,156 - steps.encdec - INFO - Skip best selection before epoch 25
2026-03-21 14:06:41,156 - steps.encdec - INFO - Epoch 12/500
2026-03-21 14:12:05,705 - steps.encdec - INFO - Skip best selection before epoch 25
2026-03-21 14:12:05,705 - steps.encdec - INFO - Epoch 13/500
2026-03-21 14:17:47,285 - steps.encdec - INFO - Skip best selection before epoch 25
2026-03-21 14:17:47,285 - steps.encdec - INFO - Epoch 14/500
2026-03-21 14:23:13,709 - steps.encdec - INFO - Skip best selection before epoch 25
2026-03-21 14:23:13,709 - steps.encdec - INFO - Epoch 15/500
2026-03-21 14:28:55,079 - steps.encdec - INFO - Skip best selection before epoch 25
2026-03-21 14:28:55,080 - steps.encdec - INFO - Epoch 16/500
2026-03-21 14:34:20,984 - steps.encdec - INFO - Skip best selection before epoch 25
2026-03-21 14:34:20,985 - steps.encdec - INFO - Epoch 17/500
2026-03-21 14:40:01,585 - steps.encdec - INFO - Skip best selection before epoch 25
2026-03-21 14:40:01,586 - steps.encdec - INFO - Epoch 18/500
2026-03-21 14:45:26,598 - steps.encdec - INFO - Skip best selection before epoch 25
2026-03-21 14:45:26,598 - steps.encdec - INFO - Epoch 19/500
2026-03-21 14:51:06,818 - steps.encdec - INFO - Skip best selection before epoch 25
2026-03-21 14:51:06,818 - steps.encdec - INFO - Epoch 20/500
2026-03-21 14:56:31,714 - steps.encdec - INFO - Skip best selection before epoch 25
2026-03-21 14:56:31,715 - steps.encdec - INFO - Epoch 21/500
2026-03-21 15:02:13,621 - steps.encdec - INFO - Skip best selection before epoch 25
2026-03-21 15:02:13,622 - steps.encdec - INFO - Epoch 22/500
2026-03-21 15:07:49,833 - steps.encdec - INFO - Skip best selection before epoch 25
2026-03-21 15:07:49,833 - steps.encdec - INFO - Epoch 23/500
2026-03-21 15:13:36,055 - steps.encdec - INFO - Skip best selection before epoch 25
2026-03-21 15:13:36,056 - steps.encdec - INFO - Epoch 24/500
2026-03-21 15:19:06,053 - steps.encdec - INFO - Skip best selection before epoch 25
2026-03-21 15:19:06,053 - steps.encdec - INFO - Epoch 25/500
2026-03-21 15:24:39,509 - steps.encdec - INFO - New best val_score=0.012586 | saved ckpt -> cvae_model.pkl
2026-03-21 15:24:39,510 - steps.encdec - INFO - Epoch 26/500
2026-03-21 15:30:25,781 - steps.encdec - INFO - No improve (1/50)
2026-03-21 15:30:25,782 - steps.encdec - INFO - Epoch 27/500
2026-03-21 15:36:02,652 - steps.encdec - INFO - No improve (2/50)
2026-03-21 15:36:02,653 - steps.encdec - INFO - Epoch 28/500
2026-03-21 15:41:48,950 - steps.encdec - INFO - No improve (3/50)
2026-03-21 15:41:48,950 - steps.encdec - INFO - Epoch 29/500
2026-03-21 15:47:25,754 - steps.encdec - INFO - No improve (4/50)
2026-03-21 15:47:25,754 - steps.encdec - INFO - Epoch 30/500
2026-03-21 15:53:12,122 - steps.encdec - INFO - No improve (5/50)
2026-03-21 15:53:12,122 - steps.encdec - INFO - Epoch 31/500
2026-03-21 15:58:48,232 - steps.encdec - INFO - No improve (6/50)
2026-03-21 15:58:48,232 - steps.encdec - INFO - Epoch 32/500
2026-03-21 16:04:34,269 - steps.encdec - INFO - No improve (7/50)
2026-03-21 16:04:34,269 - steps.encdec - INFO - Epoch 33/500
2026-03-21 16:10:11,038 - steps.encdec - INFO - No improve (8/50)
2026-03-21 16:10:11,038 - steps.encdec - INFO - Epoch 34/500
2026-03-21 16:15:57,115 - steps.encdec - INFO - No improve (9/50)
2026-03-21 16:15:57,115 - steps.encdec - INFO - Epoch 35/500
2026-03-21 16:21:32,460 - steps.encdec - INFO - No improve (10/50)
2026-03-21 16:21:32,460 - steps.encdec - INFO - Epoch 36/500
2026-03-21 16:27:18,271 - steps.encdec - INFO - No improve (11/50)
2026-03-21 16:27:18,271 - steps.encdec - INFO - Epoch 37/500
2026-03-21 16:32:54,547 - steps.encdec - INFO - No improve (12/50)
2026-03-21 16:32:54,548 - steps.encdec - INFO - Epoch 38/500
2026-03-21 16:38:40,638 - steps.encdec - INFO - No improve (13/50)
2026-03-21 16:38:40,638 - steps.encdec - INFO - Epoch 39/500
2026-03-21 16:44:14,318 - steps.encdec - INFO - No improve (14/50)
2026-03-21 16:44:14,318 - steps.encdec - INFO - Epoch 40/500
2026-03-21 16:49:43,665 - steps.encdec - INFO - No improve (15/50)
2026-03-21 16:49:43,665 - steps.encdec - INFO - Epoch 41/500
2026-03-21 16:55:30,248 - steps.encdec - INFO - No improve (16/50)
2026-03-21 16:55:30,249 - steps.encdec - INFO - Epoch 42/500
2026-03-21 17:01:07,089 - steps.encdec - INFO - No improve (17/50)
2026-03-21 17:01:07,090 - steps.encdec - INFO - Epoch 43/500
2026-03-21 17:06:52,948 - steps.encdec - INFO - No improve (18/50)
2026-03-21 17:06:52,948 - steps.encdec - INFO - Epoch 44/500
2026-03-21 17:12:30,608 - steps.encdec - INFO - No improve (19/50)
2026-03-21 17:12:30,608 - steps.encdec - INFO - Epoch 45/500
2026-03-21 17:17:58,934 - steps.encdec - INFO - No improve (20/50)
2026-03-21 17:17:58,935 - steps.encdec - INFO - Epoch 46/500
2026-03-21 17:23:43,061 - steps.encdec - INFO - No improve (21/50)
2026-03-21 17:23:43,061 - steps.encdec - INFO - Epoch 47/500
2026-03-21 17:29:21,549 - steps.encdec - INFO - No improve (22/50)
2026-03-21 17:29:21,549 - steps.encdec - INFO - Epoch 48/500
2026-03-21 17:35:05,650 - steps.encdec - INFO - No improve (23/50)
2026-03-21 17:35:05,650 - steps.encdec - INFO - Epoch 49/500
2026-03-21 17:40:44,852 - steps.encdec - INFO - No improve (24/50)
2026-03-21 17:40:44,852 - steps.encdec - INFO - Epoch 50/500
2026-03-21 17:46:29,265 - steps.encdec - INFO - No improve (25/50)
2026-03-21 17:46:29,265 - steps.encdec - INFO - Epoch 51/500
2026-03-21 17:52:07,888 - steps.encdec - INFO - No improve (26/50)
2026-03-21 17:52:07,888 - steps.encdec - INFO - Epoch 52/500
2026-03-21 17:57:50,893 - steps.encdec - INFO - No improve (27/50)
2026-03-21 17:57:50,893 - steps.encdec - INFO - Epoch 53/500
2026-03-21 18:03:31,006 - steps.encdec - INFO - No improve (28/50)
2026-03-21 18:03:31,006 - steps.encdec - INFO - Epoch 54/500
2026-03-21 18:09:13,842 - steps.encdec - INFO - No improve (29/50)
2026-03-21 18:09:13,843 - steps.encdec - INFO - Epoch 55/500
2026-03-21 18:14:54,331 - steps.encdec - INFO - No improve (30/50)
2026-03-21 18:14:54,331 - steps.encdec - INFO - Epoch 56/500
2026-03-21 18:20:37,116 - steps.encdec - INFO - No improve (31/50)
2026-03-21 18:20:37,116 - steps.encdec - INFO - Epoch 57/500
2026-03-21 18:26:17,941 - steps.encdec - INFO - No improve (32/50)
2026-03-21 18:26:17,942 - steps.encdec - INFO - Epoch 58/500
2026-03-21 18:32:01,008 - steps.encdec - INFO - No improve (33/50)
2026-03-21 18:32:01,008 - steps.encdec - INFO - Epoch 59/500
2026-03-21 18:37:41,501 - steps.encdec - INFO - No improve (34/50)
2026-03-21 18:37:41,501 - steps.encdec - INFO - Epoch 60/500
2026-03-21 18:43:23,628 - steps.encdec - INFO - No improve (35/50)
2026-03-21 18:43:23,629 - steps.encdec - INFO - Epoch 61/500
2026-03-21 18:49:04,675 - steps.encdec - INFO - No improve (36/50)
2026-03-21 18:49:04,675 - steps.encdec - INFO - Epoch 62/500
2026-03-21 18:54:33,268 - steps.encdec - INFO - No improve (37/50)
2026-03-21 18:54:33,268 - steps.encdec - INFO - Epoch 63/500
2026-03-21 19:00:13,699 - steps.encdec - INFO - No improve (38/50)
2026-03-21 19:00:13,699 - steps.encdec - INFO - Epoch 64/500
2026-03-21 19:05:55,504 - steps.encdec - INFO - No improve (39/50)
2026-03-21 19:05:55,505 - steps.encdec - INFO - Epoch 65/500
2026-03-21 19:11:23,571 - steps.encdec - INFO - No improve (40/50)
2026-03-21 19:11:23,572 - steps.encdec - INFO - Epoch 66/500
2026-03-21 19:17:07,242 - steps.encdec - INFO - No improve (41/50)
2026-03-21 19:17:07,242 - steps.encdec - INFO - Epoch 67/500
2026-03-21 19:22:47,572 - steps.encdec - INFO - No improve (42/50)
2026-03-21 19:22:47,572 - steps.encdec - INFO - Epoch 68/500
2026-03-21 19:28:29,209 - steps.encdec - INFO - No improve (43/50)
2026-03-21 19:28:29,209 - steps.encdec - INFO - Epoch 69/500
2026-03-21 19:34:10,603 - steps.encdec - INFO - No improve (44/50)
2026-03-21 19:34:10,603 - steps.encdec - INFO - Epoch 70/500
2026-03-21 19:39:39,865 - steps.encdec - INFO - No improve (45/50)
2026-03-21 19:39:39,866 - steps.encdec - INFO - Epoch 71/500
2026-03-21 19:45:18,523 - steps.encdec - INFO - No improve (46/50)
2026-03-21 19:45:18,523 - steps.encdec - INFO - Epoch 72/500
2026-03-21 19:51:02,967 - steps.encdec - INFO - No improve (47/50)
2026-03-21 19:51:02,968 - steps.encdec - INFO - Epoch 73/500
2026-03-21 19:56:41,105 - steps.encdec - INFO - No improve (48/50)
2026-03-21 19:56:41,105 - steps.encdec - INFO - Epoch 74/500
2026-03-21 20:02:25,511 - steps.encdec - INFO - No improve (49/50)
2026-03-21 20:02:25,511 - steps.encdec - INFO - Epoch 75/500
2026-03-21 20:08:03,605 - steps.encdec - INFO - No improve (50/50)
2026-03-21 20:08:03,605 - steps.encdec - INFO - Early stopping triggered
2026-03-21 20:08:03,605 - steps.encdec - INFO - ==================================================
2026-03-21 20:08:03,605 - steps.encdec - INFO - TRAINING FINISHED
2026-03-21 20:08:03,605 - steps.encdec - INFO - Best Epoch: 25
2026-03-21 20:08:03,606 - steps.encdec - INFO - Best Validation Metrics:
2026-03-21 20:08:03,606 - steps.encdec - INFO -   - total_loss: 0.012702
2026-03-21 20:08:03,606 - steps.encdec - INFO -   - recon_loss: 0.007831
2026-03-21 20:08:03,606 - steps.encdec - INFO -   - recon_data_loss: 0.007743
2026-03-21 20:08:03,606 - steps.encdec - INFO -   - recon_mask_loss: 0.000088
2026-03-21 20:08:03,606 - steps.encdec - INFO -   - kld_loss: 11.187600
2026-03-21 20:08:03,606 - steps.encdec - INFO -   - kld_free: 11.461555
2026-03-21 20:08:03,606 - steps.encdec - INFO -   - struct_loss: 0.000000
2026-03-21 20:08:03,606 - steps.encdec - INFO -   - dag_loss: 0.000000
2026-03-21 20:08:03,606 - steps.encdec - INFO -   - causal_loss: 0.000000
2026-03-21 20:08:03,606 - steps.encdec - INFO -   - current_beta: 0.000425
2026-03-21 20:08:03,606 - steps.encdec - INFO - Best Validation Score (recon + gamma*causal + beta*kld): 0.012586
2026-03-21 20:08:03,606 - steps.encdec - INFO - ==================================================
2026-03-21 20:08:05,123 - steps.encdec - INFO - Saved loss curves -> cvae_loss_curves.png
2026-03-21 20:08:25,467 - steps.encdec - INFO - Saved encoded data (shape=(540000, 24)) -> cvae_encoded_data.pkl
2026-03-22 01:07:59,879 - steps.encdec - INFO - Step: encdec | training CausalVAE
2026-03-22 01:07:59,881 - steps.encdec - INFO - Device: cuda:0 | distributed=True | world_size=4
2026-03-22 01:13:34,241 - steps.encdec - INFO - Dims | input_dim=29 seq_len=60 num_total_features=29
2026-03-22 01:13:34,241 - steps.encdec - INFO - Found pre-generated A_target at ./cache_encdec/A_target.npy
2026-03-22 01:13:52,493 - steps.encdec - INFO - Start from scratch | resume=False | ckpt_exists=True
2026-03-22 01:13:52,493 - steps.encdec - INFO - Epoch 1/500
2026-03-22 01:14:16,862 - steps.encdec - INFO - Skip best selection before epoch 25
2026-03-22 01:14:16,863 - steps.encdec - INFO - Epoch 2/500
2026-03-22 01:14:38,295 - steps.encdec - INFO - Skip best selection before epoch 25
2026-03-22 01:14:38,295 - steps.encdec - INFO - Epoch 3/500
2026-03-22 01:14:59,288 - steps.encdec - INFO - Skip best selection before epoch 25
2026-03-22 01:14:59,288 - steps.encdec - INFO - Epoch 4/500
2026-03-22 01:15:19,429 - steps.encdec - INFO - Skip best selection before epoch 25
2026-03-22 01:15:19,430 - steps.encdec - INFO - Epoch 5/500
2026-03-22 01:15:39,600 - steps.encdec - INFO - Skip best selection before epoch 25
2026-03-22 01:15:39,600 - steps.encdec - INFO - Epoch 6/500
2026-03-22 01:15:59,748 - steps.encdec - INFO - Skip best selection before epoch 25
2026-03-22 01:15:59,748 - steps.encdec - INFO - Epoch 7/500
2026-03-22 01:16:19,996 - steps.encdec - INFO - Skip best selection before epoch 25
2026-03-22 01:16:19,996 - steps.encdec - INFO - Epoch 8/500
2026-03-22 01:16:40,177 - steps.encdec - INFO - Skip best selection before epoch 25
2026-03-22 01:16:40,177 - steps.encdec - INFO - Epoch 9/500
2026-03-22 01:17:00,341 - steps.encdec - INFO - Skip best selection before epoch 25
2026-03-22 01:17:00,342 - steps.encdec - INFO - Epoch 10/500
2026-03-22 01:17:20,401 - steps.encdec - INFO - Skip best selection before epoch 25
2026-03-22 01:17:20,401 - steps.encdec - INFO - Epoch 11/500
2026-03-22 01:17:40,477 - steps.encdec - INFO - Skip best selection before epoch 25
2026-03-22 01:17:40,477 - steps.encdec - INFO - Epoch 12/500
2026-03-22 01:18:00,634 - steps.encdec - INFO - Skip best selection before epoch 25
2026-03-22 01:18:00,634 - steps.encdec - INFO - Epoch 13/500
2026-03-22 01:18:20,849 - steps.encdec - INFO - Skip best selection before epoch 25
2026-03-22 01:18:20,849 - steps.encdec - INFO - Epoch 14/500
2026-03-22 01:18:41,051 - steps.encdec - INFO - Skip best selection before epoch 25
2026-03-22 01:18:41,052 - steps.encdec - INFO - Epoch 15/500
2026-03-22 01:19:01,327 - steps.encdec - INFO - Skip best selection before epoch 25
2026-03-22 01:19:01,328 - steps.encdec - INFO - Epoch 16/500
2026-03-22 01:19:21,476 - steps.encdec - INFO - Skip best selection before epoch 25
2026-03-22 01:19:21,476 - steps.encdec - INFO - Epoch 17/500
2026-03-22 01:19:41,575 - steps.encdec - INFO - Skip best selection before epoch 25
2026-03-22 01:19:41,575 - steps.encdec - INFO - Epoch 18/500
2026-03-22 01:20:01,729 - steps.encdec - INFO - Skip best selection before epoch 25
2026-03-22 01:20:01,729 - steps.encdec - INFO - Epoch 19/500
2026-03-22 01:20:21,825 - steps.encdec - INFO - Skip best selection before epoch 25
2026-03-22 01:20:21,825 - steps.encdec - INFO - Epoch 20/500
2026-03-22 01:20:41,978 - steps.encdec - INFO - Skip best selection before epoch 25
2026-03-22 01:20:41,978 - steps.encdec - INFO - Epoch 21/500
2026-03-22 01:21:02,323 - steps.encdec - INFO - Skip best selection before epoch 25
2026-03-22 01:21:02,323 - steps.encdec - INFO - Epoch 22/500
2026-03-22 01:21:22,546 - steps.encdec - INFO - Skip best selection before epoch 25
2026-03-22 01:21:22,547 - steps.encdec - INFO - Epoch 23/500
2026-03-22 01:21:42,739 - steps.encdec - INFO - Skip best selection before epoch 25
2026-03-22 01:21:42,740 - steps.encdec - INFO - Epoch 24/500
2026-03-22 01:22:02,900 - steps.encdec - INFO - Skip best selection before epoch 25
2026-03-22 01:22:02,903 - steps.encdec - INFO - Epoch 25/500
2026-03-22 01:22:23,099 - steps.encdec - INFO - New best val_score=1000000000000000019884624838656.000000 | saved ckpt -> cvae_model.pkl
2026-03-22 01:22:23,099 - steps.encdec - INFO - Epoch 26/500
2026-03-22 01:22:43,273 - steps.encdec - INFO - No improve (1/50)
2026-03-22 01:22:43,273 - steps.encdec - INFO - Epoch 27/500
2026-03-22 01:23:03,498 - steps.encdec - INFO - No improve (2/50)
2026-03-22 01:23:03,498 - steps.encdec - INFO - Epoch 28/500
2026-03-22 01:23:23,724 - steps.encdec - INFO - No improve (3/50)
2026-03-22 01:23:23,724 - steps.encdec - INFO - Epoch 29/500
2026-03-22 01:23:43,884 - steps.encdec - INFO - No improve (4/50)
2026-03-22 01:23:43,885 - steps.encdec - INFO - Epoch 30/500
2026-03-22 01:24:04,023 - steps.encdec - INFO - No improve (5/50)
2026-03-22 01:24:04,023 - steps.encdec - INFO - Epoch 31/500
2026-03-22 01:24:24,185 - steps.encdec - INFO - No improve (6/50)
2026-03-22 01:24:24,185 - steps.encdec - INFO - Epoch 32/500
2026-03-22 01:24:44,414 - steps.encdec - INFO - No improve (7/50)
2026-03-22 01:24:44,415 - steps.encdec - INFO - Epoch 33/500
2026-03-22 01:25:04,587 - steps.encdec - INFO - No improve (8/50)
2026-03-22 01:25:04,587 - steps.encdec - INFO - Epoch 34/500
2026-03-22 01:25:24,863 - steps.encdec - INFO - No improve (9/50)
2026-03-22 01:25:24,863 - steps.encdec - INFO - Epoch 35/500
2026-03-22 01:25:45,134 - steps.encdec - INFO - No improve (10/50)
2026-03-22 01:25:45,134 - steps.encdec - INFO - Epoch 36/500
2026-03-22 01:26:05,267 - steps.encdec - INFO - No improve (11/50)
2026-03-22 01:26:05,267 - steps.encdec - INFO - Epoch 37/500
2026-03-22 01:26:25,345 - steps.encdec - INFO - No improve (12/50)
2026-03-22 01:26:25,346 - steps.encdec - INFO - Epoch 38/500
2026-03-22 01:26:45,448 - steps.encdec - INFO - No improve (13/50)
2026-03-22 01:26:45,448 - steps.encdec - INFO - Epoch 39/500
2026-03-22 01:27:05,588 - steps.encdec - INFO - No improve (14/50)
2026-03-22 01:27:05,588 - steps.encdec - INFO - Epoch 40/500
2026-03-22 01:27:25,866 - steps.encdec - INFO - No improve (15/50)
2026-03-22 01:27:25,866 - steps.encdec - INFO - Epoch 41/500
2026-03-22 01:27:46,791 - steps.encdec - INFO - No improve (16/50)
2026-03-22 01:27:46,791 - steps.encdec - INFO - Epoch 42/500
2026-03-22 01:28:07,803 - steps.encdec - INFO - No improve (17/50)
2026-03-22 01:28:07,803 - steps.encdec - INFO - Epoch 43/500
2026-03-22 01:28:27,944 - steps.encdec - INFO - No improve (18/50)
2026-03-22 01:28:27,944 - steps.encdec - INFO - Epoch 44/500
2026-03-22 01:28:48,195 - steps.encdec - INFO - No improve (19/50)
2026-03-22 01:28:48,195 - steps.encdec - INFO - Epoch 45/500
2026-03-22 01:29:08,314 - steps.encdec - INFO - No improve (20/50)
2026-03-22 01:29:08,314 - steps.encdec - INFO - Epoch 46/500
2026-03-22 01:29:28,487 - steps.encdec - INFO - No improve (21/50)
2026-03-22 01:29:28,487 - steps.encdec - INFO - Epoch 47/500
2026-03-22 01:29:48,561 - steps.encdec - INFO - No improve (22/50)
2026-03-22 01:29:48,562 - steps.encdec - INFO - Epoch 48/500
2026-03-22 01:30:08,743 - steps.encdec - INFO - No improve (23/50)
2026-03-22 01:30:08,743 - steps.encdec - INFO - Epoch 49/500
2026-03-22 01:30:29,005 - steps.encdec - INFO - No improve (24/50)
2026-03-22 01:30:29,005 - steps.encdec - INFO - Epoch 50/500
2026-03-22 01:30:49,263 - steps.encdec - INFO - No improve (25/50)
2026-03-22 01:30:49,264 - steps.encdec - INFO - Epoch 51/500
2026-03-22 01:31:09,391 - steps.encdec - INFO - No improve (26/50)
2026-03-22 01:31:09,391 - steps.encdec - INFO - Epoch 52/500
2026-03-22 01:31:29,583 - steps.encdec - INFO - No improve (27/50)
2026-03-22 01:31:29,584 - steps.encdec - INFO - Epoch 53/500
2026-03-22 01:31:49,951 - steps.encdec - INFO - No improve (28/50)
2026-03-22 01:31:49,951 - steps.encdec - INFO - Epoch 54/500
2026-03-22 01:32:10,365 - steps.encdec - INFO - No improve (29/50)
2026-03-22 01:32:10,365 - steps.encdec - INFO - Epoch 55/500
2026-03-22 01:32:30,784 - steps.encdec - INFO - No improve (30/50)
2026-03-22 01:32:30,784 - steps.encdec - INFO - Epoch 56/500
2026-03-22 01:32:52,092 - steps.encdec - INFO - No improve (31/50)
2026-03-22 01:32:52,093 - steps.encdec - INFO - Epoch 57/500
2026-03-22 01:33:13,247 - steps.encdec - INFO - No improve (32/50)
2026-03-22 01:33:13,247 - steps.encdec - INFO - Epoch 58/500
2026-03-22 01:33:34,437 - steps.encdec - INFO - No improve (33/50)
2026-03-22 01:33:34,437 - steps.encdec - INFO - Epoch 59/500
2026-03-22 01:33:55,567 - steps.encdec - INFO - No improve (34/50)
2026-03-22 01:33:55,567 - steps.encdec - INFO - Epoch 60/500
2026-03-22 01:34:16,737 - steps.encdec - INFO - No improve (35/50)
2026-03-22 01:34:16,738 - steps.encdec - INFO - Epoch 61/500
2026-03-22 01:34:37,612 - steps.encdec - INFO - No improve (36/50)
2026-03-22 01:34:37,613 - steps.encdec - INFO - Epoch 62/500
2026-03-22 01:34:58,114 - steps.encdec - INFO - No improve (37/50)
2026-03-22 01:34:58,114 - steps.encdec - INFO - Epoch 63/500
2026-03-22 01:35:18,419 - steps.encdec - INFO - No improve (38/50)
2026-03-22 01:35:18,419 - steps.encdec - INFO - Epoch 64/500
2026-03-22 01:35:38,661 - steps.encdec - INFO - No improve (39/50)
2026-03-22 01:35:38,661 - steps.encdec - INFO - Epoch 65/500
2026-03-22 01:35:58,937 - steps.encdec - INFO - No improve (40/50)
2026-03-22 01:35:58,937 - steps.encdec - INFO - Epoch 66/500
2026-03-22 01:36:19,033 - steps.encdec - INFO - No improve (41/50)
2026-03-22 01:36:19,033 - steps.encdec - INFO - Epoch 67/500
2026-03-22 01:36:39,394 - steps.encdec - INFO - No improve (42/50)
2026-03-22 01:36:39,394 - steps.encdec - INFO - Epoch 68/500
2026-03-22 01:36:59,540 - steps.encdec - INFO - No improve (43/50)
2026-03-22 01:36:59,540 - steps.encdec - INFO - Epoch 69/500
2026-03-22 01:37:19,679 - steps.encdec - INFO - No improve (44/50)
2026-03-22 01:37:19,679 - steps.encdec - INFO - Epoch 70/500
2026-03-22 01:37:39,872 - steps.encdec - INFO - No improve (45/50)
2026-03-22 01:37:39,873 - steps.encdec - INFO - Epoch 71/500
2026-03-22 01:38:00,058 - steps.encdec - INFO - No improve (46/50)
2026-03-22 01:38:00,058 - steps.encdec - INFO - Epoch 72/500
2026-03-22 01:38:20,219 - steps.encdec - INFO - No improve (47/50)
2026-03-22 01:38:20,219 - steps.encdec - INFO - Epoch 73/500
2026-03-22 01:38:40,315 - steps.encdec - INFO - No improve (48/50)
2026-03-22 01:38:40,315 - steps.encdec - INFO - Epoch 74/500
2026-03-22 01:39:00,415 - steps.encdec - INFO - No improve (49/50)
2026-03-22 01:39:00,415 - steps.encdec - INFO - Epoch 75/500
2026-03-22 01:39:20,724 - steps.encdec - INFO - No improve (50/50)
2026-03-22 01:39:20,724 - steps.encdec - INFO - Early stopping triggered
2026-03-22 01:39:20,724 - steps.encdec - INFO - ==================================================
2026-03-22 01:39:20,724 - steps.encdec - INFO - TRAINING FINISHED
2026-03-22 01:39:20,724 - steps.encdec - INFO - Best Epoch: 25
2026-03-22 01:39:20,724 - steps.encdec - INFO - Best Validation Metrics:
2026-03-22 01:39:20,724 - steps.encdec - INFO -   - current_beta: 0.000425
2026-03-22 01:39:20,724 - steps.encdec - INFO - Best Validation Score (recon + gamma*causal + beta*kld): 1000000000000000019884624838656.000000
2026-03-22 01:39:20,724 - steps.encdec - INFO - ==================================================
2026-03-22 01:39:21,061 - steps.encdec - INFO - Saved loss curves -> cvae_loss_curves.png
2026-03-22 01:39:28,451 - steps.encdec - INFO - Saved encoded data (shape=(540000, 24)) -> cvae_encoded_data.pkl
2026-03-22 23:20:39,206 - steps.encdec - INFO - Step: encdec | training CausalVAE
2026-03-22 23:20:39,206 - steps.encdec - INFO - Device: cuda:0 | distributed=True | world_size=4
2026-03-22 23:23:35,884 - steps.encdec - INFO - Dims | input_dim=29 seq_len=60 num_total_features=29
2026-03-22 23:23:35,884 - steps.encdec - INFO - Generating A_target ...
2026-03-22 23:33:06,562 - steps.encdec - INFO - Start from scratch | resume=False | ckpt_exists=True
2026-03-22 23:33:06,562 - steps.encdec - INFO - Epoch 1/500
2026-03-22 23:33:53,531 - steps.encdec - INFO - Skip best selection before epoch 25
2026-03-22 23:33:53,531 - steps.encdec - INFO - Epoch 2/500
2026-03-22 23:34:37,279 - steps.encdec - INFO - Skip best selection before epoch 25
2026-03-22 23:34:37,280 - steps.encdec - INFO - Epoch 3/500
2026-03-22 23:35:20,974 - steps.encdec - INFO - Skip best selection before epoch 25
2026-03-22 23:35:20,974 - steps.encdec - INFO - Epoch 4/500
2026-03-22 23:36:04,667 - steps.encdec - INFO - Skip best selection before epoch 25
2026-03-22 23:36:04,667 - steps.encdec - INFO - Epoch 5/500
2026-03-22 23:36:48,445 - steps.encdec - INFO - Skip best selection before epoch 25
2026-03-22 23:36:48,445 - steps.encdec - INFO - Epoch 6/500
2026-03-22 23:37:32,144 - steps.encdec - INFO - Skip best selection before epoch 25
2026-03-22 23:37:32,144 - steps.encdec - INFO - Epoch 7/500
2026-03-22 23:38:15,867 - steps.encdec - INFO - Skip best selection before epoch 25
2026-03-22 23:38:15,867 - steps.encdec - INFO - Epoch 8/500
2026-03-22 23:38:59,639 - steps.encdec - INFO - Skip best selection before epoch 25
2026-03-22 23:38:59,639 - steps.encdec - INFO - Epoch 9/500
2026-03-22 23:39:43,422 - steps.encdec - INFO - Skip best selection before epoch 25
2026-03-22 23:39:43,422 - steps.encdec - INFO - Epoch 10/500
2026-03-22 23:40:27,047 - steps.encdec - INFO - Skip best selection before epoch 25
2026-03-22 23:40:27,047 - steps.encdec - INFO - Epoch 11/500
2026-03-22 23:41:10,761 - steps.encdec - INFO - Skip best selection before epoch 25
2026-03-22 23:41:10,761 - steps.encdec - INFO - Epoch 12/500
2026-03-22 23:41:54,407 - steps.encdec - INFO - Skip best selection before epoch 25
2026-03-22 23:41:54,407 - steps.encdec - INFO - Epoch 13/500
2026-03-22 23:42:38,204 - steps.encdec - INFO - Skip best selection before epoch 25
2026-03-22 23:42:38,204 - steps.encdec - INFO - Epoch 14/500
2026-03-22 23:43:22,149 - steps.encdec - INFO - Skip best selection before epoch 25
2026-03-22 23:43:22,149 - steps.encdec - INFO - Epoch 15/500
2026-03-22 23:44:05,917 - steps.encdec - INFO - Skip best selection before epoch 25
2026-03-22 23:44:05,918 - steps.encdec - INFO - Epoch 16/500
2026-03-22 23:44:49,610 - steps.encdec - INFO - Skip best selection before epoch 25
2026-03-22 23:44:49,610 - steps.encdec - INFO - Epoch 17/500
2026-03-22 23:45:33,303 - steps.encdec - INFO - Skip best selection before epoch 25
2026-03-22 23:45:33,303 - steps.encdec - INFO - Epoch 18/500
2026-03-22 23:46:17,052 - steps.encdec - INFO - Skip best selection before epoch 25
2026-03-22 23:46:17,052 - steps.encdec - INFO - Epoch 19/500
2026-03-22 23:47:00,799 - steps.encdec - INFO - Skip best selection before epoch 25
2026-03-22 23:47:00,800 - steps.encdec - INFO - Epoch 20/500
2026-03-22 23:47:44,520 - steps.encdec - INFO - Skip best selection before epoch 25
2026-03-22 23:47:44,521 - steps.encdec - INFO - Epoch 21/500
2026-03-22 23:48:28,303 - steps.encdec - INFO - Skip best selection before epoch 25
2026-03-22 23:48:28,303 - steps.encdec - INFO - Epoch 22/500
2026-03-22 23:49:11,954 - steps.encdec - INFO - Skip best selection before epoch 25
2026-03-22 23:49:11,954 - steps.encdec - INFO - Epoch 23/500
2026-03-22 23:49:55,715 - steps.encdec - INFO - Skip best selection before epoch 25
2026-03-22 23:49:55,715 - steps.encdec - INFO - Epoch 24/500
2026-03-22 23:50:39,438 - steps.encdec - INFO - Skip best selection before epoch 25
2026-03-22 23:50:39,438 - steps.encdec - INFO - Epoch 25/500
2026-03-22 23:51:23,313 - steps.encdec - INFO - New best val_score=0.011919 | saved ckpt -> cvae_model.pkl
2026-03-22 23:51:23,313 - steps.encdec - INFO - Epoch 26/500
2026-03-22 23:52:07,092 - steps.encdec - INFO - No improve (1/50)
2026-03-22 23:52:07,092 - steps.encdec - INFO - Epoch 27/500
2026-03-22 23:52:50,959 - steps.encdec - INFO - No improve (2/50)
2026-03-22 23:52:50,959 - steps.encdec - INFO - Epoch 28/500
2026-03-22 23:53:34,729 - steps.encdec - INFO - No improve (3/50)
2026-03-22 23:53:34,729 - steps.encdec - INFO - Epoch 29/500
2026-03-22 23:54:18,487 - steps.encdec - INFO - No improve (4/50)
2026-03-22 23:54:18,487 - steps.encdec - INFO - Epoch 30/500
2026-03-22 23:55:02,328 - steps.encdec - INFO - No improve (5/50)
2026-03-22 23:55:02,328 - steps.encdec - INFO - Epoch 31/500
2026-03-22 23:55:46,198 - steps.encdec - INFO - No improve (6/50)
2026-03-22 23:55:46,199 - steps.encdec - INFO - Epoch 32/500
2026-03-22 23:56:29,924 - steps.encdec - INFO - No improve (7/50)
2026-03-22 23:56:29,924 - steps.encdec - INFO - Epoch 33/500
2026-03-22 23:57:13,679 - steps.encdec - INFO - No improve (8/50)
2026-03-22 23:57:13,680 - steps.encdec - INFO - Epoch 34/500
2026-03-22 23:57:57,493 - steps.encdec - INFO - No improve (9/50)
2026-03-22 23:57:57,493 - steps.encdec - INFO - Epoch 35/500
2026-03-22 23:58:41,209 - steps.encdec - INFO - No improve (10/50)
2026-03-22 23:58:41,209 - steps.encdec - INFO - Epoch 36/500
2026-03-22 23:59:24,993 - steps.encdec - INFO - No improve (11/50)
2026-03-22 23:59:24,993 - steps.encdec - INFO - Epoch 37/500
2026-03-23 00:00:08,704 - steps.encdec - INFO - No improve (12/50)
2026-03-23 00:00:08,704 - steps.encdec - INFO - Epoch 38/500
2026-03-23 00:00:52,393 - steps.encdec - INFO - No improve (13/50)
2026-03-23 00:00:52,393 - steps.encdec - INFO - Epoch 39/500
2026-03-23 00:01:35,953 - steps.encdec - INFO - No improve (14/50)
2026-03-23 00:01:35,953 - steps.encdec - INFO - Epoch 40/500
2026-03-23 00:02:19,975 - steps.encdec - INFO - No improve (15/50)
2026-03-23 00:02:19,975 - steps.encdec - INFO - Epoch 41/500
2026-03-23 00:03:03,823 - steps.encdec - INFO - No improve (16/50)
2026-03-23 00:03:03,824 - steps.encdec - INFO - Epoch 42/500
2026-03-23 00:03:47,643 - steps.encdec - INFO - No improve (17/50)
2026-03-23 00:03:47,644 - steps.encdec - INFO - Epoch 43/500
2026-03-23 00:04:31,368 - steps.encdec - INFO - No improve (18/50)
2026-03-23 00:04:31,368 - steps.encdec - INFO - Epoch 44/500
2026-03-23 00:05:15,144 - steps.encdec - INFO - No improve (19/50)
2026-03-23 00:05:15,144 - steps.encdec - INFO - Epoch 45/500
2026-03-23 00:05:58,850 - steps.encdec - INFO - No improve (20/50)
2026-03-23 00:05:58,850 - steps.encdec - INFO - Epoch 46/500
2026-03-23 00:06:42,612 - steps.encdec - INFO - No improve (21/50)
2026-03-23 00:06:42,612 - steps.encdec - INFO - Epoch 47/500
2026-03-23 00:07:26,490 - steps.encdec - INFO - No improve (22/50)
2026-03-23 00:07:26,490 - steps.encdec - INFO - Epoch 48/500
2026-03-23 00:08:10,269 - steps.encdec - INFO - No improve (23/50)
2026-03-23 00:08:10,269 - steps.encdec - INFO - Epoch 49/500
2026-03-23 00:08:54,157 - steps.encdec - INFO - No improve (24/50)
2026-03-23 00:08:54,157 - steps.encdec - INFO - Epoch 50/500
2026-03-23 00:09:37,954 - steps.encdec - INFO - No improve (25/50)
2026-03-23 00:09:37,954 - steps.encdec - INFO - Epoch 51/500
2026-03-23 00:10:21,660 - steps.encdec - INFO - No improve (26/50)
2026-03-23 00:10:21,660 - steps.encdec - INFO - Epoch 52/500
2026-03-23 00:11:05,533 - steps.encdec - INFO - No improve (27/50)
2026-03-23 00:11:05,533 - steps.encdec - INFO - Epoch 53/500
2026-03-23 00:11:49,354 - steps.encdec - INFO - No improve (28/50)
2026-03-23 00:11:49,354 - steps.encdec - INFO - Epoch 54/500
2026-03-23 00:12:33,109 - steps.encdec - INFO - No improve (29/50)
2026-03-23 00:12:33,109 - steps.encdec - INFO - Epoch 55/500
2026-03-23 00:13:16,852 - steps.encdec - INFO - No improve (30/50)
2026-03-23 00:13:16,852 - steps.encdec - INFO - Epoch 56/500
2026-03-23 00:14:00,520 - steps.encdec - INFO - No improve (31/50)
2026-03-23 00:14:00,520 - steps.encdec - INFO - Epoch 57/500
2026-03-23 00:14:44,442 - steps.encdec - INFO - No improve (32/50)
2026-03-23 00:14:44,442 - steps.encdec - INFO - Epoch 58/500
2026-03-23 00:15:28,314 - steps.encdec - INFO - No improve (33/50)
2026-03-23 00:15:28,315 - steps.encdec - INFO - Epoch 59/500
2026-03-23 00:16:12,096 - steps.encdec - INFO - No improve (34/50)
2026-03-23 00:16:12,096 - steps.encdec - INFO - Epoch 60/500
2026-03-23 00:16:55,963 - steps.encdec - INFO - No improve (35/50)
2026-03-23 00:16:55,964 - steps.encdec - INFO - Epoch 61/500
2026-03-23 00:17:39,644 - steps.encdec - INFO - No improve (36/50)
2026-03-23 00:17:39,644 - steps.encdec - INFO - Epoch 62/500
2026-03-23 00:18:23,459 - steps.encdec - INFO - No improve (37/50)
2026-03-23 00:18:23,459 - steps.encdec - INFO - Epoch 63/500
2026-03-23 00:19:07,239 - steps.encdec - INFO - No improve (38/50)
2026-03-23 00:19:07,240 - steps.encdec - INFO - Epoch 64/500
2026-03-23 00:19:50,852 - steps.encdec - INFO - No improve (39/50)
2026-03-23 00:19:50,852 - steps.encdec - INFO - Epoch 65/500
2026-03-23 00:20:34,667 - steps.encdec - INFO - No improve (40/50)
2026-03-23 00:20:34,667 - steps.encdec - INFO - Epoch 66/500
2026-03-23 00:21:18,486 - steps.encdec - INFO - No improve (41/50)
2026-03-23 00:21:18,486 - steps.encdec - INFO - Epoch 67/500
2026-03-23 00:22:02,140 - steps.encdec - INFO - No improve (42/50)
2026-03-23 00:22:02,140 - steps.encdec - INFO - Epoch 68/500
2026-03-23 00:22:45,805 - steps.encdec - INFO - No improve (43/50)
2026-03-23 00:22:45,805 - steps.encdec - INFO - Epoch 69/500
2026-03-23 00:23:29,635 - steps.encdec - INFO - No improve (44/50)
2026-03-23 00:23:29,636 - steps.encdec - INFO - Epoch 70/500
2026-03-23 00:24:13,218 - steps.encdec - INFO - No improve (45/50)
2026-03-23 00:24:13,219 - steps.encdec - INFO - Epoch 71/500
2026-03-23 00:24:56,985 - steps.encdec - INFO - No improve (46/50)
2026-03-23 00:24:56,985 - steps.encdec - INFO - Epoch 72/500
2026-03-23 00:25:40,735 - steps.encdec - INFO - No improve (47/50)
2026-03-23 00:25:40,735 - steps.encdec - INFO - Epoch 73/500
2026-03-23 00:26:24,441 - steps.encdec - INFO - No improve (48/50)
2026-03-23 00:26:24,441 - steps.encdec - INFO - Epoch 74/500
2026-03-23 00:27:08,148 - steps.encdec - INFO - No improve (49/50)
2026-03-23 00:27:08,148 - steps.encdec - INFO - Epoch 75/500
2026-03-23 00:27:51,835 - steps.encdec - INFO - No improve (50/50)
2026-03-23 00:27:51,835 - steps.encdec - INFO - Early stopping triggered
2026-03-23 00:27:51,835 - steps.encdec - INFO - ==================================================
2026-03-23 00:27:51,835 - steps.encdec - INFO - TRAINING FINISHED
2026-03-23 00:27:51,835 - steps.encdec - INFO - Best Epoch: 25
2026-03-23 00:27:51,835 - steps.encdec - INFO - Best Validation Metrics:
2026-03-23 00:27:51,835 - steps.encdec - INFO -   - total_loss: 0.012016
2026-03-23 00:27:51,835 - steps.encdec - INFO -   - recon_loss: 0.007683
2026-03-23 00:27:51,835 - steps.encdec - INFO -   - recon_data_loss: 0.007615
2026-03-23 00:27:51,835 - steps.encdec - INFO -   - recon_mask_loss: 0.000068
2026-03-23 00:27:51,835 - steps.encdec - INFO -   - kld_loss: 9.966755
2026-03-23 00:27:51,835 - steps.encdec - INFO -   - kld_free: 10.195707
2026-03-23 00:27:51,835 - steps.encdec - INFO -   - struct_loss: 0.000000
2026-03-23 00:27:51,835 - steps.encdec - INFO -   - dag_loss: 0.000000
2026-03-23 00:27:51,835 - steps.encdec - INFO -   - causal_loss: 0.000000
2026-03-23 00:27:51,835 - steps.encdec - INFO -   - current_beta: 0.000425
2026-03-23 00:27:51,835 - steps.encdec - INFO - Best Validation Score (recon + gamma*causal + beta*kld): 0.011919
2026-03-23 00:27:51,835 - steps.encdec - INFO - ==================================================
2026-03-23 00:27:53,150 - steps.encdec - INFO - Saved loss curves -> cvae_loss_curves.png
2026-03-23 00:28:01,597 - steps.encdec - INFO - Saved encoded data (shape=(540000, 24)) -> cvae_encoded_data.pkl
2026-03-24 07:49:23,309 - steps.encdec - INFO - Step: encdec | training CausalVAE
2026-03-24 07:49:23,310 - steps.encdec - INFO - Device: cuda:0 | distributed=True | world_size=4
2026-03-24 07:57:16,736 - steps.encdec - INFO - Dims | input_dim=29 seq_len=60 num_total_features=29
2026-03-24 07:57:16,736 - steps.encdec - INFO - Dims | num_temporal_graph_features=29
2026-03-24 07:57:16,737 - steps.encdec - INFO - Generating A_target ...
2026-03-24 08:06:50,235 - steps.encdec - INFO - Start from scratch | resume=False | ckpt_exists=True
2026-03-24 08:06:50,235 - steps.encdec - INFO - Epoch 1/500
2026-03-24 08:07:21,326 - steps.encdec - INFO - Skip best selection before epoch 25
2026-03-24 08:07:21,326 - steps.encdec - INFO - Epoch 2/500
2026-03-24 08:07:45,176 - steps.encdec - INFO - Skip best selection before epoch 25
2026-03-24 08:07:45,176 - steps.encdec - INFO - Epoch 3/500
2026-03-24 08:08:08,873 - steps.encdec - INFO - Skip best selection before epoch 25
2026-03-24 08:08:08,873 - steps.encdec - INFO - Epoch 4/500
2026-03-24 08:08:32,476 - steps.encdec - INFO - Skip best selection before epoch 25
2026-03-24 08:08:32,477 - steps.encdec - INFO - Epoch 5/500
2026-03-24 08:08:56,078 - steps.encdec - INFO - Skip best selection before epoch 25
2026-03-24 08:08:56,078 - steps.encdec - INFO - Epoch 6/500
2026-03-24 08:09:19,699 - steps.encdec - INFO - Skip best selection before epoch 25
2026-03-24 08:09:19,699 - steps.encdec - INFO - Epoch 7/500
2026-03-24 08:09:43,303 - steps.encdec - INFO - Skip best selection before epoch 25
2026-03-24 08:09:43,304 - steps.encdec - INFO - Epoch 8/500
2026-03-24 08:10:06,932 - steps.encdec - INFO - Skip best selection before epoch 25
2026-03-24 08:10:06,932 - steps.encdec - INFO - Epoch 9/500
2026-03-24 08:10:30,873 - steps.encdec - INFO - Skip best selection before epoch 25
2026-03-24 08:10:30,874 - steps.encdec - INFO - Epoch 10/500
2026-03-24 08:10:54,378 - steps.encdec - INFO - Skip best selection before epoch 25
2026-03-24 08:10:54,378 - steps.encdec - INFO - Epoch 11/500
2026-03-24 08:11:17,903 - steps.encdec - INFO - Skip best selection before epoch 25
2026-03-24 08:11:17,903 - steps.encdec - INFO - Epoch 12/500
2026-03-24 08:11:41,370 - steps.encdec - INFO - Skip best selection before epoch 25
2026-03-24 08:11:41,370 - steps.encdec - INFO - Epoch 13/500
2026-03-24 08:12:04,819 - steps.encdec - INFO - Skip best selection before epoch 25
2026-03-24 08:12:04,819 - steps.encdec - INFO - Epoch 14/500
2026-03-24 08:12:28,364 - steps.encdec - INFO - Skip best selection before epoch 25
2026-03-24 08:12:28,364 - steps.encdec - INFO - Epoch 15/500
2026-03-24 08:12:51,939 - steps.encdec - INFO - Skip best selection before epoch 25
2026-03-24 08:12:51,939 - steps.encdec - INFO - Epoch 16/500
2026-03-24 08:13:15,405 - steps.encdec - INFO - Skip best selection before epoch 25
2026-03-24 08:13:15,405 - steps.encdec - INFO - Epoch 17/500
2026-03-24 08:13:38,994 - steps.encdec - INFO - Skip best selection before epoch 25
2026-03-24 08:13:38,994 - steps.encdec - INFO - Epoch 18/500
2026-03-24 08:14:02,871 - steps.encdec - INFO - Skip best selection before epoch 25
2026-03-24 08:14:02,872 - steps.encdec - INFO - Epoch 19/500
2026-03-24 08:14:26,417 - steps.encdec - INFO - Skip best selection before epoch 25
2026-03-24 08:14:26,417 - steps.encdec - INFO - Epoch 20/500
2026-03-24 08:14:50,070 - steps.encdec - INFO - Skip best selection before epoch 25
2026-03-24 08:14:50,070 - steps.encdec - INFO - Epoch 21/500
2026-03-24 08:15:13,620 - steps.encdec - INFO - Skip best selection before epoch 25
2026-03-24 08:15:13,621 - steps.encdec - INFO - Epoch 22/500
2026-03-24 08:15:37,205 - steps.encdec - INFO - Skip best selection before epoch 25
2026-03-24 08:15:37,205 - steps.encdec - INFO - Epoch 23/500
2026-03-24 08:16:00,811 - steps.encdec - INFO - Skip best selection before epoch 25
2026-03-24 08:16:00,811 - steps.encdec - INFO - Epoch 24/500
2026-03-24 08:16:24,381 - steps.encdec - INFO - Skip best selection before epoch 25
2026-03-24 08:16:24,381 - steps.encdec - INFO - Epoch 25/500
2026-03-24 08:16:48,140 - steps.encdec - INFO - New best val_score=0.031024 | saved ckpt -> cvae_model.pkl
2026-03-24 08:16:48,140 - steps.encdec - INFO - Epoch 26/500
2026-03-24 08:17:11,641 - steps.encdec - INFO - No improve (1/50)
2026-03-24 08:17:11,642 - steps.encdec - INFO - Epoch 27/500
2026-03-24 08:17:35,292 - steps.encdec - INFO - New best val_score=0.029433 | saved ckpt -> cvae_model.pkl
2026-03-24 08:17:35,293 - steps.encdec - INFO - Epoch 28/500
2026-03-24 08:17:58,858 - steps.encdec - INFO - New best val_score=0.029388 | saved ckpt -> cvae_model.pkl
2026-03-24 08:17:58,858 - steps.encdec - INFO - Epoch 29/500
2026-03-24 08:18:22,408 - steps.encdec - INFO - New best val_score=0.028699 | saved ckpt -> cvae_model.pkl
2026-03-24 08:18:22,408 - steps.encdec - INFO - Epoch 30/500
2026-03-24 08:18:45,959 - steps.encdec - INFO - No improve (1/50)
2026-03-24 08:18:45,959 - steps.encdec - INFO - Epoch 31/500
2026-03-24 08:19:09,610 - steps.encdec - INFO - New best val_score=0.028621 | saved ckpt -> cvae_model.pkl
2026-03-24 08:19:09,611 - steps.encdec - INFO - Epoch 32/500
2026-03-24 08:19:33,290 - steps.encdec - INFO - New best val_score=0.027996 | saved ckpt -> cvae_model.pkl
2026-03-24 08:19:33,290 - steps.encdec - INFO - Epoch 33/500
2026-03-24 08:19:56,839 - steps.encdec - INFO - No improve (1/50)
2026-03-24 08:19:56,839 - steps.encdec - INFO - Epoch 34/500
2026-03-24 08:20:20,296 - steps.encdec - INFO - No improve (2/50)
2026-03-24 08:20:20,296 - steps.encdec - INFO - Epoch 35/500
2026-03-24 08:20:43,729 - steps.encdec - INFO - No improve (3/50)
2026-03-24 08:20:43,729 - steps.encdec - INFO - Epoch 36/500
2026-03-24 08:21:07,923 - steps.encdec - INFO - No improve (4/50)
2026-03-24 08:21:07,924 - steps.encdec - INFO - Epoch 37/500
2026-03-24 08:21:31,599 - steps.encdec - INFO - No improve (5/50)
2026-03-24 08:21:31,600 - steps.encdec - INFO - Epoch 38/500
2026-03-24 08:21:55,207 - steps.encdec - INFO - No improve (6/50)
2026-03-24 08:21:55,207 - steps.encdec - INFO - Epoch 39/500
2026-03-24 08:22:18,650 - steps.encdec - INFO - No improve (7/50)
2026-03-24 08:22:18,650 - steps.encdec - INFO - Epoch 40/500
2026-03-24 08:22:42,127 - steps.encdec - INFO - No improve (8/50)
2026-03-24 08:22:42,127 - steps.encdec - INFO - Epoch 41/500
2026-03-24 08:23:05,752 - steps.encdec - INFO - No improve (9/50)
2026-03-24 08:23:05,752 - steps.encdec - INFO - Epoch 42/500
2026-03-24 08:23:29,323 - steps.encdec - INFO - No improve (10/50)
2026-03-24 08:23:29,323 - steps.encdec - INFO - Epoch 43/500
2026-03-24 08:23:52,898 - steps.encdec - INFO - No improve (11/50)
2026-03-24 08:23:52,898 - steps.encdec - INFO - Epoch 44/500
2026-03-24 08:24:16,487 - steps.encdec - INFO - No improve (12/50)
2026-03-24 08:24:16,488 - steps.encdec - INFO - Epoch 45/500
2026-03-24 08:24:40,069 - steps.encdec - INFO - New best val_score=0.027514 | saved ckpt -> cvae_model.pkl
2026-03-24 08:24:40,070 - steps.encdec - INFO - Epoch 46/500
2026-03-24 08:25:03,736 - steps.encdec - INFO - New best val_score=0.027179 | saved ckpt -> cvae_model.pkl
2026-03-24 08:25:03,736 - steps.encdec - INFO - Epoch 47/500
2026-03-24 08:25:27,258 - steps.encdec - INFO - New best val_score=0.026827 | saved ckpt -> cvae_model.pkl
2026-03-24 08:25:27,258 - steps.encdec - INFO - Epoch 48/500
2026-03-24 08:25:50,851 - steps.encdec - INFO - New best val_score=0.026563 | saved ckpt -> cvae_model.pkl
2026-03-24 08:25:50,851 - steps.encdec - INFO - Epoch 49/500
2026-03-24 08:26:14,521 - steps.encdec - INFO - New best val_score=0.026451 | saved ckpt -> cvae_model.pkl
2026-03-24 08:26:14,521 - steps.encdec - INFO - Epoch 50/500
2026-03-24 08:26:38,322 - steps.encdec - INFO - No improve (1/50)
2026-03-24 08:26:38,322 - steps.encdec - INFO - Epoch 51/500
2026-03-24 08:27:01,928 - steps.encdec - INFO - No improve (2/50)
2026-03-24 08:27:01,928 - steps.encdec - INFO - Epoch 52/500
2026-03-24 08:27:25,429 - steps.encdec - INFO - No improve (3/50)
2026-03-24 08:27:25,430 - steps.encdec - INFO - Epoch 53/500
2026-03-24 08:27:48,936 - steps.encdec - INFO - No improve (4/50)
2026-03-24 08:27:48,936 - steps.encdec - INFO - Epoch 54/500
2026-03-24 08:28:12,322 - steps.encdec - INFO - No improve (5/50)
2026-03-24 08:28:12,323 - steps.encdec - INFO - Epoch 55/500
2026-03-24 08:28:35,733 - steps.encdec - INFO - No improve (6/50)
2026-03-24 08:28:35,733 - steps.encdec - INFO - Epoch 56/500
2026-03-24 08:28:59,226 - steps.encdec - INFO - No improve (7/50)
2026-03-24 08:28:59,226 - steps.encdec - INFO - Epoch 57/500
2026-03-24 08:29:22,790 - steps.encdec - INFO - No improve (8/50)
2026-03-24 08:29:22,790 - steps.encdec - INFO - Epoch 58/500
2026-03-24 08:29:46,297 - steps.encdec - INFO - No improve (9/50)
2026-03-24 08:29:46,297 - steps.encdec - INFO - Epoch 59/500
2026-03-24 08:30:09,888 - steps.encdec - INFO - No improve (10/50)
2026-03-24 08:30:09,888 - steps.encdec - INFO - Epoch 60/500
2026-03-24 08:30:34,549 - steps.encdec - INFO - No improve (11/50)
2026-03-24 08:30:34,550 - steps.encdec - INFO - Epoch 61/500
2026-03-24 08:30:58,237 - steps.encdec - INFO - No improve (12/50)
2026-03-24 08:30:58,237 - steps.encdec - INFO - Epoch 62/500
2026-03-24 08:31:21,832 - steps.encdec - INFO - No improve (13/50)
2026-03-24 08:31:21,832 - steps.encdec - INFO - Epoch 63/500
2026-03-24 08:31:45,318 - steps.encdec - INFO - No improve (14/50)
2026-03-24 08:31:45,318 - steps.encdec - INFO - Epoch 64/500
2026-03-24 08:32:09,144 - steps.encdec - INFO - No improve (15/50)
2026-03-24 08:32:09,144 - steps.encdec - INFO - Epoch 65/500
2026-03-24 08:32:32,647 - steps.encdec - INFO - No improve (16/50)
2026-03-24 08:32:32,647 - steps.encdec - INFO - Epoch 66/500
2026-03-24 08:32:56,137 - steps.encdec - INFO - No improve (17/50)
2026-03-24 08:32:56,137 - steps.encdec - INFO - Epoch 67/500
2026-03-24 08:33:19,795 - steps.encdec - INFO - No improve (18/50)
2026-03-24 08:33:19,796 - steps.encdec - INFO - Epoch 68/500
2026-03-24 08:33:43,429 - steps.encdec - INFO - No improve (19/50)
2026-03-24 08:33:43,429 - steps.encdec - INFO - Epoch 69/500
2026-03-24 08:34:07,034 - steps.encdec - INFO - No improve (20/50)
2026-03-24 08:34:07,034 - steps.encdec - INFO - Epoch 70/500
2026-03-24 08:34:30,553 - steps.encdec - INFO - No improve (21/50)
2026-03-24 08:34:30,554 - steps.encdec - INFO - Epoch 71/500
2026-03-24 08:34:54,260 - steps.encdec - INFO - No improve (22/50)
2026-03-24 08:34:54,260 - steps.encdec - INFO - Epoch 72/500
2026-03-24 08:35:17,760 - steps.encdec - INFO - No improve (23/50)
2026-03-24 08:35:17,761 - steps.encdec - INFO - Epoch 73/500
2026-03-24 08:35:41,220 - steps.encdec - INFO - No improve (24/50)
2026-03-24 08:35:41,221 - steps.encdec - INFO - Epoch 74/500
2026-03-24 08:36:04,734 - steps.encdec - INFO - No improve (25/50)
2026-03-24 08:36:04,734 - steps.encdec - INFO - Epoch 75/500
2026-03-24 08:36:28,320 - steps.encdec - INFO - No improve (26/50)
2026-03-24 08:36:28,320 - steps.encdec - INFO - Epoch 76/500
2026-03-24 08:36:51,872 - steps.encdec - INFO - No improve (27/50)
2026-03-24 08:36:51,872 - steps.encdec - INFO - Epoch 77/500
2026-03-24 08:37:15,339 - steps.encdec - INFO - No improve (28/50)
2026-03-24 08:37:15,339 - steps.encdec - INFO - Epoch 78/500
2026-03-24 08:37:38,728 - steps.encdec - INFO - No improve (29/50)
2026-03-24 08:37:38,728 - steps.encdec - INFO - Epoch 79/500
2026-03-24 08:38:02,206 - steps.encdec - INFO - No improve (30/50)
2026-03-24 08:38:02,207 - steps.encdec - INFO - Epoch 80/500
2026-03-24 08:38:25,772 - steps.encdec - INFO - No improve (31/50)
2026-03-24 08:38:25,773 - steps.encdec - INFO - Epoch 81/500
2026-03-24 08:38:49,316 - steps.encdec - INFO - No improve (32/50)
2026-03-24 08:38:49,316 - steps.encdec - INFO - Epoch 82/500
2026-03-24 08:39:12,766 - steps.encdec - INFO - No improve (33/50)
2026-03-24 08:39:12,766 - steps.encdec - INFO - Epoch 83/500
2026-03-24 08:39:36,416 - steps.encdec - INFO - No improve (34/50)
2026-03-24 08:39:36,416 - steps.encdec - INFO - Epoch 84/500
2026-03-24 08:39:59,961 - steps.encdec - INFO - No improve (35/50)
2026-03-24 08:39:59,961 - steps.encdec - INFO - Epoch 85/500
2026-03-24 08:40:23,429 - steps.encdec - INFO - No improve (36/50)
2026-03-24 08:40:23,429 - steps.encdec - INFO - Epoch 86/500
2026-03-24 08:40:47,029 - steps.encdec - INFO - No improve (37/50)
2026-03-24 08:40:47,029 - steps.encdec - INFO - Epoch 87/500
2026-03-24 08:41:10,519 - steps.encdec - INFO - No improve (38/50)
2026-03-24 08:41:10,519 - steps.encdec - INFO - Epoch 88/500
2026-03-24 08:41:34,122 - steps.encdec - INFO - No improve (39/50)
2026-03-24 08:41:34,122 - steps.encdec - INFO - Epoch 89/500
2026-03-24 08:41:57,749 - steps.encdec - INFO - No improve (40/50)
2026-03-24 08:41:57,749 - steps.encdec - INFO - Epoch 90/500
2026-03-24 08:42:21,284 - steps.encdec - INFO - No improve (41/50)
2026-03-24 08:42:21,285 - steps.encdec - INFO - Epoch 91/500
2026-03-24 08:42:44,717 - steps.encdec - INFO - No improve (42/50)
2026-03-24 08:42:44,718 - steps.encdec - INFO - Epoch 92/500
2026-03-24 08:43:08,235 - steps.encdec - INFO - No improve (43/50)
2026-03-24 08:43:08,235 - steps.encdec - INFO - Epoch 93/500
2026-03-24 08:43:32,604 - steps.encdec - INFO - No improve (44/50)
2026-03-24 08:43:32,604 - steps.encdec - INFO - Epoch 94/500
2026-03-24 08:43:56,343 - steps.encdec - INFO - No improve (45/50)
2026-03-24 08:43:56,343 - steps.encdec - INFO - Epoch 95/500
2026-03-24 08:44:20,198 - steps.encdec - INFO - No improve (46/50)
2026-03-24 08:44:20,198 - steps.encdec - INFO - Epoch 96/500
2026-03-24 08:44:43,959 - steps.encdec - INFO - No improve (47/50)
2026-03-24 08:44:43,959 - steps.encdec - INFO - Epoch 97/500
2026-03-24 08:45:07,914 - steps.encdec - INFO - No improve (48/50)
2026-03-24 08:45:07,915 - steps.encdec - INFO - Epoch 98/500
2026-03-24 08:45:31,392 - steps.encdec - INFO - No improve (49/50)
2026-03-24 08:45:31,392 - steps.encdec - INFO - Epoch 99/500
2026-03-24 08:45:54,885 - steps.encdec - INFO - No improve (50/50)
2026-03-24 08:45:54,885 - steps.encdec - INFO - Early stopping triggered
2026-03-24 08:45:54,885 - steps.encdec - INFO - ==================================================
2026-03-24 08:45:54,885 - steps.encdec - INFO - TRAINING FINISHED
2026-03-24 08:45:54,885 - steps.encdec - INFO - Best Epoch: 49
2026-03-24 08:45:54,885 - steps.encdec - INFO - Best Validation Metrics:
2026-03-24 08:45:54,885 - steps.encdec - INFO -   - total_loss: 0.026734
2026-03-24 08:45:54,885 - steps.encdec - INFO -   - recon_loss: 0.009713
2026-03-24 08:45:54,885 - steps.encdec - INFO -   - recon_data_loss: 0.009561
2026-03-24 08:45:54,885 - steps.encdec - INFO -   - recon_mask_loss: 0.000151
2026-03-24 08:45:54,885 - steps.encdec - INFO -   - kld_loss: 7.768940
2026-03-24 08:45:54,885 - steps.encdec - INFO -   - kld_free: 8.045666
2026-03-24 08:45:54,885 - steps.encdec - INFO -   - struct_loss: 3.91359254e-04
2026-03-24 08:45:54,886 - steps.encdec - INFO -   - dag_loss: 4.73748812e-05
2026-03-24 08:45:54,886 - steps.encdec - INFO -   - causal_loss: 4.38734136e-04
2026-03-24 08:45:54,886 - steps.encdec - INFO -   - current_beta: 0.001025
2026-03-24 08:45:54,886 - steps.encdec - INFO - Best Validation Score (recon + gamma*causal + beta*kld): 0.026451
2026-03-24 08:45:54,886 - steps.encdec - INFO - ==================================================
2026-03-24 08:45:56,387 - steps.encdec - INFO - Saved loss curves -> cvae_loss_curves.png
2026-03-24 08:46:02,430 - steps.encdec - INFO - Saved encoded data (shape=(540000, 24)) -> cvae_encoded_data.pkl
2026-03-24 16:37:47,763 - steps.encdec - INFO - Step: encdec | training CausalVAE
2026-03-24 16:37:47,764 - steps.encdec - INFO - Device: cuda | distributed=False | world_size=1
2026-03-24 16:41:24,194 - steps.encdec - INFO - Step: encdec | training CausalVAE
2026-03-24 16:41:24,201 - steps.encdec - INFO - Device: cuda:0 | distributed=True | world_size=2
2026-03-24 16:41:25,508 - steps.encdec - INFO - Dims | input_dim=29 seq_len=60 num_total_features=29
2026-03-24 16:41:25,510 - steps.encdec - INFO - Dims | num_temporal_graph_features=29
2026-03-24 16:41:25,511 - steps.encdec - INFO - Found pre-generated A_target at ./cache_encdec/A_target.npy | shape=(29, 29) | expected=(29, 29)
2026-03-24 16:41:41,433 - steps.encdec - INFO - Start from scratch | resume=False | ckpt_exists=True
2026-03-24 16:41:41,433 - steps.encdec - INFO - Epoch 1/500
2026-03-24 16:50:47,359 - steps.encdec - INFO - Dims | input_dim=29 seq_len=60 num_total_features=29
2026-03-24 16:50:47,361 - steps.encdec - INFO - Dims | num_temporal_graph_features=29
2026-03-24 16:50:47,361 - steps.encdec - INFO - Found pre-generated A_target at ./cache_encdec/A_target.npy | shape=(29, 29) | expected=(29, 29)
2026-03-24 16:51:01,676 - steps.encdec - INFO - Start from scratch | resume=False | ckpt_exists=True
2026-03-24 16:51:01,677 - steps.encdec - INFO - Epoch 1/500
2026-03-24 16:51:50,266 - steps.encdec - INFO - Skip best selection before epoch 35
2026-03-24 16:51:50,267 - steps.encdec - INFO - Epoch 2/500
2026-03-24 16:52:35,567 - steps.encdec - INFO - Skip best selection before epoch 35
2026-03-24 16:52:35,567 - steps.encdec - INFO - Epoch 3/500
2026-03-24 16:53:21,275 - steps.encdec - INFO - Skip best selection before epoch 35
2026-03-24 16:53:21,275 - steps.encdec - INFO - Epoch 4/500
2026-03-24 16:54:07,022 - steps.encdec - INFO - Skip best selection before epoch 35
2026-03-24 16:54:07,023 - steps.encdec - INFO - Epoch 5/500
2026-03-24 16:54:52,450 - steps.encdec - INFO - Skip best selection before epoch 35
2026-03-24 16:54:52,450 - steps.encdec - INFO - Epoch 6/500
2026-03-24 16:55:38,250 - steps.encdec - INFO - Skip best selection before epoch 35
2026-03-24 16:55:38,250 - steps.encdec - INFO - Epoch 7/500
2026-03-24 16:56:23,739 - steps.encdec - INFO - Skip best selection before epoch 35
2026-03-24 16:56:23,740 - steps.encdec - INFO - Epoch 8/500
2026-03-24 16:57:09,651 - steps.encdec - INFO - Skip best selection before epoch 35
2026-03-24 16:57:09,651 - steps.encdec - INFO - Epoch 9/500
2026-03-24 16:57:55,546 - steps.encdec - INFO - Skip best selection before epoch 35
2026-03-24 16:57:55,547 - steps.encdec - INFO - Epoch 10/500
2026-03-24 16:58:41,263 - steps.encdec - INFO - Skip best selection before epoch 35
2026-03-24 16:58:41,264 - steps.encdec - INFO - Epoch 11/500
2026-03-24 16:59:27,684 - steps.encdec - INFO - Skip best selection before epoch 35
2026-03-24 16:59:27,684 - steps.encdec - INFO - Epoch 12/500
2026-03-24 17:00:13,754 - steps.encdec - INFO - Skip best selection before epoch 35
2026-03-24 17:00:13,754 - steps.encdec - INFO - Epoch 13/500
2026-03-24 17:01:00,123 - steps.encdec - INFO - Skip best selection before epoch 35
2026-03-24 17:01:00,124 - steps.encdec - INFO - Epoch 14/500
2026-03-24 17:01:46,813 - steps.encdec - INFO - Skip best selection before epoch 35
2026-03-24 17:01:46,813 - steps.encdec - INFO - Epoch 15/500
2026-03-24 17:02:33,278 - steps.encdec - INFO - Skip best selection before epoch 35
2026-03-24 17:02:33,279 - steps.encdec - INFO - Epoch 16/500
2026-03-24 17:03:20,230 - steps.encdec - INFO - Skip best selection before epoch 35
2026-03-24 17:03:20,230 - steps.encdec - INFO - Epoch 17/500
2026-03-24 17:04:06,594 - steps.encdec - INFO - Skip best selection before epoch 35
2026-03-24 17:04:06,595 - steps.encdec - INFO - Epoch 18/500
2026-03-24 17:04:53,120 - steps.encdec - INFO - Skip best selection before epoch 35
2026-03-24 17:04:53,120 - steps.encdec - INFO - Epoch 19/500
2026-03-24 17:05:39,813 - steps.encdec - INFO - Skip best selection before epoch 35
2026-03-24 17:05:39,813 - steps.encdec - INFO - Epoch 20/500
2026-03-24 17:06:26,472 - steps.encdec - INFO - Skip best selection before epoch 35
2026-03-24 17:06:26,472 - steps.encdec - INFO - Epoch 21/500
2026-03-24 17:07:13,168 - steps.encdec - INFO - Skip best selection before epoch 35
2026-03-24 17:07:13,168 - steps.encdec - INFO - Epoch 22/500
2026-03-24 17:08:00,097 - steps.encdec - INFO - Skip best selection before epoch 35
2026-03-24 17:08:00,097 - steps.encdec - INFO - Epoch 23/500
2026-03-24 17:08:46,736 - steps.encdec - INFO - Skip best selection before epoch 35
2026-03-24 17:08:46,736 - steps.encdec - INFO - Epoch 24/500
2026-03-24 17:09:33,781 - steps.encdec - INFO - Skip best selection before epoch 35
2026-03-24 17:09:33,781 - steps.encdec - INFO - Epoch 25/500
2026-03-24 17:10:20,655 - steps.encdec - INFO - Skip best selection before epoch 35
2026-03-24 17:10:20,655 - steps.encdec - INFO - Epoch 26/500
2026-03-24 17:11:08,006 - steps.encdec - INFO - Skip best selection before epoch 35
2026-03-24 17:11:08,006 - steps.encdec - INFO - Epoch 27/500
2026-03-24 17:11:55,355 - steps.encdec - INFO - Skip best selection before epoch 35
2026-03-24 17:11:55,355 - steps.encdec - INFO - Epoch 28/500
2026-03-24 17:12:42,699 - steps.encdec - INFO - Skip best selection before epoch 35
2026-03-24 17:12:42,699 - steps.encdec - INFO - Epoch 29/500
2026-03-24 17:13:30,201 - steps.encdec - INFO - Skip best selection before epoch 35
2026-03-24 17:13:30,201 - steps.encdec - INFO - Epoch 30/500
2026-03-24 17:14:17,938 - steps.encdec - INFO - Skip best selection before epoch 35
2026-03-24 17:14:17,938 - steps.encdec - INFO - Epoch 31/500
2026-03-24 17:15:05,336 - steps.encdec - INFO - Skip best selection before epoch 35
2026-03-24 17:15:05,336 - steps.encdec - INFO - Epoch 32/500
2026-03-24 17:15:53,047 - steps.encdec - INFO - Skip best selection before epoch 35
2026-03-24 17:15:53,049 - steps.encdec - INFO - Epoch 33/500
2026-03-24 17:16:40,936 - steps.encdec - INFO - Skip best selection before epoch 35
2026-03-24 17:16:40,936 - steps.encdec - INFO - Epoch 34/500
2026-03-24 17:17:28,709 - steps.encdec - INFO - Skip best selection before epoch 35
2026-03-24 17:17:28,709 - steps.encdec - INFO - Epoch 35/500
2026-03-24 17:18:16,607 - steps.encdec - INFO - New best val_score=0.019029 | saved ckpt -> cvae_model.pkl
2026-03-24 17:18:16,607 - steps.encdec - INFO - Epoch 36/500
2026-03-24 17:19:04,608 - steps.encdec - INFO - No improve (1/50)
2026-03-24 17:19:04,608 - steps.encdec - INFO - Epoch 37/500
2026-03-24 17:19:52,765 - steps.encdec - INFO - New best val_score=0.018106 | saved ckpt -> cvae_model.pkl
2026-03-24 17:19:52,765 - steps.encdec - INFO - Epoch 38/500
2026-03-24 17:20:40,837 - steps.encdec - INFO - No improve (1/50)
2026-03-24 17:20:40,837 - steps.encdec - INFO - Epoch 39/500
2026-03-24 17:21:28,822 - steps.encdec - INFO - New best val_score=0.017780 | saved ckpt -> cvae_model.pkl
2026-03-24 17:21:28,822 - steps.encdec - INFO - Epoch 40/500
2026-03-24 17:22:17,290 - steps.encdec - INFO - New best val_score=0.017571 | saved ckpt -> cvae_model.pkl
2026-03-24 17:22:17,290 - steps.encdec - INFO - Epoch 41/500
2026-03-24 17:23:05,720 - steps.encdec - INFO - No improve (1/50)
2026-03-24 17:23:05,721 - steps.encdec - INFO - Epoch 42/500
2026-03-24 17:23:54,050 - steps.encdec - INFO - No improve (2/50)
2026-03-24 17:23:54,050 - steps.encdec - INFO - Epoch 43/500
2026-03-24 17:24:42,734 - steps.encdec - INFO - No improve (3/50)
2026-03-24 17:24:42,734 - steps.encdec - INFO - Epoch 44/500
2026-03-24 17:25:30,962 - steps.encdec - INFO - No improve (4/50)
2026-03-24 17:25:30,962 - steps.encdec - INFO - Epoch 45/500
2026-03-24 17:26:19,543 - steps.encdec - INFO - No improve (5/50)
2026-03-24 17:26:19,543 - steps.encdec - INFO - Epoch 46/500
2026-03-24 17:27:07,904 - steps.encdec - INFO - No improve (6/50)
2026-03-24 17:27:07,904 - steps.encdec - INFO - Epoch 47/500
2026-03-24 17:27:56,400 - steps.encdec - INFO - No improve (7/50)
2026-03-24 17:27:56,400 - steps.encdec - INFO - Epoch 48/500
2026-03-24 17:28:44,954 - steps.encdec - INFO - No improve (8/50)
2026-03-24 17:28:44,954 - steps.encdec - INFO - Epoch 49/500
2026-03-24 17:29:33,484 - steps.encdec - INFO - No improve (9/50)
2026-03-24 17:29:33,484 - steps.encdec - INFO - Epoch 50/500
2026-03-24 17:30:22,033 - steps.encdec - INFO - No improve (10/50)
2026-03-24 17:30:22,033 - steps.encdec - INFO - Epoch 51/500
2026-03-24 17:31:10,595 - steps.encdec - INFO - No improve (11/50)
2026-03-24 17:31:10,595 - steps.encdec - INFO - Epoch 52/500
2026-03-24 17:31:59,391 - steps.encdec - INFO - No improve (12/50)
2026-03-24 17:31:59,391 - steps.encdec - INFO - Epoch 53/500
2026-03-24 17:32:48,343 - steps.encdec - INFO - No improve (13/50)
2026-03-24 17:32:48,343 - steps.encdec - INFO - Epoch 54/500
2026-03-24 17:33:37,390 - steps.encdec - INFO - No improve (14/50)
2026-03-24 17:33:37,391 - steps.encdec - INFO - Epoch 55/500
2026-03-24 17:34:26,579 - steps.encdec - INFO - No improve (15/50)
2026-03-24 17:34:26,579 - steps.encdec - INFO - Epoch 56/500
2026-03-24 17:35:15,729 - steps.encdec - INFO - No improve (16/50)
2026-03-24 17:35:15,729 - steps.encdec - INFO - Epoch 57/500
2026-03-24 17:36:05,125 - steps.encdec - INFO - No improve (17/50)
2026-03-24 17:36:05,125 - steps.encdec - INFO - Epoch 58/500
2026-03-24 17:36:54,328 - steps.encdec - INFO - No improve (18/50)
2026-03-24 17:36:54,328 - steps.encdec - INFO - Epoch 59/500
2026-03-24 17:37:43,786 - steps.encdec - INFO - No improve (19/50)
2026-03-24 17:37:43,786 - steps.encdec - INFO - Epoch 60/500
2026-03-24 17:38:33,169 - steps.encdec - INFO - No improve (20/50)
2026-03-24 17:38:33,170 - steps.encdec - INFO - Epoch 61/500
2026-03-24 17:39:22,578 - steps.encdec - INFO - No improve (21/50)
2026-03-24 17:39:22,578 - steps.encdec - INFO - Epoch 62/500
2026-03-24 17:40:11,939 - steps.encdec - INFO - No improve (22/50)
2026-03-24 17:40:11,939 - steps.encdec - INFO - Epoch 63/500
2026-03-24 17:41:01,659 - steps.encdec - INFO - No improve (23/50)
2026-03-24 17:41:01,660 - steps.encdec - INFO - Epoch 64/500
2026-03-24 17:41:51,641 - steps.encdec - INFO - No improve (24/50)
2026-03-24 17:41:51,641 - steps.encdec - INFO - Epoch 65/500
2026-03-24 17:42:41,342 - steps.encdec - INFO - No improve (25/50)
2026-03-24 17:42:41,342 - steps.encdec - INFO - Epoch 66/500
2026-03-26 00:25:19,090 - steps.encdec - INFO - Step: encdec | training CausalVAE
2026-03-26 00:25:19,092 - steps.encdec - INFO - Device: cuda:0 | distributed=True | world_size=3
2026-03-26 00:29:15,856 - steps.encdec - INFO - Dims | input_dim=29 seq_len=60 num_total_features=29
2026-03-26 00:29:15,857 - steps.encdec - INFO - Dims | num_temporal_graph_features=29
2026-03-26 00:29:15,857 - steps.encdec - INFO - Found pre-generated A_target at ./cache_encdec/A_target.npy | shape=(29, 29) | expected=(29, 29)
2026-03-26 00:29:29,186 - steps.encdec - INFO - Start from scratch | resume=False | ckpt_exists=True
2026-03-26 00:29:29,186 - steps.encdec - INFO - Epoch 1/500
2026-03-26 01:06:19,245 - steps.encdec - INFO - Skip best selection before epoch 35
2026-03-26 01:06:19,246 - steps.encdec - INFO - Epoch 2/500
2026-03-26 01:44:03,004 - steps.encdec - INFO - Skip best selection before epoch 35
2026-03-26 01:44:03,005 - steps.encdec - INFO - Epoch 3/500
2026-03-26 02:20:31,273 - steps.encdec - INFO - Skip best selection before epoch 35
2026-03-26 02:20:31,273 - steps.encdec - INFO - Epoch 4/500
2026-03-26 02:58:25,664 - steps.encdec - INFO - Skip best selection before epoch 35
2026-03-26 02:58:25,664 - steps.encdec - INFO - Epoch 5/500
2026-03-26 03:36:05,488 - steps.encdec - INFO - Skip best selection before epoch 35
2026-03-26 03:36:05,488 - steps.encdec - INFO - Epoch 6/500
2026-03-26 04:12:18,170 - steps.encdec - INFO - Skip best selection before epoch 35
2026-03-26 04:12:18,170 - steps.encdec - INFO - Epoch 7/500
2026-03-26 04:49:33,204 - steps.encdec - INFO - Skip best selection before epoch 35
2026-03-26 04:49:33,205 - steps.encdec - INFO - Epoch 8/500
2026-03-26 05:27:01,519 - steps.encdec - INFO - Skip best selection before epoch 35
2026-03-26 05:27:01,519 - steps.encdec - INFO - Epoch 9/500
2026-03-26 06:04:08,494 - steps.encdec - INFO - Skip best selection before epoch 35
2026-03-26 06:04:08,494 - steps.encdec - INFO - Epoch 10/500
2026-03-26 06:41:17,036 - steps.encdec - INFO - Skip best selection before epoch 35
2026-03-26 06:41:17,036 - steps.encdec - INFO - Epoch 11/500
2026-03-26 07:18:11,854 - steps.encdec - INFO - Skip best selection before epoch 35
2026-03-26 07:18:11,854 - steps.encdec - INFO - Epoch 12/500
2026-03-26 07:53:31,710 - steps.encdec - INFO - Skip best selection before epoch 35
2026-03-26 07:53:31,710 - steps.encdec - INFO - Epoch 13/500
2026-03-26 08:30:32,131 - steps.encdec - INFO - Skip best selection before epoch 35
2026-03-26 08:30:32,131 - steps.encdec - INFO - Epoch 14/500
2026-03-26 09:07:53,005 - steps.encdec - INFO - Skip best selection before epoch 35
2026-03-26 09:07:53,006 - steps.encdec - INFO - Epoch 15/500
2026-03-26 09:45:27,992 - steps.encdec - INFO - Skip best selection before epoch 35
2026-03-26 09:45:27,993 - steps.encdec - INFO - Epoch 16/500
2026-03-26 09:58:09,539 - steps.encdec - INFO - Step: encdec | training CausalVAE
2026-03-26 09:58:09,540 - steps.encdec - INFO - Device: cuda:0 | distributed=True | world_size=3
2026-03-26 10:04:00,796 - steps.encdec - INFO - Dims | input_dim=29 seq_len=60 num_total_features=29
2026-03-26 10:04:00,796 - steps.encdec - INFO - Dims | num_temporal_graph_features=29
2026-03-26 10:04:00,797 - steps.encdec - INFO - Found pre-generated A_target at ./cache_encdec/A_target.npy | shape=(29, 29) | expected=(29, 29)
2026-03-26 10:04:14,632 - steps.encdec - INFO - Start from scratch | resume=False | ckpt_exists=True
2026-03-26 10:04:14,632 - steps.encdec - INFO - Epoch 1/500
2026-03-26 10:04:52,625 - steps.encdec - INFO - Skip best selection before epoch 35
2026-03-26 10:04:52,625 - steps.encdec - INFO - Epoch 2/500
2026-03-26 10:05:24,526 - steps.encdec - INFO - Skip best selection before epoch 35
2026-03-26 10:05:24,529 - steps.encdec - INFO - Epoch 3/500
2026-03-26 10:05:56,390 - steps.encdec - INFO - Skip best selection before epoch 35
2026-03-26 10:05:56,391 - steps.encdec - INFO - Epoch 4/500
2026-03-26 10:06:28,159 - steps.encdec - INFO - Skip best selection before epoch 35
2026-03-26 10:06:28,159 - steps.encdec - INFO - Epoch 5/500
2026-03-26 10:07:00,225 - steps.encdec - INFO - Skip best selection before epoch 35
2026-03-26 10:07:00,226 - steps.encdec - INFO - Epoch 6/500
2026-03-26 10:07:32,191 - steps.encdec - INFO - Skip best selection before epoch 35
2026-03-26 10:07:32,191 - steps.encdec - INFO - Epoch 7/500
2026-03-26 10:08:04,045 - steps.encdec - INFO - Skip best selection before epoch 35
2026-03-26 10:08:04,045 - steps.encdec - INFO - Epoch 8/500
2026-03-26 10:08:36,113 - steps.encdec - INFO - Skip best selection before epoch 35
2026-03-26 10:08:36,113 - steps.encdec - INFO - Epoch 9/500
2026-03-26 10:09:08,333 - steps.encdec - INFO - Skip best selection before epoch 35
2026-03-26 10:09:08,333 - steps.encdec - INFO - Epoch 10/500
2026-03-26 10:09:40,391 - steps.encdec - INFO - Skip best selection before epoch 35
2026-03-26 10:09:40,391 - steps.encdec - INFO - Epoch 11/500
2026-03-26 10:10:12,341 - steps.encdec - INFO - Skip best selection before epoch 35
2026-03-26 10:10:12,342 - steps.encdec - INFO - Epoch 12/500
2026-03-26 10:10:44,388 - steps.encdec - INFO - Skip best selection before epoch 35
2026-03-26 10:10:44,388 - steps.encdec - INFO - Epoch 13/500
2026-03-26 10:11:16,363 - steps.encdec - INFO - Skip best selection before epoch 35
2026-03-26 10:11:16,363 - steps.encdec - INFO - Epoch 14/500
2026-03-26 10:11:48,724 - steps.encdec - INFO - Skip best selection before epoch 35
2026-03-26 10:11:48,724 - steps.encdec - INFO - Epoch 15/500
2026-03-26 10:12:21,074 - steps.encdec - INFO - Skip best selection before epoch 35
2026-03-26 10:12:21,074 - steps.encdec - INFO - Epoch 16/500
2026-03-26 10:12:53,408 - steps.encdec - INFO - Skip best selection before epoch 35
2026-03-26 10:12:53,408 - steps.encdec - INFO - Epoch 17/500
2026-03-26 10:13:25,999 - steps.encdec - INFO - Skip best selection before epoch 35
2026-03-26 10:13:25,999 - steps.encdec - INFO - Epoch 18/500
2026-03-26 10:13:58,500 - steps.encdec - INFO - Skip best selection before epoch 35
2026-03-26 10:13:58,500 - steps.encdec - INFO - Epoch 19/500
2026-03-26 10:14:31,009 - steps.encdec - INFO - Skip best selection before epoch 35
2026-03-26 10:14:31,009 - steps.encdec - INFO - Epoch 20/500
2026-03-26 10:15:03,630 - steps.encdec - INFO - Skip best selection before epoch 35
2026-03-26 10:15:03,630 - steps.encdec - INFO - Epoch 21/500
2026-03-26 10:15:36,244 - steps.encdec - INFO - Skip best selection before epoch 35
2026-03-26 10:15:36,244 - steps.encdec - INFO - Epoch 22/500
2026-03-26 10:16:09,030 - steps.encdec - INFO - Skip best selection before epoch 35
2026-03-26 10:16:09,030 - steps.encdec - INFO - Epoch 23/500
2026-03-26 10:16:43,802 - steps.encdec - INFO - Skip best selection before epoch 35
2026-03-26 10:16:43,803 - steps.encdec - INFO - Epoch 24/500
2026-03-26 10:17:18,123 - steps.encdec - INFO - Skip best selection before epoch 35
2026-03-26 10:17:18,124 - steps.encdec - INFO - Epoch 25/500
2026-03-26 10:17:52,509 - steps.encdec - INFO - Skip best selection before epoch 35
2026-03-26 10:17:52,509 - steps.encdec - INFO - Epoch 26/500
2026-03-26 10:18:26,815 - steps.encdec - INFO - Skip best selection before epoch 35
2026-03-26 10:18:26,816 - steps.encdec - INFO - Epoch 27/500
2026-03-26 10:19:01,121 - steps.encdec - INFO - Skip best selection before epoch 35
2026-03-26 10:19:01,121 - steps.encdec - INFO - Epoch 28/500
2026-03-26 10:19:35,436 - steps.encdec - INFO - Skip best selection before epoch 35
2026-03-26 10:19:35,436 - steps.encdec - INFO - Epoch 29/500
2026-03-26 10:20:09,666 - steps.encdec - INFO - Skip best selection before epoch 35
2026-03-26 10:20:09,667 - steps.encdec - INFO - Epoch 30/500
2026-03-26 10:20:44,211 - steps.encdec - INFO - Skip best selection before epoch 35
2026-03-26 10:20:44,212 - steps.encdec - INFO - Epoch 31/500
2026-03-26 10:21:18,849 - steps.encdec - INFO - Skip best selection before epoch 35
2026-03-26 10:21:18,850 - steps.encdec - INFO - Epoch 32/500
2026-03-26 10:21:53,278 - steps.encdec - INFO - Skip best selection before epoch 35
2026-03-26 10:21:53,278 - steps.encdec - INFO - Epoch 33/500
2026-03-26 10:22:27,636 - steps.encdec - INFO - Skip best selection before epoch 35
2026-03-26 10:22:27,637 - steps.encdec - INFO - Epoch 34/500
2026-03-26 10:23:02,047 - steps.encdec - INFO - Skip best selection before epoch 35
2026-03-26 10:23:02,047 - steps.encdec - INFO - Epoch 35/500
2026-03-26 10:23:36,748 - steps.encdec - INFO - New best val_score=0.017719 | saved ckpt -> cvae_model.pkl
2026-03-26 10:23:36,748 - steps.encdec - INFO - Epoch 36/500
2026-03-26 10:24:11,374 - steps.encdec - INFO - No improve (1/50)
2026-03-26 10:24:11,374 - steps.encdec - INFO - Epoch 37/500
2026-03-26 10:24:45,939 - steps.encdec - INFO - No improve (2/50)
2026-03-26 10:24:45,939 - steps.encdec - INFO - Epoch 38/500
2026-03-26 10:25:20,560 - steps.encdec - INFO - No improve (3/50)
2026-03-26 10:25:20,561 - steps.encdec - INFO - Epoch 39/500
2026-03-26 10:25:55,294 - steps.encdec - INFO - No improve (4/50)
2026-03-26 10:25:55,294 - steps.encdec - INFO - Epoch 40/500
2026-03-26 10:26:29,809 - steps.encdec - INFO - No improve (5/50)
2026-03-26 10:26:29,809 - steps.encdec - INFO - Epoch 41/500
2026-03-26 10:27:05,122 - steps.encdec - INFO - No improve (6/50)
2026-03-26 10:27:05,122 - steps.encdec - INFO - Epoch 42/500
2026-03-26 10:27:40,113 - steps.encdec - INFO - No improve (7/50)
2026-03-26 10:27:40,113 - steps.encdec - INFO - Epoch 43/500
2026-03-26 10:28:14,683 - steps.encdec - INFO - No improve (8/50)
2026-03-26 10:28:14,684 - steps.encdec - INFO - Epoch 44/500
2026-03-26 10:28:49,303 - steps.encdec - INFO - No improve (9/50)
2026-03-26 10:28:49,303 - steps.encdec - INFO - Epoch 45/500
2026-03-26 10:29:23,499 - steps.encdec - INFO - No improve (10/50)
2026-03-26 10:29:23,499 - steps.encdec - INFO - Epoch 46/500
2026-03-26 10:29:57,962 - steps.encdec - INFO - No improve (11/50)
2026-03-26 10:29:57,962 - steps.encdec - INFO - Epoch 47/500
2026-03-26 10:30:32,213 - steps.encdec - INFO - No improve (12/50)
2026-03-26 10:30:32,213 - steps.encdec - INFO - Epoch 48/500
2026-03-26 10:31:06,910 - steps.encdec - INFO - No improve (13/50)
2026-03-26 10:31:06,910 - steps.encdec - INFO - Epoch 49/500
2026-03-26 10:31:41,612 - steps.encdec - INFO - No improve (14/50)
2026-03-26 10:31:41,612 - steps.encdec - INFO - Epoch 50/500
2026-03-26 10:32:16,534 - steps.encdec - INFO - No improve (15/50)
2026-03-26 10:32:16,534 - steps.encdec - INFO - Epoch 51/500
2026-03-26 10:32:51,325 - steps.encdec - INFO - No improve (16/50)
2026-03-26 10:32:51,325 - steps.encdec - INFO - Epoch 52/500
2026-03-26 10:33:26,305 - steps.encdec - INFO - No improve (17/50)
2026-03-26 10:33:26,305 - steps.encdec - INFO - Epoch 53/500
2026-03-26 10:34:01,271 - steps.encdec - INFO - No improve (18/50)
2026-03-26 10:34:01,272 - steps.encdec - INFO - Epoch 54/500
2026-03-26 10:34:36,253 - steps.encdec - INFO - No improve (19/50)
2026-03-26 10:34:36,254 - steps.encdec - INFO - Epoch 55/500
2026-03-26 10:35:11,255 - steps.encdec - INFO - No improve (20/50)
2026-03-26 10:35:11,255 - steps.encdec - INFO - Epoch 56/500
2026-03-26 10:35:46,468 - steps.encdec - INFO - No improve (21/50)
2026-03-26 10:35:46,469 - steps.encdec - INFO - Epoch 57/500
2026-03-26 10:36:20,156 - steps.encdec - INFO - No improve (22/50)
2026-03-26 10:36:20,157 - steps.encdec - INFO - Epoch 58/500
2026-03-26 10:36:55,688 - steps.encdec - INFO - No improve (23/50)
2026-03-26 10:36:55,688 - steps.encdec - INFO - Epoch 59/500
2026-03-26 10:37:31,247 - steps.encdec - INFO - No improve (24/50)
2026-03-26 10:37:31,247 - steps.encdec - INFO - Epoch 60/500
2026-03-26 10:38:03,745 - steps.encdec - INFO - No improve (25/50)
2026-03-26 10:38:03,745 - steps.encdec - INFO - Epoch 61/500
2026-03-26 10:38:39,294 - steps.encdec - INFO - No improve (26/50)
2026-03-26 10:38:39,295 - steps.encdec - INFO - Epoch 62/500
2026-03-26 10:39:14,698 - steps.encdec - INFO - No improve (27/50)
2026-03-26 10:39:14,699 - steps.encdec - INFO - Epoch 63/500
2026-03-26 10:39:48,589 - steps.encdec - INFO - No improve (28/50)
2026-03-26 10:39:48,589 - steps.encdec - INFO - Epoch 64/500
2026-03-26 10:40:23,804 - steps.encdec - INFO - No improve (29/50)
2026-03-26 10:40:23,804 - steps.encdec - INFO - Epoch 65/500
2026-03-26 10:40:58,827 - steps.encdec - INFO - No improve (30/50)
2026-03-26 10:40:58,827 - steps.encdec - INFO - Epoch 66/500
2026-03-26 10:41:33,958 - steps.encdec - INFO - No improve (31/50)
2026-03-26 10:41:33,958 - steps.encdec - INFO - Epoch 67/500
2026-03-26 10:42:09,167 - steps.encdec - INFO - No improve (32/50)
2026-03-26 10:42:09,167 - steps.encdec - INFO - Epoch 68/500
2026-03-26 10:42:44,540 - steps.encdec - INFO - No improve (33/50)
2026-03-26 10:42:44,540 - steps.encdec - INFO - Epoch 69/500
2026-03-26 10:43:20,011 - steps.encdec - INFO - No improve (34/50)
2026-03-26 10:43:20,011 - steps.encdec - INFO - Epoch 70/500
2026-03-26 10:43:55,422 - steps.encdec - INFO - No improve (35/50)
2026-03-26 10:43:55,422 - steps.encdec - INFO - Epoch 71/500
2026-03-26 10:44:30,930 - steps.encdec - INFO - No improve (36/50)
2026-03-26 10:44:30,930 - steps.encdec - INFO - Epoch 72/500
2026-03-26 10:45:06,260 - steps.encdec - INFO - No improve (37/50)
2026-03-26 10:45:06,260 - steps.encdec - INFO - Epoch 73/500
2026-03-26 10:45:41,186 - steps.encdec - INFO - No improve (38/50)
2026-03-26 10:45:41,187 - steps.encdec - INFO - Epoch 74/500
2026-03-26 10:46:16,023 - steps.encdec - INFO - No improve (39/50)
2026-03-26 10:46:16,023 - steps.encdec - INFO - Epoch 75/500
2026-03-26 10:46:51,141 - steps.encdec - INFO - No improve (40/50)
2026-03-26 10:46:51,141 - steps.encdec - INFO - Epoch 76/500
2026-03-26 10:47:26,280 - steps.encdec - INFO - No improve (41/50)
2026-03-26 10:47:26,280 - steps.encdec - INFO - Epoch 77/500
2026-03-26 10:48:01,607 - steps.encdec - INFO - No improve (42/50)
2026-03-26 10:48:01,607 - steps.encdec - INFO - Epoch 78/500
2026-03-26 10:48:36,756 - steps.encdec - INFO - No improve (43/50)
2026-03-26 10:48:36,756 - steps.encdec - INFO - Epoch 79/500
2026-03-26 10:49:12,595 - steps.encdec - INFO - No improve (44/50)
2026-03-26 10:49:12,595 - steps.encdec - INFO - Epoch 80/500
2026-03-26 10:49:48,119 - steps.encdec - INFO - No improve (45/50)
2026-03-26 10:49:48,119 - steps.encdec - INFO - Epoch 81/500
2026-03-26 10:50:23,315 - steps.encdec - INFO - No improve (46/50)
2026-03-26 10:50:23,315 - steps.encdec - INFO - Epoch 82/500
2026-03-26 10:50:58,355 - steps.encdec - INFO - No improve (47/50)
2026-03-26 10:50:58,355 - steps.encdec - INFO - Epoch 83/500
2026-03-26 10:51:33,526 - steps.encdec - INFO - No improve (48/50)
2026-03-26 10:51:33,526 - steps.encdec - INFO - Epoch 84/500
2026-03-26 10:52:08,524 - steps.encdec - INFO - No improve (49/50)
2026-03-26 10:52:08,524 - steps.encdec - INFO - Epoch 85/500
2026-03-26 10:52:43,563 - steps.encdec - INFO - No improve (50/50)
2026-03-26 10:52:43,563 - steps.encdec - INFO - Early stopping triggered
2026-03-26 10:52:43,563 - steps.encdec - INFO - ==================================================
2026-03-26 10:52:43,563 - steps.encdec - INFO - TRAINING FINISHED
2026-03-26 10:52:43,563 - steps.encdec - INFO - Best Epoch: 35
2026-03-26 10:52:43,563 - steps.encdec - INFO - Best Validation Metrics:
2026-03-26 10:52:43,563 - steps.encdec - INFO -   - total_loss: 0.017843
2026-03-26 10:52:43,563 - steps.encdec - INFO -   - recon_loss: 0.009903
2026-03-26 10:52:43,604 - steps.encdec - INFO -   - recon_data_loss: 0.009667
2026-03-26 10:52:43,604 - steps.encdec - INFO -   - recon_mask_loss: 0.000236
2026-03-26 10:52:43,604 - steps.encdec - INFO -   - kld_loss: 10.399001
2026-03-26 10:52:43,604 - steps.encdec - INFO -   - kld_free: 10.583632
2026-03-26 10:52:43,604 - steps.encdec - INFO -   - struct_loss: 1.13222031e-04
2026-03-26 10:52:43,605 - steps.encdec - INFO -   - dag_loss: 4.60681000e-05
2026-03-26 10:52:43,605 - steps.encdec - INFO -   - causal_loss: 1.59290131e-04
2026-03-26 10:52:43,605 - steps.encdec - INFO -   - current_beta: 0.000675
2026-03-26 10:52:43,605 - steps.encdec - INFO - Best Validation Score (recon + gamma*causal + beta*kld): 0.017719
2026-03-26 10:52:43,605 - steps.encdec - INFO - ==================================================
2026-03-26 10:52:45,557 - steps.encdec - INFO - Saved loss curves -> cvae_loss_curves.png
2026-03-26 10:52:52,826 - steps.encdec - INFO - Saved encoded data (shape=(540000, 24)) -> cvae_encoded_data.pkl
2026-03-26 19:26:41,280 - steps.encdec - INFO - Step: encdec | training CausalVAE
2026-03-26 19:26:41,281 - steps.encdec - INFO - Device: cuda:0 | distributed=True | world_size=3
2026-03-26 19:31:33,494 - steps.encdec - INFO - Dims | input_dim=29 seq_len=60 num_total_features=29
2026-03-26 19:31:33,559 - steps.encdec - INFO - Found pre-generated A_target at ./cache_encdec/A_target.npy | shape=(29, 29) | expected=(29, 29)
2026-03-26 19:31:46,762 - steps.encdec - INFO - Start from scratch | resume=False | ckpt_exists=True
2026-03-26 19:31:46,763 - steps.encdec - INFO - Epoch 1/500
2026-03-26 19:32:19,226 - steps.encdec - INFO - Skip best selection before epoch 25
2026-03-26 19:32:19,530 - steps.encdec - INFO - Epoch 2/500
2026-03-26 19:32:46,441 - steps.encdec - INFO - Skip best selection before epoch 25
2026-03-26 19:32:46,479 - steps.encdec - INFO - Epoch 3/500
2026-03-26 19:33:12,692 - steps.encdec - INFO - Skip best selection before epoch 25
2026-03-26 19:33:12,728 - steps.encdec - INFO - Epoch 4/500
2026-03-26 19:33:38,883 - steps.encdec - INFO - Skip best selection before epoch 25
2026-03-26 19:33:38,923 - steps.encdec - INFO - Epoch 5/500
2026-03-26 19:34:05,748 - steps.encdec - INFO - Skip best selection before epoch 25
2026-03-26 19:34:05,832 - steps.encdec - INFO - Saved periodic checkpoint -> ./cache_encdec/checkpoints/cvae_epoch_005.pkl
2026-03-26 19:34:05,832 - steps.encdec - INFO - Epoch 6/500
2026-03-26 19:34:31,892 - steps.encdec - INFO - Skip best selection before epoch 25
2026-03-26 19:34:31,932 - steps.encdec - INFO - Epoch 7/500
2026-03-26 19:34:57,744 - steps.encdec - INFO - Skip best selection before epoch 25
2026-03-26 19:34:57,796 - steps.encdec - INFO - Epoch 8/500
2026-03-26 19:35:23,759 - steps.encdec - INFO - Skip best selection before epoch 25
2026-03-26 19:35:23,797 - steps.encdec - INFO - Epoch 9/500
2026-03-26 19:35:49,991 - steps.encdec - INFO - Skip best selection before epoch 25
2026-03-26 19:35:50,029 - steps.encdec - INFO - Epoch 10/500
2026-03-26 19:36:16,151 - steps.encdec - INFO - Skip best selection before epoch 25
2026-03-26 19:36:16,219 - steps.encdec - INFO - Saved periodic checkpoint -> ./cache_encdec/checkpoints/cvae_epoch_010.pkl
2026-03-26 19:36:16,220 - steps.encdec - INFO - Epoch 11/500
2026-03-26 19:36:42,322 - steps.encdec - INFO - Skip best selection before epoch 25
2026-03-26 19:36:42,360 - steps.encdec - INFO - Epoch 12/500
2026-03-26 19:37:08,415 - steps.encdec - INFO - Skip best selection before epoch 25
2026-03-26 19:37:08,452 - steps.encdec - INFO - Epoch 13/500
2026-03-26 19:37:34,381 - steps.encdec - INFO - Skip best selection before epoch 25
2026-03-26 19:37:34,418 - steps.encdec - INFO - Epoch 14/500
2026-03-26 19:38:00,397 - steps.encdec - INFO - Skip best selection before epoch 25
2026-03-26 19:38:00,435 - steps.encdec - INFO - Epoch 15/500
2026-03-26 19:38:26,642 - steps.encdec - INFO - Skip best selection before epoch 25
2026-03-26 19:38:26,710 - steps.encdec - INFO - Saved periodic checkpoint -> ./cache_encdec/checkpoints/cvae_epoch_015.pkl
2026-03-26 19:38:26,711 - steps.encdec - INFO - Epoch 16/500
2026-03-26 19:38:52,911 - steps.encdec - INFO - Skip best selection before epoch 25
2026-03-26 19:38:52,950 - steps.encdec - INFO - Epoch 17/500
2026-03-26 19:39:19,115 - steps.encdec - INFO - Skip best selection before epoch 25
2026-03-26 19:39:19,153 - steps.encdec - INFO - Epoch 18/500
2026-03-26 19:39:45,125 - steps.encdec - INFO - Skip best selection before epoch 25
2026-03-26 19:39:45,163 - steps.encdec - INFO - Epoch 19/500
2026-03-26 19:40:11,249 - steps.encdec - INFO - Skip best selection before epoch 25
2026-03-26 19:40:11,289 - steps.encdec - INFO - Epoch 20/500
2026-03-26 19:40:37,414 - steps.encdec - INFO - Skip best selection before epoch 25
2026-03-26 19:40:37,480 - steps.encdec - INFO - Saved periodic checkpoint -> ./cache_encdec/checkpoints/cvae_epoch_020.pkl
2026-03-26 19:40:37,480 - steps.encdec - INFO - Epoch 21/500
2026-03-27 05:57:28,194 - steps.encdec - INFO - Step: encdec | training CausalVAE
2026-03-27 05:57:28,196 - steps.encdec - INFO - Device: cuda:0 | distributed=True | world_size=3
2026-03-27 06:01:44,295 - steps.encdec - INFO - Dims | input_dim=29 seq_len=60 num_total_features=29
2026-03-27 06:01:44,296 - steps.encdec - INFO - Found pre-generated A_target at ./cache_encdec/A_target.npy | shape=(29, 29) | expected=(29, 29)
2026-03-27 06:01:57,854 - steps.encdec - INFO - Start from scratch | resume=False | ckpt_exists=True
2026-03-27 06:01:57,854 - steps.encdec - INFO - Epoch 1/500
2026-03-27 06:02:29,292 - steps.encdec - INFO - Skip best selection before epoch 25
2026-03-27 06:02:29,341 - steps.encdec - INFO - Epoch 2/500
2026-03-27 06:02:58,009 - steps.encdec - INFO - Skip best selection before epoch 25
2026-03-27 06:02:58,051 - steps.encdec - INFO - Epoch 3/500
2026-03-27 06:03:26,746 - steps.encdec - INFO - Skip best selection before epoch 25
2026-03-27 06:03:26,788 - steps.encdec - INFO - Epoch 4/500
2026-03-27 06:03:54,968 - steps.encdec - INFO - Skip best selection before epoch 25
2026-03-27 06:03:55,008 - steps.encdec - INFO - Epoch 5/500
2026-03-27 06:04:23,175 - steps.encdec - INFO - Skip best selection before epoch 25
2026-03-27 06:04:23,251 - steps.encdec - INFO - Saved periodic checkpoint -> ./cache_encdec/checkpoints/cvae_epoch_005.pkl
2026-03-27 06:04:23,251 - steps.encdec - INFO - Epoch 6/500
2026-03-27 06:04:51,170 - steps.encdec - INFO - Skip best selection before epoch 25
2026-03-27 06:04:51,210 - steps.encdec - INFO - Epoch 7/500
2026-03-27 06:05:18,714 - steps.encdec - INFO - Skip best selection before epoch 25
2026-03-27 06:05:18,755 - steps.encdec - INFO - Epoch 8/500
2026-03-27 06:05:45,993 - steps.encdec - INFO - Skip best selection before epoch 25
2026-03-27 06:05:46,034 - steps.encdec - INFO - Epoch 9/500
2026-03-27 06:06:13,233 - steps.encdec - INFO - Skip best selection before epoch 25
2026-03-27 06:06:13,305 - steps.encdec - INFO - Epoch 10/500
2026-03-27 06:06:40,869 - steps.encdec - INFO - Skip best selection before epoch 25
2026-03-27 06:06:40,939 - steps.encdec - INFO - Saved periodic checkpoint -> ./cache_encdec/checkpoints/cvae_epoch_010.pkl
2026-03-27 06:06:40,939 - steps.encdec - INFO - Epoch 11/500
2026-03-27 06:07:08,259 - steps.encdec - INFO - Skip best selection before epoch 25
2026-03-27 06:07:08,300 - steps.encdec - INFO - Epoch 12/500
2026-03-27 06:07:35,616 - steps.encdec - INFO - Skip best selection before epoch 25
2026-03-27 06:07:35,655 - steps.encdec - INFO - Epoch 13/500
2026-03-27 06:08:02,720 - steps.encdec - INFO - Skip best selection before epoch 25
2026-03-27 06:08:02,758 - steps.encdec - INFO - Epoch 14/500
2026-03-27 06:08:30,089 - steps.encdec - INFO - Skip best selection before epoch 25
2026-03-27 06:08:30,130 - steps.encdec - INFO - Epoch 15/500
2026-03-27 06:08:57,480 - steps.encdec - INFO - Skip best selection before epoch 25
2026-03-27 06:08:57,566 - steps.encdec - INFO - Saved periodic checkpoint -> ./cache_encdec/checkpoints/cvae_epoch_015.pkl
2026-03-27 06:08:57,566 - steps.encdec - INFO - Epoch 16/500
2026-03-27 06:09:25,223 - steps.encdec - INFO - Skip best selection before epoch 25
2026-03-27 06:09:25,263 - steps.encdec - INFO - Epoch 17/500
2026-03-27 06:09:52,397 - steps.encdec - INFO - Skip best selection before epoch 25
2026-03-27 06:09:52,439 - steps.encdec - INFO - Epoch 18/500
2026-03-27 06:10:19,741 - steps.encdec - INFO - Skip best selection before epoch 25
2026-03-27 06:10:19,782 - steps.encdec - INFO - Epoch 19/500
2026-03-27 06:10:47,317 - steps.encdec - INFO - Skip best selection before epoch 25
2026-03-27 06:10:47,357 - steps.encdec - INFO - Epoch 20/500
2026-03-27 06:11:14,829 - steps.encdec - INFO - Skip best selection before epoch 25
2026-03-27 06:11:14,903 - steps.encdec - INFO - Saved periodic checkpoint -> ./cache_encdec/checkpoints/cvae_epoch_020.pkl
2026-03-27 06:11:14,903 - steps.encdec - INFO - Epoch 21/500
2026-03-27 16:10:46,034 - steps.encdec - INFO - Step: encdec | training CausalVAE
2026-03-27 16:10:46,035 - steps.encdec - INFO - Device: cuda:0 | distributed=True | world_size=3
2026-03-27 16:13:53,856 - steps.encdec - INFO - Dims | input_dim=29 seq_len=60 num_total_features=29
2026-03-27 16:13:53,896 - steps.encdec - INFO - Found pre-generated A_target at ./cache_encdec/A_target.npy | shape=(29, 29) | expected=(29, 29)
2026-03-27 16:14:07,662 - steps.encdec - INFO - Start from scratch | resume=False | ckpt_exists=True
2026-03-27 16:14:07,662 - steps.encdec - INFO - Epoch 1/500
2026-03-27 16:14:39,150 - steps.encdec - INFO - Skip best selection before epoch 25
2026-03-27 16:14:39,214 - steps.encdec - INFO - Epoch 2/500
2026-03-27 16:15:06,500 - steps.encdec - INFO - Skip best selection before epoch 25
2026-03-27 16:15:06,538 - steps.encdec - INFO - Epoch 3/500
2026-03-27 16:15:33,701 - steps.encdec - INFO - Skip best selection before epoch 25
2026-03-27 16:15:33,737 - steps.encdec - INFO - Epoch 4/500
2026-03-27 16:16:00,723 - steps.encdec - INFO - Skip best selection before epoch 25
2026-03-27 16:16:00,760 - steps.encdec - INFO - Epoch 5/500
2026-03-27 16:16:27,752 - steps.encdec - INFO - Skip best selection before epoch 25
2026-03-27 16:16:27,817 - steps.encdec - INFO - Saved periodic checkpoint -> ./cache_encdec/checkpoints/cvae_epoch_005.pkl
2026-03-27 16:16:27,818 - steps.encdec - INFO - Epoch 6/500
2026-03-27 16:16:54,764 - steps.encdec - INFO - Skip best selection before epoch 25
2026-03-27 16:16:54,800 - steps.encdec - INFO - Epoch 7/500
2026-03-27 16:17:21,624 - steps.encdec - INFO - Skip best selection before epoch 25
2026-03-27 16:17:21,661 - steps.encdec - INFO - Epoch 8/500
2026-03-27 16:17:48,496 - steps.encdec - INFO - Skip best selection before epoch 25
2026-03-27 16:17:48,532 - steps.encdec - INFO - Epoch 9/500
2026-03-27 16:18:15,378 - steps.encdec - INFO - Skip best selection before epoch 25
2026-03-27 16:18:15,414 - steps.encdec - INFO - Epoch 10/500
2026-03-27 16:18:42,177 - steps.encdec - INFO - Skip best selection before epoch 25
2026-03-27 16:18:42,243 - steps.encdec - INFO - Saved periodic checkpoint -> ./cache_encdec/checkpoints/cvae_epoch_010.pkl
2026-03-27 16:18:42,243 - steps.encdec - INFO - Epoch 11/500
2026-03-27 16:19:08,925 - steps.encdec - INFO - Skip best selection before epoch 25
2026-03-27 16:19:08,961 - steps.encdec - INFO - Epoch 12/500
2026-03-27 16:19:35,809 - steps.encdec - INFO - Skip best selection before epoch 25
2026-03-27 16:19:35,845 - steps.encdec - INFO - Epoch 13/500
2026-03-27 16:20:02,552 - steps.encdec - INFO - Skip best selection before epoch 25
2026-03-27 16:20:02,588 - steps.encdec - INFO - Epoch 14/500
2026-03-27 16:20:29,160 - steps.encdec - INFO - Skip best selection before epoch 25
2026-03-27 16:20:29,196 - steps.encdec - INFO - Epoch 15/500
2026-03-27 16:20:55,801 - steps.encdec - INFO - Skip best selection before epoch 25
2026-03-27 16:20:55,869 - steps.encdec - INFO - Saved periodic checkpoint -> ./cache_encdec/checkpoints/cvae_epoch_015.pkl
2026-03-27 16:20:55,869 - steps.encdec - INFO - Epoch 16/500
2026-03-27 16:21:22,499 - steps.encdec - INFO - Skip best selection before epoch 25
2026-03-27 16:21:22,534 - steps.encdec - INFO - Epoch 17/500
2026-03-27 16:21:49,322 - steps.encdec - INFO - Skip best selection before epoch 25
2026-03-27 16:21:49,358 - steps.encdec - INFO - Epoch 18/500
2026-03-27 16:22:16,161 - steps.encdec - INFO - Skip best selection before epoch 25
2026-03-27 16:22:16,196 - steps.encdec - INFO - Epoch 19/500
2026-03-27 16:22:42,937 - steps.encdec - INFO - Skip best selection before epoch 25
2026-03-27 16:22:42,972 - steps.encdec - INFO - Epoch 20/500
2026-03-27 16:23:09,716 - steps.encdec - INFO - Skip best selection before epoch 25
2026-03-27 16:23:09,782 - steps.encdec - INFO - Saved periodic checkpoint -> ./cache_encdec/checkpoints/cvae_epoch_020.pkl
2026-03-27 16:23:09,784 - steps.encdec - INFO - Epoch 21/500
2026-03-28 05:17:44,767 - steps.encdec - INFO - Step: encdec | training CausalVAE
2026-03-28 05:17:44,767 - steps.encdec - INFO - Device: cuda:0 | distributed=True | world_size=2
2026-03-28 05:19:48,944 - steps.encdec - INFO - Dims | input_dim=29 seq_len=60 num_total_features=29
2026-03-28 05:19:48,944 - steps.encdec - INFO - Found pre-generated A_target at ./cache_encdec/A_target.npy | shape=(29, 29) | expected=(29, 29)
2026-03-28 05:20:00,167 - steps.encdec - INFO - Start from scratch | resume=False | ckpt_exists=True
2026-03-28 05:20:00,167 - steps.encdec - INFO - Epoch 1/500
2026-03-28 05:20:42,269 - steps.encdec - INFO - Skip best selection before epoch 25
2026-03-28 05:20:42,313 - steps.encdec - INFO - Epoch 2/500
2026-03-28 05:21:22,622 - steps.encdec - INFO - Skip best selection before epoch 25
2026-03-28 05:21:22,660 - steps.encdec - INFO - Epoch 3/500
2026-03-28 05:22:02,875 - steps.encdec - INFO - Skip best selection before epoch 25
2026-03-28 05:22:02,912 - steps.encdec - INFO - Epoch 4/500
2026-03-28 05:22:43,012 - steps.encdec - INFO - Skip best selection before epoch 25
2026-03-28 05:22:43,049 - steps.encdec - INFO - Epoch 5/500
2026-03-28 05:23:23,066 - steps.encdec - INFO - Skip best selection before epoch 25
2026-03-28 05:23:23,133 - steps.encdec - INFO - Saved periodic checkpoint -> ./cache_encdec/checkpoints/cvae_epoch_005.pkl
2026-03-28 05:23:23,134 - steps.encdec - INFO - Epoch 6/500
2026-03-28 05:24:03,099 - steps.encdec - INFO - Skip best selection before epoch 25
2026-03-28 05:24:03,136 - steps.encdec - INFO - Epoch 7/500
2026-03-28 05:24:43,137 - steps.encdec - INFO - Skip best selection before epoch 25
2026-03-28 05:24:43,174 - steps.encdec - INFO - Epoch 8/500
2026-03-28 05:25:23,141 - steps.encdec - INFO - Skip best selection before epoch 25
2026-03-28 05:25:23,177 - steps.encdec - INFO - Epoch 9/500
2026-03-28 05:26:03,135 - steps.encdec - INFO - Skip best selection before epoch 25
2026-03-28 05:26:03,172 - steps.encdec - INFO - Epoch 10/500
2026-03-28 05:26:43,200 - steps.encdec - INFO - Skip best selection before epoch 25
2026-03-28 05:26:43,268 - steps.encdec - INFO - Saved periodic checkpoint -> ./cache_encdec/checkpoints/cvae_epoch_010.pkl
2026-03-28 05:26:43,268 - steps.encdec - INFO - Epoch 11/500
2026-03-28 05:27:23,289 - steps.encdec - INFO - Skip best selection before epoch 25
2026-03-28 05:27:23,326 - steps.encdec - INFO - Epoch 12/500
2026-03-28 05:28:03,313 - steps.encdec - INFO - Skip best selection before epoch 25
2026-03-28 05:28:03,351 - steps.encdec - INFO - Epoch 13/500
2026-03-28 05:28:43,182 - steps.encdec - INFO - Skip best selection before epoch 25
2026-03-28 05:28:43,218 - steps.encdec - INFO - Epoch 14/500
2026-03-28 05:29:22,835 - steps.encdec - INFO - Skip best selection before epoch 25
2026-03-28 05:29:22,871 - steps.encdec - INFO - Epoch 15/500
2026-03-28 05:30:02,568 - steps.encdec - INFO - Skip best selection before epoch 25
2026-03-28 05:30:02,634 - steps.encdec - INFO - Saved periodic checkpoint -> ./cache_encdec/checkpoints/cvae_epoch_015.pkl
2026-03-28 05:30:02,635 - steps.encdec - INFO - Epoch 16/500
2026-03-28 05:30:42,522 - steps.encdec - INFO - Skip best selection before epoch 25
2026-03-28 05:30:42,559 - steps.encdec - INFO - Epoch 17/500
2026-03-28 05:31:22,485 - steps.encdec - INFO - Skip best selection before epoch 25
2026-03-28 05:31:22,521 - steps.encdec - INFO - Epoch 18/500
2026-03-28 05:32:02,500 - steps.encdec - INFO - Skip best selection before epoch 25
2026-03-28 05:32:02,537 - steps.encdec - INFO - Epoch 19/500
2026-03-28 05:32:42,303 - steps.encdec - INFO - Skip best selection before epoch 25
2026-03-28 05:32:42,340 - steps.encdec - INFO - Epoch 20/500
2026-03-28 05:33:22,173 - steps.encdec - INFO - Skip best selection before epoch 25
2026-03-28 05:33:22,239 - steps.encdec - INFO - Saved periodic checkpoint -> ./cache_encdec/checkpoints/cvae_epoch_020.pkl
2026-03-28 05:33:22,239 - steps.encdec - INFO - Epoch 21/500
2026-03-28 13:57:12,076 - steps.encdec - INFO - Step: encdec | training CausalVAE
2026-03-28 13:57:12,076 - steps.encdec - INFO - Device: cuda | distributed=False | world_size=1
2026-03-28 13:59:45,096 - steps.encdec - INFO - Dims | input_dim=29 seq_len=60 num_total_features=29
2026-03-28 13:59:45,096 - steps.encdec - INFO - Found pre-generated A_target at ./cache_encdec/A_target.npy | shape=(29, 29) | expected=(29, 29)
2026-03-28 13:59:55,484 - steps.encdec - INFO - Start from scratch | resume=False | ckpt_exists=True
2026-03-28 13:59:55,484 - steps.encdec - INFO - Epoch 1/500
2026-03-28 14:01:10,920 - steps.encdec - INFO - Skip best selection before epoch 25
2026-03-28 14:01:10,980 - steps.encdec - INFO - Epoch 2/500
2026-03-28 14:02:23,072 - steps.encdec - INFO - Skip best selection before epoch 25
2026-03-28 14:02:23,122 - steps.encdec - INFO - Epoch 3/500
2026-03-28 14:03:35,510 - steps.encdec - INFO - Skip best selection before epoch 25
2026-03-28 14:03:35,547 - steps.encdec - INFO - Epoch 4/500
2026-03-28 14:04:47,834 - steps.encdec - INFO - Skip best selection before epoch 25
2026-03-28 14:04:47,887 - steps.encdec - INFO - Epoch 5/500
2026-03-28 14:06:00,180 - steps.encdec - INFO - Skip best selection before epoch 25
2026-03-28 14:06:00,246 - steps.encdec - INFO - Saved periodic checkpoint -> ./cache_encdec/checkpoints/cvae_epoch_005.pkl
2026-03-28 14:06:00,247 - steps.encdec - INFO - Epoch 6/500
2026-03-28 14:07:12,392 - steps.encdec - INFO - Skip best selection before epoch 25
2026-03-28 14:07:12,426 - steps.encdec - INFO - Epoch 7/500
2026-03-28 14:08:24,570 - steps.encdec - INFO - Skip best selection before epoch 25
2026-03-28 14:08:24,606 - steps.encdec - INFO - Epoch 8/500
2026-03-28 14:09:36,539 - steps.encdec - INFO - Skip best selection before epoch 25
2026-03-28 14:09:36,574 - steps.encdec - INFO - Epoch 9/500
2026-03-28 14:10:48,765 - steps.encdec - INFO - Skip best selection before epoch 25
2026-03-28 14:10:48,801 - steps.encdec - INFO - Epoch 10/500
2026-03-28 14:12:01,040 - steps.encdec - INFO - Skip best selection before epoch 25
2026-03-28 14:12:01,106 - steps.encdec - INFO - Saved periodic checkpoint -> ./cache_encdec/checkpoints/cvae_epoch_010.pkl
2026-03-28 14:12:01,106 - steps.encdec - INFO - Epoch 11/500
2026-03-28 14:13:13,155 - steps.encdec - INFO - Skip best selection before epoch 25
2026-03-28 14:13:13,191 - steps.encdec - INFO - Epoch 12/500
2026-03-28 14:14:25,097 - steps.encdec - INFO - Skip best selection before epoch 25
2026-03-28 14:14:25,134 - steps.encdec - INFO - Epoch 13/500
2026-03-28 14:15:37,141 - steps.encdec - INFO - Skip best selection before epoch 25
2026-03-28 14:15:37,175 - steps.encdec - INFO - Epoch 14/500
2026-03-28 14:16:49,271 - steps.encdec - INFO - Skip best selection before epoch 25
2026-03-28 14:16:49,305 - steps.encdec - INFO - Epoch 15/500
2026-03-28 14:18:01,264 - steps.encdec - INFO - Skip best selection before epoch 25
2026-03-28 14:18:01,328 - steps.encdec - INFO - Saved periodic checkpoint -> ./cache_encdec/checkpoints/cvae_epoch_015.pkl
2026-03-28 14:18:01,328 - steps.encdec - INFO - Epoch 16/500
2026-03-28 14:19:13,156 - steps.encdec - INFO - Skip best selection before epoch 25
2026-03-28 14:19:13,192 - steps.encdec - INFO - Epoch 17/500
2026-03-28 14:20:24,969 - steps.encdec - INFO - Skip best selection before epoch 25
2026-03-28 14:20:25,005 - steps.encdec - INFO - Epoch 18/500
2026-03-28 14:21:36,978 - steps.encdec - INFO - Skip best selection before epoch 25
2026-03-28 14:21:37,014 - steps.encdec - INFO - Epoch 19/500
2026-03-28 14:22:49,351 - steps.encdec - INFO - Skip best selection before epoch 25
2026-03-28 14:22:49,387 - steps.encdec - INFO - Epoch 20/500
2026-03-28 14:24:01,629 - steps.encdec - INFO - Skip best selection before epoch 25
2026-03-28 14:24:01,696 - steps.encdec - INFO - Saved periodic checkpoint -> ./cache_encdec/checkpoints/cvae_epoch_020.pkl
2026-03-28 14:24:01,696 - steps.encdec - INFO - Epoch 21/500
2026-03-28 14:45:20,125 - steps.encdec - INFO - Step: encdec | training CausalVAE
2026-03-28 14:45:20,148 - steps.encdec - INFO - Device: cuda | distributed=False | world_size=1
2026-03-28 14:49:06,224 - steps.encdec - INFO - Dims | input_dim=29 seq_len=60 num_total_features=29
2026-03-28 14:49:06,264 - steps.encdec - INFO - Found pre-generated A_target at ./cache_encdec/A_target.npy | shape=(29, 29) | expected=(29, 29)
2026-03-28 14:49:17,729 - steps.encdec - INFO - Start from scratch | resume=False | ckpt_exists=True
2026-03-28 14:49:17,729 - steps.encdec - INFO - Epoch 1/500
2026-03-28 14:50:37,518 - steps.encdec - INFO - Skip best selection before epoch 25
2026-03-28 14:50:37,519 - steps.encdec - INFO - Epoch 2/500
2026-03-28 14:51:50,236 - steps.encdec - INFO - Skip best selection before epoch 25
2026-03-28 14:51:50,236 - steps.encdec - INFO - Epoch 3/500
2026-03-28 14:53:03,058 - steps.encdec - INFO - Skip best selection before epoch 25
2026-03-28 14:53:03,059 - steps.encdec - INFO - Epoch 4/500
2026-03-28 14:54:15,948 - steps.encdec - INFO - Skip best selection before epoch 25
2026-03-28 14:54:15,948 - steps.encdec - INFO - Epoch 5/500
2026-03-28 14:55:28,606 - steps.encdec - INFO - Skip best selection before epoch 25
2026-03-28 14:55:28,606 - steps.encdec - INFO - Epoch 6/500
2026-03-28 14:56:41,538 - steps.encdec - INFO - Skip best selection before epoch 25
2026-03-28 14:56:41,538 - steps.encdec - INFO - Epoch 7/500
2026-03-28 14:57:54,204 - steps.encdec - INFO - Skip best selection before epoch 25
2026-03-28 14:57:54,204 - steps.encdec - INFO - Epoch 8/500
2026-03-28 14:59:07,134 - steps.encdec - INFO - Skip best selection before epoch 25
2026-03-28 14:59:07,134 - steps.encdec - INFO - Epoch 9/500
2026-03-28 15:00:19,719 - steps.encdec - INFO - Skip best selection before epoch 25
2026-03-28 15:00:19,719 - steps.encdec - INFO - Epoch 10/500
2026-03-28 15:01:32,400 - steps.encdec - INFO - Skip best selection before epoch 25
2026-03-28 15:01:32,400 - steps.encdec - INFO - Epoch 11/500
2026-03-28 15:02:45,179 - steps.encdec - INFO - Skip best selection before epoch 25
2026-03-28 15:02:45,179 - steps.encdec - INFO - Epoch 12/500
2026-03-28 15:03:57,774 - steps.encdec - INFO - Skip best selection before epoch 25
2026-03-28 15:03:57,774 - steps.encdec - INFO - Epoch 13/500
2026-03-28 15:05:10,625 - steps.encdec - INFO - Skip best selection before epoch 25
2026-03-28 15:05:10,626 - steps.encdec - INFO - Epoch 14/500
2026-03-28 15:06:23,192 - steps.encdec - INFO - Skip best selection before epoch 25
2026-03-28 15:06:23,192 - steps.encdec - INFO - Epoch 15/500
2026-03-28 15:07:35,792 - steps.encdec - INFO - Skip best selection before epoch 25
2026-03-28 15:07:35,792 - steps.encdec - INFO - Epoch 16/500
2026-03-28 15:08:48,241 - steps.encdec - INFO - Skip best selection before epoch 25
2026-03-28 15:08:48,242 - steps.encdec - INFO - Epoch 17/500
2026-03-28 15:10:00,548 - steps.encdec - INFO - Skip best selection before epoch 25
2026-03-28 15:10:00,548 - steps.encdec - INFO - Epoch 18/500
2026-03-28 15:11:12,830 - steps.encdec - INFO - Skip best selection before epoch 25
2026-03-28 15:11:12,830 - steps.encdec - INFO - Epoch 19/500
2026-03-28 15:12:25,219 - steps.encdec - INFO - Skip best selection before epoch 25
2026-03-28 15:12:25,219 - steps.encdec - INFO - Epoch 20/500
2026-03-28 15:13:37,485 - steps.encdec - INFO - Skip best selection before epoch 25
2026-03-28 15:13:37,485 - steps.encdec - INFO - Epoch 21/500
2026-03-28 15:46:20,301 - steps.encdec - INFO - Step: encdec | training CausalVAE
2026-03-28 15:46:20,302 - steps.encdec - INFO - Device: cuda | distributed=False | world_size=1
2026-03-28 15:50:01,216 - steps.encdec - INFO - Dims | input_dim=29 seq_len=60 num_total_features=29
2026-03-28 15:50:01,216 - steps.encdec - INFO - Found pre-generated A_target at ./cache_encdec/A_target.npy | shape=(29, 29) | expected=(29, 29)
2026-03-28 15:50:08,251 - steps.encdec - INFO - Start from scratch | resume=False | ckpt_exists=True
2026-03-28 15:50:08,251 - steps.encdec - INFO - Epoch 1/500
2026-03-28 15:51:23,737 - steps.encdec - INFO - Skip best selection before epoch 25
2026-03-28 15:51:23,738 - steps.encdec - INFO - Epoch 2/500
2026-03-28 15:52:36,213 - steps.encdec - INFO - Skip best selection before epoch 25
2026-03-28 15:52:36,214 - steps.encdec - INFO - Epoch 3/500
2026-03-28 15:53:48,522 - steps.encdec - INFO - Skip best selection before epoch 25
2026-03-28 15:53:48,523 - steps.encdec - INFO - Epoch 4/500
2026-03-28 15:55:00,963 - steps.encdec - INFO - Skip best selection before epoch 25
2026-03-28 15:55:00,963 - steps.encdec - INFO - Epoch 5/500
2026-03-28 15:56:13,881 - steps.encdec - INFO - Skip best selection before epoch 25
2026-03-28 15:56:13,882 - steps.encdec - INFO - Epoch 6/500
2026-03-28 15:57:26,866 - steps.encdec - INFO - Skip best selection before epoch 25
2026-03-28 15:57:26,867 - steps.encdec - INFO - Epoch 7/500
2026-03-28 15:58:39,714 - steps.encdec - INFO - Skip best selection before epoch 25
2026-03-28 15:58:39,714 - steps.encdec - INFO - Epoch 8/500
2026-03-28 15:59:52,569 - steps.encdec - INFO - Skip best selection before epoch 25
2026-03-28 15:59:52,569 - steps.encdec - INFO - Epoch 9/500
2026-03-28 16:01:05,393 - steps.encdec - INFO - Skip best selection before epoch 25
2026-03-28 16:01:05,393 - steps.encdec - INFO - Epoch 10/500
2026-03-28 16:02:18,300 - steps.encdec - INFO - Skip best selection before epoch 25
2026-03-28 16:02:18,301 - steps.encdec - INFO - Epoch 11/500
2026-03-28 16:03:31,204 - steps.encdec - INFO - Skip best selection before epoch 25
2026-03-28 16:03:31,204 - steps.encdec - INFO - Epoch 12/500
2026-03-28 16:04:44,013 - steps.encdec - INFO - Skip best selection before epoch 25
2026-03-28 16:04:44,014 - steps.encdec - INFO - Epoch 13/500
2026-03-28 16:05:56,627 - steps.encdec - INFO - Skip best selection before epoch 25
2026-03-28 16:05:56,627 - steps.encdec - INFO - Epoch 14/500
2026-03-28 16:22:03,708 - steps.encdec - INFO - Step: encdec | training CausalVAE
2026-03-28 16:22:03,709 - steps.encdec - INFO - Device: cuda | distributed=False | world_size=1
2026-03-28 16:24:36,932 - steps.encdec - INFO - Dims | input_dim=29 seq_len=60 num_total_features=29
2026-03-28 16:24:36,962 - steps.encdec - INFO - Found pre-generated A_target at ./cache_encdec/A_target.npy | shape=(29, 29) | expected=(29, 29)
2026-03-28 16:24:50,274 - steps.encdec - INFO - Start from scratch | resume=False | ckpt_exists=True
2026-03-28 16:24:50,274 - steps.encdec - INFO - Epoch 1/500
2026-03-28 16:26:10,626 - steps.encdec - INFO - Skip best selection before epoch 25
2026-03-28 16:26:10,627 - steps.encdec - INFO - Epoch 2/500
2026-03-28 16:27:23,057 - steps.encdec - INFO - Skip best selection before epoch 25
2026-03-28 16:27:23,057 - steps.encdec - INFO - Epoch 3/500
2026-03-28 16:28:35,067 - steps.encdec - INFO - Skip best selection before epoch 25
2026-03-28 16:28:35,067 - steps.encdec - INFO - Epoch 4/500
2026-03-28 16:29:47,133 - steps.encdec - INFO - Skip best selection before epoch 25
2026-03-28 16:29:47,133 - steps.encdec - INFO - Epoch 5/500
2026-03-28 16:30:59,156 - steps.encdec - INFO - Skip best selection before epoch 25
2026-03-28 16:30:59,156 - steps.encdec - INFO - Epoch 6/500
2026-03-28 16:32:10,537 - steps.encdec - INFO - Skip best selection before epoch 25
2026-03-28 16:32:10,538 - steps.encdec - INFO - Epoch 7/500
2026-03-28 16:33:22,257 - steps.encdec - INFO - Skip best selection before epoch 25
2026-03-28 16:33:22,258 - steps.encdec - INFO - Epoch 8/500
2026-03-28 16:34:33,864 - steps.encdec - INFO - Skip best selection before epoch 25
2026-03-28 16:34:33,864 - steps.encdec - INFO - Epoch 9/500
2026-03-28 16:35:45,366 - steps.encdec - INFO - Skip best selection before epoch 25
2026-03-28 16:35:45,366 - steps.encdec - INFO - Epoch 10/500
2026-03-28 16:36:57,027 - steps.encdec - INFO - Skip best selection before epoch 25
2026-03-28 16:36:57,028 - steps.encdec - INFO - Epoch 11/500
2026-03-28 16:38:08,848 - steps.encdec - INFO - Skip best selection before epoch 25
2026-03-28 16:38:08,848 - steps.encdec - INFO - Epoch 12/500
2026-03-28 16:39:20,356 - steps.encdec - INFO - Skip best selection before epoch 25
2026-03-28 16:39:20,356 - steps.encdec - INFO - Epoch 13/500
2026-03-28 16:40:32,464 - steps.encdec - INFO - Skip best selection before epoch 25
2026-03-28 16:40:32,468 - steps.encdec - INFO - Epoch 14/500
2026-03-28 16:41:44,388 - steps.encdec - INFO - Skip best selection before epoch 25
2026-03-28 16:41:44,389 - steps.encdec - INFO - Epoch 15/500
2026-03-28 16:42:56,353 - steps.encdec - INFO - Skip best selection before epoch 25
2026-03-28 16:42:56,353 - steps.encdec - INFO - Epoch 16/500
2026-03-28 16:44:08,224 - steps.encdec - INFO - Skip best selection before epoch 25
2026-03-28 16:44:08,225 - steps.encdec - INFO - Epoch 17/500
2026-03-28 16:45:19,424 - steps.encdec - INFO - Skip best selection before epoch 25
2026-03-28 16:45:19,424 - steps.encdec - INFO - Epoch 18/500
2026-03-28 16:46:31,389 - steps.encdec - INFO - Skip best selection before epoch 25
2026-03-28 16:46:31,389 - steps.encdec - INFO - Epoch 19/500
2026-03-28 16:47:43,273 - steps.encdec - INFO - Skip best selection before epoch 25
2026-03-28 16:47:43,274 - steps.encdec - INFO - Epoch 20/500
2026-03-28 16:48:55,141 - steps.encdec - INFO - Skip best selection before epoch 25
2026-03-28 16:48:55,141 - steps.encdec - INFO - Epoch 21/500
2026-03-28 16:50:07,169 - steps.encdec - INFO - Skip best selection before epoch 25
2026-03-28 16:50:07,169 - steps.encdec - INFO - Epoch 22/500
2026-03-28 16:51:18,821 - steps.encdec - INFO - Skip best selection before epoch 25
2026-03-28 16:51:18,821 - steps.encdec - INFO - Epoch 23/500
2026-03-28 16:52:31,385 - steps.encdec - INFO - Skip best selection before epoch 25
2026-03-28 16:52:31,385 - steps.encdec - INFO - Epoch 24/500
2026-03-28 16:53:43,581 - steps.encdec - INFO - Skip best selection before epoch 25
2026-03-28 16:53:43,581 - steps.encdec - INFO - Epoch 25/500
2026-03-28 16:54:55,971 - steps.encdec - INFO - New best val_score=0.017556 | saved ckpt -> cvae_model.pkl
2026-03-28 16:54:55,972 - steps.encdec - INFO - Epoch 26/500
2026-03-28 16:56:08,061 - steps.encdec - INFO - No improve (1/50)
2026-03-28 16:56:08,061 - steps.encdec - INFO - Epoch 27/500
2026-03-28 16:57:19,793 - steps.encdec - INFO - No improve (2/50)
2026-03-28 16:57:19,793 - steps.encdec - INFO - Epoch 28/500
2026-03-28 16:58:31,244 - steps.encdec - INFO - No improve (3/50)
2026-03-28 16:58:31,244 - steps.encdec - INFO - Epoch 29/500
2026-03-28 16:59:43,090 - steps.encdec - INFO - No improve (4/50)
2026-03-28 16:59:43,091 - steps.encdec - INFO - Epoch 30/500
2026-03-28 17:00:55,331 - steps.encdec - INFO - No improve (5/50)
2026-03-28 17:00:55,331 - steps.encdec - INFO - Epoch 31/500
2026-03-28 17:02:07,259 - steps.encdec - INFO - No improve (6/50)
2026-03-28 17:02:07,259 - steps.encdec - INFO - Epoch 32/500
2026-03-28 17:03:19,028 - steps.encdec - INFO - No improve (7/50)
2026-03-28 17:03:19,028 - steps.encdec - INFO - Epoch 33/500
2026-03-28 17:04:30,664 - steps.encdec - INFO - No improve (8/50)
2026-03-28 17:04:30,664 - steps.encdec - INFO - Epoch 34/500
2026-03-28 17:05:42,711 - steps.encdec - INFO - No improve (9/50)
2026-03-28 17:05:42,711 - steps.encdec - INFO - Epoch 35/500
2026-03-28 17:06:54,768 - steps.encdec - INFO - No improve (10/50)
2026-03-28 17:06:54,768 - steps.encdec - INFO - Epoch 36/500
2026-03-28 17:08:06,643 - steps.encdec - INFO - No improve (11/50)
2026-03-28 17:08:06,643 - steps.encdec - INFO - Epoch 37/500
2026-03-28 17:09:18,473 - steps.encdec - INFO - No improve (12/50)
2026-03-28 17:09:18,474 - steps.encdec - INFO - Epoch 38/500
2026-03-28 17:10:29,827 - steps.encdec - INFO - No improve (13/50)
2026-03-28 17:10:29,827 - steps.encdec - INFO - Epoch 39/500
2026-03-28 17:11:40,631 - steps.encdec - INFO - No improve (14/50)
2026-03-28 17:11:40,631 - steps.encdec - INFO - Epoch 40/500
2026-03-28 17:12:52,258 - steps.encdec - INFO - No improve (15/50)
2026-03-28 17:12:52,259 - steps.encdec - INFO - Epoch 41/500
2026-03-28 17:14:03,780 - steps.encdec - INFO - No improve (16/50)
2026-03-28 17:14:03,781 - steps.encdec - INFO - Epoch 42/500
2026-03-28 17:15:15,332 - steps.encdec - INFO - No improve (17/50)
2026-03-28 17:15:15,332 - steps.encdec - INFO - Epoch 43/500
2026-03-28 17:16:26,666 - steps.encdec - INFO - No improve (18/50)
2026-03-28 17:16:26,667 - steps.encdec - INFO - Epoch 44/500
2026-03-28 17:17:37,962 - steps.encdec - INFO - No improve (19/50)
2026-03-28 17:17:37,962 - steps.encdec - INFO - Epoch 45/500
2026-03-28 17:18:48,346 - steps.encdec - INFO - No improve (20/50)
2026-03-28 17:18:48,346 - steps.encdec - INFO - Epoch 46/500
2026-03-28 17:19:59,166 - steps.encdec - INFO - No improve (21/50)
2026-03-28 17:19:59,166 - steps.encdec - INFO - Epoch 47/500
2026-03-28 17:21:09,971 - steps.encdec - INFO - No improve (22/50)
2026-03-28 17:21:09,971 - steps.encdec - INFO - Epoch 48/500
2026-03-28 17:22:20,809 - steps.encdec - INFO - No improve (23/50)
2026-03-28 17:22:20,809 - steps.encdec - INFO - Epoch 49/500
2026-03-28 17:23:31,100 - steps.encdec - INFO - No improve (24/50)
2026-03-28 17:23:31,100 - steps.encdec - INFO - Epoch 50/500
2026-03-28 17:24:41,664 - steps.encdec - INFO - No improve (25/50)
2026-03-28 17:24:41,665 - steps.encdec - INFO - Epoch 51/500
2026-03-28 18:25:10,486 - steps.encdec - INFO - Step: encdec | training CausalVAE
2026-03-28 18:25:10,487 - steps.encdec - INFO - Device: cuda | distributed=False | world_size=1
2026-03-28 18:28:50,334 - steps.encdec - INFO - Dims | input_dim=29 seq_len=60 num_total_features=29
2026-03-28 18:28:50,372 - steps.encdec - INFO - Found pre-generated A_target at ./cache_encdec/A_target.npy | shape=(29, 29) | expected=(29, 29)
2026-03-28 18:29:03,980 - steps.encdec - INFO - Start from scratch | resume=False | ckpt_exists=True
2026-03-28 18:29:03,980 - steps.encdec - INFO - Epoch 1/500
2026-03-28 18:30:22,021 - steps.encdec - INFO - Skip best selection before epoch 25
2026-03-28 18:30:22,022 - steps.encdec - INFO - Epoch 2/500
2026-03-28 18:31:35,976 - steps.encdec - INFO - Skip best selection before epoch 25
2026-03-28 18:31:35,977 - steps.encdec - INFO - Epoch 3/500
2026-03-28 18:32:49,694 - steps.encdec - INFO - Skip best selection before epoch 25
2026-03-28 18:32:49,694 - steps.encdec - INFO - Epoch 4/500
2026-03-28 18:34:03,462 - steps.encdec - INFO - Skip best selection before epoch 25
2026-03-28 18:34:03,463 - steps.encdec - INFO - Epoch 5/500
2026-03-28 18:35:17,246 - steps.encdec - INFO - Skip best selection before epoch 25
2026-03-28 18:35:17,246 - steps.encdec - INFO - Epoch 6/500
2026-03-28 18:36:30,899 - steps.encdec - INFO - Skip best selection before epoch 25
2026-03-28 18:36:30,899 - steps.encdec - INFO - Epoch 7/500
2026-03-28 18:37:44,803 - steps.encdec - INFO - Skip best selection before epoch 25
2026-03-28 18:37:44,803 - steps.encdec - INFO - Epoch 8/500
2026-03-28 18:38:58,938 - steps.encdec - INFO - Skip best selection before epoch 25
2026-03-28 18:38:58,938 - steps.encdec - INFO - Epoch 9/500
2026-03-28 18:40:13,027 - steps.encdec - INFO - Skip best selection before epoch 25
2026-03-28 18:40:13,028 - steps.encdec - INFO - Epoch 10/500
2026-03-28 18:41:27,035 - steps.encdec - INFO - Skip best selection before epoch 25
2026-03-28 18:41:27,036 - steps.encdec - INFO - Epoch 11/500
2026-03-28 18:42:41,021 - steps.encdec - INFO - Skip best selection before epoch 25
2026-03-28 18:42:41,021 - steps.encdec - INFO - Epoch 12/500
2026-03-28 18:43:54,817 - steps.encdec - INFO - Skip best selection before epoch 25
2026-03-28 18:43:54,817 - steps.encdec - INFO - Epoch 13/500
2026-03-28 18:45:08,687 - steps.encdec - INFO - Skip best selection before epoch 25
2026-03-28 18:45:08,687 - steps.encdec - INFO - Epoch 14/500
2026-03-28 18:46:22,532 - steps.encdec - INFO - Skip best selection before epoch 25
2026-03-28 18:46:22,532 - steps.encdec - INFO - Epoch 15/500
2026-03-28 18:47:36,186 - steps.encdec - INFO - Skip best selection before epoch 25
2026-03-28 18:47:36,186 - steps.encdec - INFO - Epoch 16/500
2026-03-28 18:48:49,964 - steps.encdec - INFO - Skip best selection before epoch 25
2026-03-28 18:48:49,964 - steps.encdec - INFO - Epoch 17/500
2026-03-28 18:50:03,630 - steps.encdec - INFO - Skip best selection before epoch 25
2026-03-28 18:50:03,630 - steps.encdec - INFO - Epoch 18/500
2026-03-28 18:51:17,618 - steps.encdec - INFO - Skip best selection before epoch 25
2026-03-28 18:51:17,618 - steps.encdec - INFO - Epoch 19/500
2026-03-28 18:52:31,410 - steps.encdec - INFO - Skip best selection before epoch 25
2026-03-28 18:52:31,410 - steps.encdec - INFO - Epoch 20/500
2026-03-28 18:53:44,888 - steps.encdec - INFO - Skip best selection before epoch 25
2026-03-28 18:53:44,889 - steps.encdec - INFO - Epoch 21/500
2026-03-28 18:54:58,186 - steps.encdec - INFO - Skip best selection before epoch 25
2026-03-28 18:54:58,186 - steps.encdec - INFO - Epoch 22/500
2026-03-28 18:56:12,142 - steps.encdec - INFO - Skip best selection before epoch 25
2026-03-28 18:56:12,142 - steps.encdec - INFO - Epoch 23/500
2026-03-28 18:57:25,807 - steps.encdec - INFO - Skip best selection before epoch 25
2026-03-28 18:57:25,808 - steps.encdec - INFO - Epoch 24/500
2026-03-28 18:58:39,816 - steps.encdec - INFO - Skip best selection before epoch 25
2026-03-28 18:58:39,816 - steps.encdec - INFO - Epoch 25/500
2026-03-28 18:59:53,437 - steps.encdec - INFO - New best val_score=0.017798 | saved ckpt -> cvae_model.pkl
2026-03-28 18:59:53,437 - steps.encdec - INFO - Epoch 26/500
2026-03-28 19:01:07,153 - steps.encdec - INFO - No improve (1/50)
2026-03-28 19:01:07,153 - steps.encdec - INFO - Epoch 27/500
2026-03-28 19:02:20,967 - steps.encdec - INFO - No improve (2/50)
2026-03-28 19:02:20,968 - steps.encdec - INFO - Epoch 28/500
2026-03-28 19:03:34,973 - steps.encdec - INFO - No improve (3/50)
2026-03-28 19:03:34,973 - steps.encdec - INFO - Epoch 29/500
2026-03-28 19:04:48,715 - steps.encdec - INFO - No improve (4/50)
2026-03-28 19:04:48,716 - steps.encdec - INFO - Epoch 30/500
2026-03-28 19:06:02,361 - steps.encdec - INFO - No improve (5/50)
2026-03-28 19:06:02,362 - steps.encdec - INFO - Epoch 31/500
2026-03-28 19:07:16,042 - steps.encdec - INFO - No improve (6/50)
2026-03-28 19:07:16,043 - steps.encdec - INFO - Epoch 32/500
2026-03-28 19:08:29,771 - steps.encdec - INFO - No improve (7/50)
2026-03-28 19:08:29,771 - steps.encdec - INFO - Epoch 33/500
2026-03-28 19:09:43,329 - steps.encdec - INFO - No improve (8/50)
2026-03-28 19:09:43,329 - steps.encdec - INFO - Epoch 34/500
2026-03-28 19:34:45,845 - steps.encdec - INFO - Step: encdec | training CausalVAE
2026-03-28 19:34:45,846 - steps.encdec - INFO - Device: cuda | distributed=False | world_size=1
2026-03-28 19:37:59,869 - steps.encdec - INFO - Dims | input_dim=29 seq_len=60 num_total_features=29
2026-03-28 19:37:59,870 - steps.encdec - INFO - Found pre-generated A_target at ./cache_encdec/A_target.npy | shape=(29, 29) | expected=(29, 29)
2026-03-28 19:38:08,444 - steps.encdec - INFO - Start from scratch | resume=False | ckpt_exists=True
2026-03-28 19:38:08,444 - steps.encdec - INFO - Epoch 1/500
2026-03-28 19:39:22,572 - steps.encdec - INFO - Skip best selection before epoch 25
2026-03-28 19:39:22,618 - steps.encdec - INFO - Epoch 2/500
2026-03-28 19:40:34,032 - steps.encdec - INFO - Skip best selection before epoch 25
2026-03-28 19:40:34,069 - steps.encdec - INFO - Epoch 3/500
2026-03-28 19:41:45,699 - steps.encdec - INFO - Skip best selection before epoch 25
2026-03-28 19:41:45,735 - steps.encdec - INFO - Epoch 4/500
2026-03-28 19:42:57,012 - steps.encdec - INFO - Skip best selection before epoch 25
2026-03-28 19:42:57,048 - steps.encdec - INFO - Epoch 5/500
2026-03-28 19:44:08,355 - steps.encdec - INFO - Skip best selection before epoch 25
2026-03-28 19:44:08,423 - steps.encdec - INFO - Saved periodic checkpoint -> ./cache_encdec/checkpoints/cvae_epoch_005.pkl
2026-03-28 19:44:08,423 - steps.encdec - INFO - Epoch 6/500
2026-03-28 19:45:19,288 - steps.encdec - INFO - Skip best selection before epoch 25
2026-03-28 19:45:19,325 - steps.encdec - INFO - Epoch 7/500
2026-03-28 19:46:29,929 - steps.encdec - INFO - Skip best selection before epoch 25
2026-03-28 19:46:29,965 - steps.encdec - INFO - Epoch 8/500
2026-03-28 19:47:40,908 - steps.encdec - INFO - Skip best selection before epoch 25
2026-03-28 19:47:40,944 - steps.encdec - INFO - Epoch 9/500
2026-03-28 19:48:52,037 - steps.encdec - INFO - Skip best selection before epoch 25
2026-03-28 19:48:52,073 - steps.encdec - INFO - Epoch 10/500
2026-03-28 19:50:03,224 - steps.encdec - INFO - Skip best selection before epoch 25
2026-03-28 19:50:03,289 - steps.encdec - INFO - Saved periodic checkpoint -> ./cache_encdec/checkpoints/cvae_epoch_010.pkl
2026-03-28 19:50:03,289 - steps.encdec - INFO - Epoch 11/500
2026-03-28 19:51:14,422 - steps.encdec - INFO - Skip best selection before epoch 25
2026-03-28 19:51:14,459 - steps.encdec - INFO - Epoch 12/500
2026-03-28 19:52:25,138 - steps.encdec - INFO - Skip best selection before epoch 25
2026-03-28 19:52:25,174 - steps.encdec - INFO - Epoch 13/500
2026-03-28 19:53:35,833 - steps.encdec - INFO - Skip best selection before epoch 25
2026-03-28 19:53:35,867 - steps.encdec - INFO - Epoch 14/500
2026-03-28 19:54:46,236 - steps.encdec - INFO - Skip best selection before epoch 25
2026-03-28 19:54:46,266 - steps.encdec - INFO - Epoch 15/500
2026-03-28 19:55:56,233 - steps.encdec - INFO - Skip best selection before epoch 25
2026-03-28 19:55:56,294 - steps.encdec - INFO - Saved periodic checkpoint -> ./cache_encdec/checkpoints/cvae_epoch_015.pkl
2026-03-28 19:55:56,294 - steps.encdec - INFO - Epoch 16/500
2026-03-28 19:57:06,128 - steps.encdec - INFO - Skip best selection before epoch 25
2026-03-28 19:57:06,158 - steps.encdec - INFO - Epoch 17/500
2026-03-28 19:58:15,725 - steps.encdec - INFO - Skip best selection before epoch 25
2026-03-28 19:58:15,755 - steps.encdec - INFO - Epoch 18/500
2026-03-28 19:59:25,985 - steps.encdec - INFO - Skip best selection before epoch 25
2026-03-28 19:59:26,016 - steps.encdec - INFO - Epoch 19/500
2026-03-28 20:00:36,231 - steps.encdec - INFO - Skip best selection before epoch 25
2026-03-28 20:00:36,262 - steps.encdec - INFO - Epoch 20/500
2026-03-28 20:01:46,492 - steps.encdec - INFO - Skip best selection before epoch 25
2026-03-28 20:01:46,553 - steps.encdec - INFO - Saved periodic checkpoint -> ./cache_encdec/checkpoints/cvae_epoch_020.pkl
2026-03-28 20:01:46,553 - steps.encdec - INFO - Epoch 21/500
2026-03-28 20:02:56,623 - steps.encdec - INFO - Skip best selection before epoch 25
2026-03-28 20:02:56,653 - steps.encdec - INFO - Epoch 22/500
2026-03-28 20:04:06,611 - steps.encdec - INFO - Skip best selection before epoch 25
2026-03-28 20:04:06,642 - steps.encdec - INFO - Epoch 23/500
2026-03-28 20:05:16,857 - steps.encdec - INFO - Skip best selection before epoch 25
2026-03-28 20:05:16,888 - steps.encdec - INFO - Epoch 24/500
2026-03-28 20:06:27,028 - steps.encdec - INFO - Skip best selection before epoch 25
2026-03-28 20:06:27,059 - steps.encdec - INFO - Epoch 25/500
2026-03-28 20:07:37,279 - steps.encdec - INFO - New best val_score=0.022474 | saved ckpt -> cvae_model.pkl
2026-03-28 20:07:37,338 - steps.encdec - INFO - Saved periodic checkpoint -> ./cache_encdec/checkpoints/cvae_epoch_025.pkl
2026-03-28 20:07:37,338 - steps.encdec - INFO - Epoch 26/500
2026-03-28 20:08:47,455 - steps.encdec - INFO - New best val_score=0.022450 | saved ckpt -> cvae_model.pkl
2026-03-28 20:08:47,484 - steps.encdec - INFO - Epoch 27/500
2026-03-28 20:09:57,579 - steps.encdec - INFO - New best val_score=0.022163 | saved ckpt -> cvae_model.pkl
2026-03-28 20:09:57,609 - steps.encdec - INFO - Epoch 28/500
2026-03-28 20:11:07,724 - steps.encdec - INFO - New best val_score=0.021450 | saved ckpt -> cvae_model.pkl
2026-03-28 20:11:07,753 - steps.encdec - INFO - Epoch 29/500
2026-03-28 20:12:17,679 - steps.encdec - INFO - No improve (1/50)
2026-03-28 20:12:17,710 - steps.encdec - INFO - Epoch 30/500
2026-03-28 20:13:27,795 - steps.encdec - INFO - New best val_score=0.021083 | saved ckpt -> cvae_model.pkl
2026-03-28 20:13:27,853 - steps.encdec - INFO - Saved periodic checkpoint -> ./cache_encdec/checkpoints/cvae_epoch_030.pkl
2026-03-28 20:13:27,853 - steps.encdec - INFO - Epoch 31/500
2026-03-28 20:14:38,138 - steps.encdec - INFO - New best val_score=0.020971 | saved ckpt -> cvae_model.pkl
2026-03-28 20:14:38,167 - steps.encdec - INFO - Epoch 32/500
2026-03-28 20:15:48,302 - steps.encdec - INFO - New best val_score=0.020565 | saved ckpt -> cvae_model.pkl
2026-03-28 20:15:48,332 - steps.encdec - INFO - Epoch 33/500
2026-03-28 20:16:57,908 - steps.encdec - INFO - No improve (1/50)
2026-03-28 20:16:57,939 - steps.encdec - INFO - Epoch 34/500
2026-03-28 20:18:07,398 - steps.encdec - INFO - No improve (2/50)
2026-03-28 20:18:07,428 - steps.encdec - INFO - Epoch 35/500
2026-03-28 20:19:17,019 - steps.encdec - INFO - No improve (3/50)
2026-03-28 20:19:17,079 - steps.encdec - INFO - Saved periodic checkpoint -> ./cache_encdec/checkpoints/cvae_epoch_035.pkl
2026-03-28 20:19:17,079 - steps.encdec - INFO - Epoch 36/500
2026-03-28 20:20:26,704 - steps.encdec - INFO - No improve (4/50)
2026-03-28 20:20:26,734 - steps.encdec - INFO - Epoch 37/500
2026-03-28 20:21:36,347 - steps.encdec - INFO - No improve (5/50)
2026-03-28 20:21:36,377 - steps.encdec - INFO - Epoch 38/500
2026-03-28 20:22:46,257 - steps.encdec - INFO - No improve (6/50)
2026-03-28 20:22:46,288 - steps.encdec - INFO - Epoch 39/500
2026-03-28 20:23:55,975 - steps.encdec - INFO - No improve (7/50)
2026-03-28 20:23:56,006 - steps.encdec - INFO - Epoch 40/500
2026-03-28 20:25:05,739 - steps.encdec - INFO - No improve (8/50)
2026-03-28 20:25:05,799 - steps.encdec - INFO - Saved periodic checkpoint -> ./cache_encdec/checkpoints/cvae_epoch_040.pkl
2026-03-28 20:25:05,799 - steps.encdec - INFO - Epoch 41/500
2026-03-28 20:26:15,234 - steps.encdec - INFO - No improve (9/50)
2026-03-28 20:26:15,265 - steps.encdec - INFO - Epoch 42/500
2026-03-28 20:27:25,067 - steps.encdec - INFO - No improve (10/50)
2026-03-28 20:27:25,098 - steps.encdec - INFO - Epoch 43/500
2026-03-28 20:28:35,240 - steps.encdec - INFO - No improve (11/50)
2026-03-28 20:28:35,271 - steps.encdec - INFO - Epoch 44/500
2026-03-28 20:29:45,497 - steps.encdec - INFO - No improve (12/50)
2026-03-28 20:29:45,528 - steps.encdec - INFO - Epoch 45/500
2026-03-28 20:30:55,510 - steps.encdec - INFO - No improve (13/50)
2026-03-28 20:30:55,569 - steps.encdec - INFO - Saved periodic checkpoint -> ./cache_encdec/checkpoints/cvae_epoch_045.pkl
2026-03-28 20:30:55,569 - steps.encdec - INFO - Epoch 46/500
2026-03-28 20:32:05,550 - steps.encdec - INFO - No improve (14/50)
2026-03-28 20:32:05,581 - steps.encdec - INFO - Epoch 47/500
2026-03-28 20:33:15,598 - steps.encdec - INFO - No improve (15/50)
2026-03-28 20:33:15,629 - steps.encdec - INFO - Epoch 48/500
2026-03-28 20:34:25,430 - steps.encdec - INFO - No improve (16/50)
2026-03-28 20:34:25,461 - steps.encdec - INFO - Epoch 49/500
2026-03-28 20:35:35,255 - steps.encdec - INFO - No improve (17/50)
2026-03-28 20:35:35,285 - steps.encdec - INFO - Epoch 50/500
2026-03-28 20:36:45,158 - steps.encdec - INFO - No improve (18/50)
2026-03-28 20:36:45,218 - steps.encdec - INFO - Saved periodic checkpoint -> ./cache_encdec/checkpoints/cvae_epoch_050.pkl
2026-03-28 20:36:45,218 - steps.encdec - INFO - Epoch 51/500
2026-03-29 12:59:11,587 - steps.encdec - INFO - Step: encdec | training CausalVAE
2026-03-29 12:59:11,588 - steps.encdec - INFO - Device: cuda | distributed=False | world_size=1
2026-03-29 13:01:14,526 - steps.encdec - INFO - Dims | input_dim=29 seq_len=60 num_total_features=29
2026-03-29 13:01:14,527 - steps.encdec - INFO - Found pre-generated A_target at ./cache_encdec/A_target.npy | shape=(29, 29) | expected=(29, 29)
2026-03-29 13:01:25,367 - steps.encdec - INFO - Start from scratch | resume=False | ckpt_exists=True
2026-03-29 13:01:25,367 - steps.encdec - INFO - Epoch 1/500
2026-03-29 13:02:40,969 - steps.encdec - INFO - Skip best selection before epoch 25
2026-03-29 13:02:41,014 - steps.encdec - INFO - Epoch 2/500
2026-03-29 13:03:54,169 - steps.encdec - INFO - Skip best selection before epoch 25
2026-03-29 13:03:54,204 - steps.encdec - INFO - Epoch 3/500
2026-03-29 13:05:06,969 - steps.encdec - INFO - Skip best selection before epoch 25
2026-03-29 13:05:07,006 - steps.encdec - INFO - Epoch 4/500
2026-03-29 13:06:19,498 - steps.encdec - INFO - Skip best selection before epoch 25
2026-03-29 13:06:19,534 - steps.encdec - INFO - Epoch 5/500
2026-03-29 13:07:32,412 - steps.encdec - INFO - Skip best selection before epoch 25
2026-03-29 13:07:32,479 - steps.encdec - INFO - Saved periodic checkpoint -> ./cache_encdec/checkpoints/cvae_epoch_005.pkl
2026-03-29 13:07:32,479 - steps.encdec - INFO - Epoch 6/500
2026-03-29 13:08:45,146 - steps.encdec - INFO - Skip best selection before epoch 25
2026-03-29 13:08:45,183 - steps.encdec - INFO - Epoch 7/500
2026-03-29 13:09:57,970 - steps.encdec - INFO - Skip best selection before epoch 25
2026-03-29 13:09:58,006 - steps.encdec - INFO - Epoch 8/500
2026-03-29 13:11:10,240 - steps.encdec - INFO - Skip best selection before epoch 25
2026-03-29 13:11:10,277 - steps.encdec - INFO - Epoch 9/500
2026-03-29 13:12:23,014 - steps.encdec - INFO - Skip best selection before epoch 25
2026-03-29 13:12:23,051 - steps.encdec - INFO - Epoch 10/500
2026-03-29 13:13:36,037 - steps.encdec - INFO - Skip best selection before epoch 25
2026-03-29 13:13:36,103 - steps.encdec - INFO - Saved periodic checkpoint -> ./cache_encdec/checkpoints/cvae_epoch_010.pkl
2026-03-29 13:13:36,103 - steps.encdec - INFO - Epoch 11/500
2026-03-29 13:14:49,054 - steps.encdec - INFO - Skip best selection before epoch 25
2026-03-29 13:14:49,089 - steps.encdec - INFO - Epoch 12/500
2026-03-29 13:16:02,189 - steps.encdec - INFO - Skip best selection before epoch 25
2026-03-29 13:16:02,225 - steps.encdec - INFO - Epoch 13/500
2026-03-29 13:17:15,106 - steps.encdec - INFO - Skip best selection before epoch 25
2026-03-29 13:17:15,143 - steps.encdec - INFO - Epoch 14/500
2026-03-29 13:18:27,956 - steps.encdec - INFO - Skip best selection before epoch 25
2026-03-29 13:18:27,993 - steps.encdec - INFO - Epoch 15/500
2026-03-29 13:19:40,746 - steps.encdec - INFO - Skip best selection before epoch 25
2026-03-29 13:19:40,813 - steps.encdec - INFO - Saved periodic checkpoint -> ./cache_encdec/checkpoints/cvae_epoch_015.pkl
2026-03-29 13:19:40,813 - steps.encdec - INFO - Epoch 16/500
2026-03-29 13:20:53,322 - steps.encdec - INFO - Skip best selection before epoch 25
2026-03-29 13:20:53,359 - steps.encdec - INFO - Epoch 17/500
2026-03-29 13:22:06,322 - steps.encdec - INFO - Skip best selection before epoch 25
2026-03-29 13:22:06,359 - steps.encdec - INFO - Epoch 18/500
2026-03-29 13:23:19,300 - steps.encdec - INFO - Skip best selection before epoch 25
2026-03-29 13:23:19,336 - steps.encdec - INFO - Epoch 19/500
2026-03-29 13:24:31,878 - steps.encdec - INFO - Skip best selection before epoch 25
2026-03-29 13:24:31,915 - steps.encdec - INFO - Epoch 20/500
2026-03-29 13:25:44,600 - steps.encdec - INFO - Skip best selection before epoch 25
2026-03-29 13:25:44,667 - steps.encdec - INFO - Saved periodic checkpoint -> ./cache_encdec/checkpoints/cvae_epoch_020.pkl
2026-03-29 13:25:44,667 - steps.encdec - INFO - Epoch 21/500
2026-03-29 19:02:15,591 - steps.encdec - INFO - Step: encdec | training CausalVAE
2026-03-29 19:02:15,592 - steps.encdec - INFO - Device: cuda | distributed=False | world_size=1
2026-03-29 19:07:01,738 - steps.encdec - INFO - Dims | input_dim=29 seq_len=60 num_total_features=29
2026-03-29 19:07:01,769 - steps.encdec - INFO - Found pre-generated A_target at ./cache_encdec/A_target.npy | shape=(29, 29) | expected=(29, 29)
2026-03-29 19:07:14,088 - steps.encdec - INFO - Start from scratch | resume=False | ckpt_exists=True
2026-03-29 19:07:14,089 - steps.encdec - INFO - Epoch 1/500
2026-03-29 19:08:33,387 - steps.encdec - INFO - Skip best selection before epoch 25
2026-03-29 19:08:33,515 - steps.encdec - INFO - Epoch 2/500
2026-03-29 19:09:46,492 - steps.encdec - INFO - Skip best selection before epoch 25
2026-03-29 19:09:46,529 - steps.encdec - INFO - Epoch 3/500
2026-03-29 19:10:59,360 - steps.encdec - INFO - Skip best selection before epoch 25
2026-03-29 19:10:59,396 - steps.encdec - INFO - Epoch 4/500
2026-03-29 19:12:12,151 - steps.encdec - INFO - Skip best selection before epoch 25
2026-03-29 19:12:12,188 - steps.encdec - INFO - Epoch 5/500
2026-03-29 19:13:24,582 - steps.encdec - INFO - Skip best selection before epoch 25
2026-03-29 19:13:24,648 - steps.encdec - INFO - Saved periodic checkpoint -> ./cache_encdec/checkpoints/cvae_epoch_005.pkl
2026-03-29 19:13:24,649 - steps.encdec - INFO - Epoch 6/500
2026-03-29 19:14:37,582 - steps.encdec - INFO - Skip best selection before epoch 25
2026-03-29 19:14:37,620 - steps.encdec - INFO - Epoch 7/500
2026-03-29 19:15:50,349 - steps.encdec - INFO - Skip best selection before epoch 25
2026-03-29 19:15:50,385 - steps.encdec - INFO - Epoch 8/500
2026-03-29 19:17:02,990 - steps.encdec - INFO - Skip best selection before epoch 25
2026-03-29 19:17:03,026 - steps.encdec - INFO - Epoch 9/500
2026-03-29 19:18:16,044 - steps.encdec - INFO - Skip best selection before epoch 25
2026-03-29 19:18:16,080 - steps.encdec - INFO - Epoch 10/500
2026-03-29 19:19:28,911 - steps.encdec - INFO - Skip best selection before epoch 25
2026-03-29 19:19:28,978 - steps.encdec - INFO - Saved periodic checkpoint -> ./cache_encdec/checkpoints/cvae_epoch_010.pkl
2026-03-29 19:19:28,979 - steps.encdec - INFO - Epoch 11/500
2026-03-29 19:20:41,761 - steps.encdec - INFO - Skip best selection before epoch 25
2026-03-29 19:20:41,797 - steps.encdec - INFO - Epoch 12/500
2026-03-29 19:21:54,372 - steps.encdec - INFO - Skip best selection before epoch 25
2026-03-29 19:21:54,408 - steps.encdec - INFO - Epoch 13/500
2026-03-29 19:23:07,375 - steps.encdec - INFO - Skip best selection before epoch 25
2026-03-29 19:23:07,410 - steps.encdec - INFO - Epoch 14/500
2026-03-29 19:24:19,905 - steps.encdec - INFO - Skip best selection before epoch 25
2026-03-29 19:24:19,941 - steps.encdec - INFO - Epoch 15/500
2026-03-29 19:25:32,652 - steps.encdec - INFO - Skip best selection before epoch 25
2026-03-29 19:25:32,718 - steps.encdec - INFO - Saved periodic checkpoint -> ./cache_encdec/checkpoints/cvae_epoch_015.pkl
2026-03-29 19:25:32,718 - steps.encdec - INFO - Epoch 16/500
2026-03-29 19:26:45,464 - steps.encdec - INFO - Skip best selection before epoch 25
2026-03-29 19:26:45,500 - steps.encdec - INFO - Epoch 17/500
2026-03-29 19:27:58,089 - steps.encdec - INFO - Skip best selection before epoch 25
2026-03-29 19:27:58,126 - steps.encdec - INFO - Epoch 18/500
2026-03-29 19:29:11,044 - steps.encdec - INFO - Skip best selection before epoch 25
2026-03-29 19:29:11,081 - steps.encdec - INFO - Epoch 19/500
2026-03-29 19:30:23,753 - steps.encdec - INFO - Skip best selection before epoch 25
2026-03-29 19:30:23,787 - steps.encdec - INFO - Epoch 20/500
2026-03-29 19:31:36,469 - steps.encdec - INFO - Skip best selection before epoch 25
2026-03-29 19:31:36,535 - steps.encdec - INFO - Saved periodic checkpoint -> ./cache_encdec/checkpoints/cvae_epoch_020.pkl
2026-03-29 19:31:36,535 - steps.encdec - INFO - Epoch 21/500
2026-03-29 20:02:49,099 - steps.encdec - INFO - Step: encdec | training CausalVAE
2026-03-29 20:02:49,101 - steps.encdec - INFO - Device: cuda | distributed=False | world_size=1
2026-03-29 20:05:02,369 - steps.encdec - INFO - Dims | input_dim=29 seq_len=60 num_total_features=29
2026-03-29 20:05:02,369 - steps.encdec - INFO - Found pre-generated A_target at ./cache_encdec/A_target.npy | shape=(29, 29) | expected=(29, 29)
2026-03-29 20:05:13,348 - steps.encdec - INFO - Start from scratch | resume=False | ckpt_exists=True
2026-03-29 20:05:13,348 - steps.encdec - INFO - Epoch 1/500
2026-03-29 20:06:33,809 - steps.encdec - INFO - Skip best selection before epoch 25
2026-03-29 20:06:33,854 - steps.encdec - INFO - Epoch 2/500
2026-03-29 20:07:48,538 - steps.encdec - INFO - Skip best selection before epoch 25
2026-03-29 20:07:48,575 - steps.encdec - INFO - Epoch 3/500
2026-03-29 20:09:03,114 - steps.encdec - INFO - Skip best selection before epoch 25
2026-03-29 20:09:03,151 - steps.encdec - INFO - Epoch 4/500
2026-03-29 20:10:17,991 - steps.encdec - INFO - Skip best selection before epoch 25
2026-03-29 20:10:18,028 - steps.encdec - INFO - Epoch 5/500
2026-03-29 20:11:32,754 - steps.encdec - INFO - Skip best selection before epoch 25
2026-03-29 20:11:32,821 - steps.encdec - INFO - Saved periodic checkpoint -> ./cache_encdec/checkpoints/cvae_epoch_005.pkl
2026-03-29 20:11:32,821 - steps.encdec - INFO - Epoch 6/500
2026-03-29 20:12:47,496 - steps.encdec - INFO - Skip best selection before epoch 25
2026-03-29 20:12:47,533 - steps.encdec - INFO - Epoch 7/500
2026-03-29 20:14:02,420 - steps.encdec - INFO - Skip best selection before epoch 25
2026-03-29 20:14:02,456 - steps.encdec - INFO - Epoch 8/500
2026-03-29 20:15:17,438 - steps.encdec - INFO - Skip best selection before epoch 25
2026-03-29 20:15:17,476 - steps.encdec - INFO - Epoch 9/500
2026-03-29 20:16:32,459 - steps.encdec - INFO - Skip best selection before epoch 25
2026-03-29 20:16:32,496 - steps.encdec - INFO - Epoch 10/500
2026-03-29 20:17:47,370 - steps.encdec - INFO - Skip best selection before epoch 25
2026-03-29 20:17:47,438 - steps.encdec - INFO - Saved periodic checkpoint -> ./cache_encdec/checkpoints/cvae_epoch_010.pkl
2026-03-29 20:17:47,438 - steps.encdec - INFO - Epoch 11/500
2026-03-29 20:19:02,445 - steps.encdec - INFO - Skip best selection before epoch 25
2026-03-29 20:19:02,482 - steps.encdec - INFO - Epoch 12/500
2026-03-29 20:20:17,409 - steps.encdec - INFO - Skip best selection before epoch 25
2026-03-29 20:20:17,446 - steps.encdec - INFO - Epoch 13/500
2026-03-29 20:21:32,421 - steps.encdec - INFO - Skip best selection before epoch 25
2026-03-29 20:21:32,458 - steps.encdec - INFO - Epoch 14/500
2026-03-29 20:22:47,251 - steps.encdec - INFO - Skip best selection before epoch 25
2026-03-29 20:22:47,288 - steps.encdec - INFO - Epoch 15/500
2026-03-29 20:24:01,964 - steps.encdec - INFO - Skip best selection before epoch 25
2026-03-29 20:24:02,032 - steps.encdec - INFO - Saved periodic checkpoint -> ./cache_encdec/checkpoints/cvae_epoch_015.pkl
2026-03-29 20:24:02,032 - steps.encdec - INFO - Epoch 16/500
2026-03-29 20:25:17,103 - steps.encdec - INFO - Skip best selection before epoch 25
2026-03-29 20:25:17,140 - steps.encdec - INFO - Epoch 17/500
2026-03-29 20:26:31,821 - steps.encdec - INFO - Skip best selection before epoch 25
2026-03-29 20:26:31,857 - steps.encdec - INFO - Epoch 18/500
2026-03-29 20:27:47,040 - steps.encdec - INFO - Skip best selection before epoch 25
2026-03-29 20:27:47,077 - steps.encdec - INFO - Epoch 19/500
2026-03-29 20:29:02,523 - steps.encdec - INFO - Skip best selection before epoch 25
2026-03-29 20:29:02,560 - steps.encdec - INFO - Epoch 20/500
2026-03-29 20:30:17,559 - steps.encdec - INFO - Skip best selection before epoch 25
2026-03-29 20:30:17,626 - steps.encdec - INFO - Saved periodic checkpoint -> ./cache_encdec/checkpoints/cvae_epoch_020.pkl
2026-03-29 20:30:17,626 - steps.encdec - INFO - Epoch 21/500
2026-03-29 20:31:32,235 - steps.encdec - INFO - Skip best selection before epoch 25
2026-03-29 20:31:32,271 - steps.encdec - INFO - Epoch 22/500
2026-03-29 20:32:46,759 - steps.encdec - INFO - Skip best selection before epoch 25
2026-03-29 20:32:46,796 - steps.encdec - INFO - Epoch 23/500
2026-03-29 20:34:02,037 - steps.encdec - INFO - Skip best selection before epoch 25
2026-03-29 20:34:02,073 - steps.encdec - INFO - Epoch 24/500
2026-03-29 20:35:17,106 - steps.encdec - INFO - Skip best selection before epoch 25
2026-03-29 20:35:17,143 - steps.encdec - INFO - Epoch 25/500
2026-03-29 20:36:32,459 - steps.encdec - INFO - New best val_score=0.019305 | saved ckpt -> cvae_model.pkl
2026-03-29 20:36:32,519 - steps.encdec - INFO - Saved periodic checkpoint -> ./cache_encdec/checkpoints/cvae_epoch_025.pkl
2026-03-29 20:36:32,519 - steps.encdec - INFO - Epoch 26/500
2026-03-29 20:37:47,341 - steps.encdec - INFO - No improve (1/50)
2026-03-29 20:37:47,377 - steps.encdec - INFO - Epoch 27/500
2026-03-29 20:39:02,080 - steps.encdec - INFO - No improve (2/50)
2026-03-29 20:39:02,117 - steps.encdec - INFO - Epoch 28/500
2026-03-29 20:40:17,044 - steps.encdec - INFO - No improve (3/50)
2026-03-29 20:40:17,081 - steps.encdec - INFO - Epoch 29/500
2026-03-29 20:41:31,815 - steps.encdec - INFO - No improve (4/50)
2026-03-29 20:41:31,852 - steps.encdec - INFO - Epoch 30/500
2026-03-29 20:42:46,849 - steps.encdec - INFO - No improve (5/50)
2026-03-29 20:42:46,916 - steps.encdec - INFO - Saved periodic checkpoint -> ./cache_encdec/checkpoints/cvae_epoch_030.pkl
2026-03-29 20:42:46,916 - steps.encdec - INFO - Epoch 31/500
2026-03-29 20:44:01,614 - steps.encdec - INFO - No improve (6/50)
2026-03-29 20:44:01,651 - steps.encdec - INFO - Epoch 32/500
2026-03-29 20:45:16,418 - steps.encdec - INFO - No improve (7/50)
2026-03-29 20:45:16,455 - steps.encdec - INFO - Epoch 33/500
2026-03-29 20:46:31,032 - steps.encdec - INFO - No improve (8/50)
2026-03-29 20:46:31,069 - steps.encdec - INFO - Epoch 34/500
2026-03-29 20:47:46,035 - steps.encdec - INFO - No improve (9/50)
2026-03-29 20:47:46,072 - steps.encdec - INFO - Epoch 35/500
2026-03-29 20:49:01,125 - steps.encdec - INFO - No improve (10/50)
2026-03-29 20:49:01,192 - steps.encdec - INFO - Saved periodic checkpoint -> ./cache_encdec/checkpoints/cvae_epoch_035.pkl
2026-03-29 20:49:01,192 - steps.encdec - INFO - Epoch 36/500
2026-03-29 20:50:15,971 - steps.encdec - INFO - No improve (11/50)
2026-03-29 20:50:16,008 - steps.encdec - INFO - Epoch 37/500
2026-03-29 20:51:31,258 - steps.encdec - INFO - No improve (12/50)
2026-03-29 20:51:31,312 - steps.encdec - INFO - Epoch 38/500
2026-03-29 20:52:46,379 - steps.encdec - INFO - No improve (13/50)
2026-03-29 20:52:46,416 - steps.encdec - INFO - Epoch 39/500
2026-03-29 20:54:01,350 - steps.encdec - INFO - No improve (14/50)
2026-03-29 20:54:01,387 - steps.encdec - INFO - Epoch 40/500
2026-03-29 20:55:16,403 - steps.encdec - INFO - No improve (15/50)
2026-03-29 20:55:16,471 - steps.encdec - INFO - Saved periodic checkpoint -> ./cache_encdec/checkpoints/cvae_epoch_040.pkl
2026-03-29 20:55:16,471 - steps.encdec - INFO - Epoch 41/500
2026-03-29 20:56:31,322 - steps.encdec - INFO - No improve (16/50)
2026-03-29 20:56:31,359 - steps.encdec - INFO - Epoch 42/500
2026-03-29 20:57:46,294 - steps.encdec - INFO - No improve (17/50)
2026-03-29 20:57:46,331 - steps.encdec - INFO - Epoch 43/500
2026-03-29 20:59:01,076 - steps.encdec - INFO - No improve (18/50)
2026-03-29 20:59:01,113 - steps.encdec - INFO - Epoch 44/500
2026-03-29 21:00:16,273 - steps.encdec - INFO - No improve (19/50)
2026-03-29 21:00:16,310 - steps.encdec - INFO - Epoch 45/500
2026-03-29 21:01:31,172 - steps.encdec - INFO - No improve (20/50)
2026-03-29 21:01:31,239 - steps.encdec - INFO - Saved periodic checkpoint -> ./cache_encdec/checkpoints/cvae_epoch_045.pkl
2026-03-29 21:01:31,239 - steps.encdec - INFO - Epoch 46/500
2026-03-29 21:02:45,980 - steps.encdec - INFO - No improve (21/50)
2026-03-29 21:02:46,017 - steps.encdec - INFO - Epoch 47/500
2026-03-29 21:04:00,866 - steps.encdec - INFO - No improve (22/50)
2026-03-29 21:04:00,904 - steps.encdec - INFO - Epoch 48/500
2026-03-29 21:05:16,300 - steps.encdec - INFO - No improve (23/50)
2026-03-29 21:05:16,337 - steps.encdec - INFO - Epoch 49/500
2026-03-29 21:06:31,507 - steps.encdec - INFO - No improve (24/50)
2026-03-29 21:06:31,544 - steps.encdec - INFO - Epoch 50/500
2026-03-29 21:07:46,684 - steps.encdec - INFO - No improve (25/50)
2026-03-29 21:07:46,751 - steps.encdec - INFO - Saved periodic checkpoint -> ./cache_encdec/checkpoints/cvae_epoch_050.pkl
2026-03-29 21:07:46,751 - steps.encdec - INFO - Epoch 51/500
2026-03-29 21:09:02,124 - steps.encdec - INFO - No improve (26/50)
2026-03-29 21:09:02,161 - steps.encdec - INFO - Epoch 52/500
2026-03-29 21:10:17,159 - steps.encdec - INFO - No improve (27/50)
2026-03-29 21:10:17,195 - steps.encdec - INFO - Epoch 53/500
2026-03-29 21:11:31,728 - steps.encdec - INFO - No improve (28/50)
2026-03-29 21:11:31,765 - steps.encdec - INFO - Epoch 54/500
2026-03-29 21:12:46,693 - steps.encdec - INFO - No improve (29/50)
2026-03-29 21:12:46,730 - steps.encdec - INFO - Epoch 55/500
2026-03-29 21:14:01,838 - steps.encdec - INFO - No improve (30/50)
2026-03-29 21:14:01,907 - steps.encdec - INFO - Saved periodic checkpoint -> ./cache_encdec/checkpoints/cvae_epoch_055.pkl
2026-03-29 21:14:01,907 - steps.encdec - INFO - Epoch 56/500
2026-03-29 21:15:17,409 - steps.encdec - INFO - No improve (31/50)
2026-03-29 21:15:17,447 - steps.encdec - INFO - Epoch 57/500
2026-03-29 21:16:32,393 - steps.encdec - INFO - No improve (32/50)
2026-03-29 21:16:32,430 - steps.encdec - INFO - Epoch 58/500
2026-03-29 21:17:47,246 - steps.encdec - INFO - No improve (33/50)
2026-03-29 21:17:47,283 - steps.encdec - INFO - Epoch 59/500
2026-03-29 21:19:02,057 - steps.encdec - INFO - No improve (34/50)
2026-03-29 21:19:02,095 - steps.encdec - INFO - Epoch 60/500
2026-03-29 21:20:17,291 - steps.encdec - INFO - No improve (35/50)
2026-03-29 21:20:17,359 - steps.encdec - INFO - Saved periodic checkpoint -> ./cache_encdec/checkpoints/cvae_epoch_060.pkl
2026-03-29 21:20:17,359 - steps.encdec - INFO - Epoch 61/500
2026-03-29 21:21:32,261 - steps.encdec - INFO - No improve (36/50)
2026-03-29 21:21:32,299 - steps.encdec - INFO - Epoch 62/500
2026-03-29 21:22:47,651 - steps.encdec - INFO - No improve (37/50)
2026-03-29 21:22:47,689 - steps.encdec - INFO - Epoch 63/500
2026-03-29 21:24:03,302 - steps.encdec - INFO - No improve (38/50)
2026-03-29 21:24:03,341 - steps.encdec - INFO - Epoch 64/500
2026-03-29 21:25:18,650 - steps.encdec - INFO - No improve (39/50)
2026-03-29 21:25:18,689 - steps.encdec - INFO - Epoch 65/500
2026-03-29 21:26:34,057 - steps.encdec - INFO - No improve (40/50)
2026-03-29 21:26:34,127 - steps.encdec - INFO - Saved periodic checkpoint -> ./cache_encdec/checkpoints/cvae_epoch_065.pkl
2026-03-29 21:26:34,127 - steps.encdec - INFO - Epoch 66/500
2026-03-29 21:27:47,793 - steps.encdec - INFO - No improve (41/50)
2026-03-29 21:27:47,848 - steps.encdec - INFO - Epoch 67/500
2026-03-29 21:29:01,376 - steps.encdec - INFO - No improve (42/50)
2026-03-29 21:29:01,414 - steps.encdec - INFO - Epoch 68/500
2026-03-29 21:30:15,154 - steps.encdec - INFO - No improve (43/50)
2026-03-29 21:30:15,191 - steps.encdec - INFO - Epoch 69/500
2026-03-29 21:31:28,832 - steps.encdec - INFO - No improve (44/50)
2026-03-29 21:31:28,870 - steps.encdec - INFO - Epoch 70/500
2026-03-29 21:32:42,448 - steps.encdec - INFO - No improve (45/50)
2026-03-29 21:32:42,517 - steps.encdec - INFO - Saved periodic checkpoint -> ./cache_encdec/checkpoints/cvae_epoch_070.pkl
2026-03-29 21:32:42,517 - steps.encdec - INFO - Epoch 71/500
2026-03-29 21:33:56,277 - steps.encdec - INFO - No improve (46/50)
2026-03-29 21:33:56,316 - steps.encdec - INFO - Epoch 72/500
2026-03-29 21:35:09,603 - steps.encdec - INFO - No improve (47/50)
2026-03-29 21:35:09,641 - steps.encdec - INFO - Epoch 73/500
2026-03-29 21:36:22,897 - steps.encdec - INFO - No improve (48/50)
2026-03-29 21:36:22,934 - steps.encdec - INFO - Epoch 74/500
2026-03-29 21:37:35,916 - steps.encdec - INFO - No improve (49/50)
2026-03-29 21:37:35,954 - steps.encdec - INFO - Epoch 75/500
2026-03-29 21:38:48,877 - steps.encdec - INFO - No improve (50/50)
2026-03-29 21:38:48,945 - steps.encdec - INFO - Saved periodic checkpoint -> ./cache_encdec/checkpoints/cvae_epoch_075.pkl
2026-03-29 21:38:48,945 - steps.encdec - INFO - Early stopping triggered
2026-03-29 21:38:48,945 - steps.encdec - INFO - ==================================================
2026-03-29 21:38:48,945 - steps.encdec - INFO - TRAINING FINISHED
2026-03-29 21:38:48,945 - steps.encdec - INFO - Best Epoch: 25
2026-03-29 21:38:48,945 - steps.encdec - INFO - Best Validation Metrics:
2026-03-29 21:38:48,945 - steps.encdec - INFO -   - total_loss: 0.019387
2026-03-29 21:38:48,945 - steps.encdec - INFO -   - recon_loss: 0.007795
2026-03-29 21:38:48,945 - steps.encdec - INFO -   - recon_data_loss: 0.007574
2026-03-29 21:38:48,945 - steps.encdec - INFO -   - recon_mask_loss: 0.000221
2026-03-29 21:38:48,945 - steps.encdec - INFO -   - kld_loss: 12.469260
2026-03-29 21:38:48,945 - steps.encdec - INFO -   - kld_free: 12.663549
2026-03-29 21:38:48,945 - steps.encdec - INFO -   - struct_loss: 3.10511202e-04
2026-03-29 21:38:48,945 - steps.encdec - INFO -   - dag_loss: 0.00000000e+00
2026-03-29 21:38:48,945 - steps.encdec - INFO -   - causal_loss: 3.10511202e-04
2026-03-29 21:38:48,945 - steps.encdec - INFO -   - current_beta: 0.000425
2026-03-29 21:38:48,945 - steps.encdec - INFO - Best Validation Score (recon + gamma*causal + beta*kld): 0.019305
2026-03-29 21:38:48,946 - steps.encdec - INFO - ==================================================
2026-03-29 21:38:50,542 - steps.encdec - INFO - Saved loss curves -> cvae_loss_curves.png
2026-03-29 21:39:10,899 - steps.encdec - INFO - Saved encoded data (shape=(540000, 24)) -> cvae_encoded_data.pkl
2026-03-30 16:11:17,107 - steps.encdec - INFO - Step: encdec | training CausalVAE
2026-03-30 16:11:17,107 - steps.encdec - INFO - Step: encdec | training CausalVAE
2026-03-30 16:11:17,108 - steps.encdec - INFO - Device: cuda | distributed=False | world_size=1
2026-03-30 16:11:17,108 - steps.encdec - INFO - Device: cuda | distributed=False | world_size=1
2026-03-30 16:13:41,868 - steps.encdec - INFO - Dims | input_dim=29 seq_len=60 num_total_features=29
2026-03-30 16:13:41,869 - steps.encdec - INFO - Found pre-generated A_target at ./cache_encdec/A_target.npy | shape=(29, 29) | expected=(29, 29)
2026-03-30 16:13:41,904 - steps.encdec - INFO - Dims | input_dim=29 seq_len=60 num_total_features=29
2026-03-30 16:13:41,904 - steps.encdec - INFO - Found pre-generated A_target at ./cache_encdec/A_target.npy | shape=(29, 29) | expected=(29, 29)
2026-03-30 16:13:54,546 - steps.encdec - INFO - Start from scratch | resume=False | ckpt_exists=True
2026-03-30 16:13:54,546 - steps.encdec - INFO - Start from scratch | resume=False | ckpt_exists=True
2026-03-30 16:13:54,547 - steps.encdec - INFO - Epoch 1/300
2026-03-30 16:13:54,547 - steps.encdec - INFO - Epoch 1/300
2026-03-30 16:15:31,687 - steps.encdec - INFO - Skip best selection before epoch 15
2026-03-30 16:15:31,716 - steps.encdec - INFO - Epoch 2/300
2026-03-30 16:15:31,742 - steps.encdec - INFO - Skip best selection before epoch 15
2026-03-30 16:15:31,769 - steps.encdec - INFO - Epoch 2/300
2026-03-30 16:17:04,966 - steps.encdec - INFO - Skip best selection before epoch 15
2026-03-30 16:17:04,988 - steps.encdec - INFO - Epoch 3/300
2026-03-30 16:17:05,039 - steps.encdec - INFO - Skip best selection before epoch 15
2026-03-30 16:17:05,064 - steps.encdec - INFO - Epoch 3/300
2026-03-30 16:18:37,587 - steps.encdec - INFO - Skip best selection before epoch 15
2026-03-30 16:18:37,610 - steps.encdec - INFO - Epoch 4/300
2026-03-30 16:18:37,678 - steps.encdec - INFO - Skip best selection before epoch 15
2026-03-30 16:18:37,701 - steps.encdec - INFO - Epoch 4/300
2026-03-30 16:20:10,572 - steps.encdec - INFO - Skip best selection before epoch 15
2026-03-30 16:20:10,595 - steps.encdec - INFO - Epoch 5/300
2026-03-30 16:20:10,683 - steps.encdec - INFO - Skip best selection before epoch 15
2026-03-30 16:20:10,707 - steps.encdec - INFO - Epoch 5/300
2026-03-30 16:21:45,250 - steps.encdec - INFO - Skip best selection before epoch 15
2026-03-30 16:21:45,293 - steps.encdec - INFO - Saved periodic checkpoint -> ./cache_encdec/checkpoints/cvae_epoch_005.pkl
2026-03-30 16:21:45,293 - steps.encdec - INFO - Epoch 6/300
2026-03-30 16:21:45,362 - steps.encdec - INFO - Skip best selection before epoch 15
2026-03-30 16:21:45,405 - steps.encdec - INFO - Saved periodic checkpoint -> ./cache_encdec/checkpoints/cvae_epoch_005.pkl
2026-03-30 16:21:45,406 - steps.encdec - INFO - Epoch 6/300
2026-03-30 16:23:20,259 - steps.encdec - INFO - Skip best selection before epoch 15
2026-03-30 16:23:20,282 - steps.encdec - INFO - Epoch 7/300
2026-03-30 16:23:20,399 - steps.encdec - INFO - Skip best selection before epoch 15
2026-03-30 16:23:20,422 - steps.encdec - INFO - Epoch 7/300
2026-03-30 16:24:56,717 - steps.encdec - INFO - Skip best selection before epoch 15
2026-03-30 16:24:56,740 - steps.encdec - INFO - Epoch 8/300
2026-03-30 16:24:56,864 - steps.encdec - INFO - Skip best selection before epoch 15
2026-03-30 16:24:56,886 - steps.encdec - INFO - Epoch 8/300
2026-03-30 16:26:31,964 - steps.encdec - INFO - Skip best selection before epoch 15
2026-03-30 16:26:31,987 - steps.encdec - INFO - Epoch 9/300
2026-03-30 16:26:32,146 - steps.encdec - INFO - Skip best selection before epoch 15
2026-03-30 16:26:32,169 - steps.encdec - INFO - Epoch 9/300
2026-03-30 16:28:06,952 - steps.encdec - INFO - Skip best selection before epoch 15
2026-03-30 16:28:06,974 - steps.encdec - INFO - Epoch 10/300
2026-03-30 16:28:07,158 - steps.encdec - INFO - Skip best selection before epoch 15
2026-03-30 16:28:07,181 - steps.encdec - INFO - Epoch 10/300
2026-03-30 16:29:41,235 - steps.encdec - INFO - Skip best selection before epoch 15
2026-03-30 16:29:41,285 - steps.encdec - INFO - Saved periodic checkpoint -> ./cache_encdec/checkpoints/cvae_epoch_010.pkl
2026-03-30 16:29:41,285 - steps.encdec - INFO - Epoch 11/300
2026-03-30 16:29:41,432 - steps.encdec - INFO - Skip best selection before epoch 15
2026-03-30 16:29:41,476 - steps.encdec - INFO - Saved periodic checkpoint -> ./cache_encdec/checkpoints/cvae_epoch_010.pkl
2026-03-30 16:29:41,476 - steps.encdec - INFO - Epoch 11/300
2026-03-30 16:31:15,478 - steps.encdec - INFO - Skip best selection before epoch 15
2026-03-30 16:31:15,501 - steps.encdec - INFO - Epoch 12/300
2026-03-30 16:31:15,674 - steps.encdec - INFO - Skip best selection before epoch 15
2026-03-30 16:31:15,697 - steps.encdec - INFO - Epoch 12/300
2026-03-30 16:32:52,813 - steps.encdec - INFO - Skip best selection before epoch 15
2026-03-30 16:32:52,836 - steps.encdec - INFO - Epoch 13/300
2026-03-30 16:32:53,015 - steps.encdec - INFO - Skip best selection before epoch 15
2026-03-30 16:32:53,038 - steps.encdec - INFO - Epoch 13/300
2026-03-30 16:34:29,906 - steps.encdec - INFO - Skip best selection before epoch 15
2026-03-30 16:34:29,929 - steps.encdec - INFO - Epoch 14/300
2026-03-30 16:34:30,119 - steps.encdec - INFO - Skip best selection before epoch 15
2026-03-30 16:34:30,142 - steps.encdec - INFO - Epoch 14/300
2026-03-30 16:36:05,813 - steps.encdec - INFO - Skip best selection before epoch 15
2026-03-30 16:36:05,836 - steps.encdec - INFO - Epoch 15/300
2026-03-30 16:36:06,036 - steps.encdec - INFO - Skip best selection before epoch 15
2026-03-30 16:36:06,059 - steps.encdec - INFO - Epoch 15/300
2026-03-30 16:37:40,046 - steps.encdec - INFO - New best val_score=0.016637 | saved ckpt -> cvae_model.pkl
2026-03-30 16:37:40,086 - steps.encdec - INFO - Saved periodic checkpoint -> ./cache_encdec/checkpoints/cvae_epoch_015.pkl
2026-03-30 16:37:40,087 - steps.encdec - INFO - Epoch 16/300
2026-03-30 16:37:40,262 - steps.encdec - INFO - New best val_score=0.022345 | saved ckpt -> cvae_model.pkl
2026-03-30 16:37:40,303 - steps.encdec - INFO - Saved periodic checkpoint -> ./cache_encdec/checkpoints/cvae_epoch_015.pkl
2026-03-30 16:37:40,303 - steps.encdec - INFO - Epoch 16/300
2026-03-30 16:39:14,314 - steps.encdec - INFO - No improve (1/40)
2026-03-30 16:39:14,336 - steps.encdec - INFO - Epoch 17/300
2026-03-30 16:39:14,544 - steps.encdec - INFO - No improve (1/40)
2026-03-30 16:39:14,567 - steps.encdec - INFO - Epoch 17/300
2026-03-30 16:40:49,575 - steps.encdec - INFO - No improve (2/40)
2026-03-30 16:40:49,597 - steps.encdec - INFO - Epoch 18/300
2026-03-30 16:40:49,845 - steps.encdec - INFO - New best val_score=0.021613 | saved ckpt -> cvae_model.pkl
2026-03-30 16:40:49,866 - steps.encdec - INFO - Epoch 18/300
2026-03-30 16:42:24,997 - steps.encdec - INFO - No improve (3/40)
2026-03-30 16:42:25,019 - steps.encdec - INFO - Epoch 19/300
2026-03-30 16:42:25,318 - steps.encdec - INFO - New best val_score=0.021088 | saved ckpt -> cvae_model.pkl
2026-03-30 16:42:25,338 - steps.encdec - INFO - Epoch 19/300
2026-03-30 16:43:59,224 - steps.encdec - INFO - No improve (4/40)
2026-03-30 16:43:59,247 - steps.encdec - INFO - Epoch 20/300
2026-03-30 16:43:59,541 - steps.encdec - INFO - No improve (1/40)
2026-03-30 16:43:59,564 - steps.encdec - INFO - Epoch 20/300
2026-03-30 16:45:33,482 - steps.encdec - INFO - New best val_score=0.016394 | saved ckpt -> cvae_model.pkl
2026-03-30 16:45:33,522 - steps.encdec - INFO - Saved periodic checkpoint -> ./cache_encdec/checkpoints/cvae_epoch_020.pkl
2026-03-30 16:45:33,522 - steps.encdec - INFO - Epoch 21/300
2026-03-30 16:45:33,782 - steps.encdec - INFO - New best val_score=0.021062 | saved ckpt -> cvae_model.pkl
2026-03-30 16:45:33,822 - steps.encdec - INFO - Saved periodic checkpoint -> ./cache_encdec/checkpoints/cvae_epoch_020.pkl
2026-03-30 16:45:33,822 - steps.encdec - INFO - Epoch 21/300
2026-03-30 16:47:08,303 - steps.encdec - INFO - New best val_score=0.016151 | saved ckpt -> cvae_model.pkl
2026-03-30 16:47:08,324 - steps.encdec - INFO - Epoch 22/300
2026-03-30 16:47:08,604 - steps.encdec - INFO - New best val_score=0.021009 | saved ckpt -> cvae_model.pkl
2026-03-30 16:47:08,625 - steps.encdec - INFO - Epoch 22/300
2026-03-30 16:48:42,982 - steps.encdec - INFO - No improve (1/40)
2026-03-30 16:48:43,005 - steps.encdec - INFO - Epoch 23/300
2026-03-30 16:48:43,284 - steps.encdec - INFO - No improve (1/40)
2026-03-30 16:48:43,307 - steps.encdec - INFO - Epoch 23/300
2026-03-30 16:50:17,916 - steps.encdec - INFO - No improve (2/40)
2026-03-30 16:50:17,939 - steps.encdec - INFO - Epoch 24/300
2026-03-30 16:50:18,241 - steps.encdec - INFO - No improve (2/40)
2026-03-30 16:50:18,264 - steps.encdec - INFO - Epoch 24/300
2026-03-30 16:51:53,563 - steps.encdec - INFO - No improve (3/40)
2026-03-30 16:51:53,586 - steps.encdec - INFO - Epoch 25/300
2026-03-30 16:51:53,914 - steps.encdec - INFO - No improve (3/40)
2026-03-30 16:51:53,937 - steps.encdec - INFO - Epoch 25/300
2026-03-30 16:53:27,621 - steps.encdec - INFO - No improve (4/40)
2026-03-30 16:53:27,664 - steps.encdec - INFO - Saved periodic checkpoint -> ./cache_encdec/checkpoints/cvae_epoch_025.pkl
2026-03-30 16:53:27,664 - steps.encdec - INFO - Epoch 26/300
2026-03-30 16:53:27,961 - steps.encdec - INFO - No improve (4/40)
2026-03-30 16:53:28,004 - steps.encdec - INFO - Saved periodic checkpoint -> ./cache_encdec/checkpoints/cvae_epoch_025.pkl
2026-03-30 16:53:28,004 - steps.encdec - INFO - Epoch 26/300
2026-03-30 16:55:05,130 - steps.encdec - INFO - No improve (5/40)
2026-03-30 16:55:05,153 - steps.encdec - INFO - Epoch 27/300
2026-03-30 16:55:05,485 - steps.encdec - INFO - No improve (5/40)
2026-03-30 16:55:05,507 - steps.encdec - INFO - Epoch 27/300
2026-03-30 16:56:40,376 - steps.encdec - INFO - No improve (6/40)
2026-03-30 16:56:40,399 - steps.encdec - INFO - Epoch 28/300
2026-03-30 16:56:40,750 - steps.encdec - INFO - No improve (6/40)
2026-03-30 16:56:40,773 - steps.encdec - INFO - Epoch 28/300
2026-03-30 16:58:14,971 - steps.encdec - INFO - No improve (7/40)
2026-03-30 16:58:14,994 - steps.encdec - INFO - Epoch 29/300
2026-03-30 16:58:15,355 - steps.encdec - INFO - No improve (7/40)
2026-03-30 16:58:15,378 - steps.encdec - INFO - Epoch 29/300
2026-03-30 16:59:49,937 - steps.encdec - INFO - No improve (8/40)
2026-03-30 16:59:49,960 - steps.encdec - INFO - Epoch 30/300
2026-03-30 16:59:50,354 - steps.encdec - INFO - New best val_score=0.020902 | saved ckpt -> cvae_model.pkl
2026-03-30 16:59:50,375 - steps.encdec - INFO - Epoch 30/300
2026-03-30 17:01:24,961 - steps.encdec - INFO - No improve (9/40)
2026-03-30 17:01:25,004 - steps.encdec - INFO - Saved periodic checkpoint -> ./cache_encdec/checkpoints/cvae_epoch_030.pkl
2026-03-30 17:01:25,004 - steps.encdec - INFO - Epoch 31/300
2026-03-30 17:01:25,384 - steps.encdec - INFO - No improve (1/40)
2026-03-30 17:01:25,427 - steps.encdec - INFO - Saved periodic checkpoint -> ./cache_encdec/checkpoints/cvae_epoch_030.pkl
2026-03-30 17:01:25,427 - steps.encdec - INFO - Epoch 31/300
2026-03-30 17:03:00,908 - steps.encdec - INFO - No improve (10/40)
2026-03-30 17:03:00,930 - steps.encdec - INFO - Epoch 32/300
2026-03-30 17:03:01,368 - steps.encdec - INFO - No improve (2/40)
2026-03-30 17:03:01,391 - steps.encdec - INFO - Epoch 32/300
2026-03-30 17:04:35,376 - steps.encdec - INFO - No improve (11/40)
2026-03-30 17:04:35,398 - steps.encdec - INFO - Epoch 33/300
2026-03-30 17:04:35,848 - steps.encdec - INFO - No improve (3/40)
2026-03-30 17:04:35,871 - steps.encdec - INFO - Epoch 33/300
2026-03-30 17:06:09,997 - steps.encdec - INFO - No improve (12/40)
2026-03-30 17:06:10,019 - steps.encdec - INFO - Epoch 34/300
2026-03-30 17:06:10,454 - steps.encdec - INFO - No improve (4/40)
2026-03-30 17:06:10,477 - steps.encdec - INFO - Epoch 34/300
2026-03-30 17:07:45,118 - steps.encdec - INFO - No improve (13/40)
2026-03-30 17:07:45,140 - steps.encdec - INFO - Epoch 35/300
2026-03-30 17:07:45,581 - steps.encdec - INFO - No improve (5/40)
2026-03-30 17:07:45,604 - steps.encdec - INFO - Epoch 35/300
2026-03-30 17:09:19,370 - steps.encdec - INFO - No improve (14/40)
2026-03-30 17:09:19,414 - steps.encdec - INFO - Saved periodic checkpoint -> ./cache_encdec/checkpoints/cvae_epoch_035.pkl
2026-03-30 17:09:19,414 - steps.encdec - INFO - Epoch 36/300
2026-03-30 17:09:19,836 - steps.encdec - INFO - No improve (6/40)
2026-03-30 17:09:19,880 - steps.encdec - INFO - Saved periodic checkpoint -> ./cache_encdec/checkpoints/cvae_epoch_035.pkl
2026-03-30 17:09:19,880 - steps.encdec - INFO - Epoch 36/300
2026-03-30 17:10:53,770 - steps.encdec - INFO - No improve (15/40)
2026-03-30 17:10:53,793 - steps.encdec - INFO - Epoch 37/300
2026-03-30 17:10:54,283 - steps.encdec - INFO - New best val_score=0.020498 | saved ckpt -> cvae_model.pkl
2026-03-30 17:10:54,304 - steps.encdec - INFO - Epoch 37/300
2026-03-30 17:12:29,081 - steps.encdec - INFO - No improve (16/40)
2026-03-30 17:12:29,104 - steps.encdec - INFO - Epoch 38/300
2026-03-30 17:12:29,612 - steps.encdec - INFO - No improve (1/40)
2026-03-30 17:12:29,635 - steps.encdec - INFO - Epoch 38/300
2026-03-30 17:14:05,278 - steps.encdec - INFO - No improve (17/40)
2026-03-30 17:14:05,301 - steps.encdec - INFO - Epoch 39/300
2026-03-30 17:14:05,858 - steps.encdec - INFO - New best val_score=0.020416 | saved ckpt -> cvae_model.pkl
2026-03-30 17:14:05,879 - steps.encdec - INFO - Epoch 39/300
2026-03-30 17:15:40,130 - steps.encdec - INFO - No improve (18/40)
2026-03-30 17:15:40,153 - steps.encdec - INFO - Epoch 40/300
2026-03-30 17:15:40,701 - steps.encdec - INFO - No improve (1/40)
2026-03-30 17:15:40,724 - steps.encdec - INFO - Epoch 40/300
2026-03-30 17:17:16,411 - steps.encdec - INFO - No improve (19/40)
2026-03-30 17:17:16,454 - steps.encdec - INFO - Saved periodic checkpoint -> ./cache_encdec/checkpoints/cvae_epoch_040.pkl
2026-03-30 17:17:16,454 - steps.encdec - INFO - Epoch 41/300
2026-03-30 17:17:16,973 - steps.encdec - INFO - No improve (2/40)
2026-03-30 17:17:17,016 - steps.encdec - INFO - Saved periodic checkpoint -> ./cache_encdec/checkpoints/cvae_epoch_040.pkl
2026-03-30 17:17:17,017 - steps.encdec - INFO - Epoch 41/300
2026-03-30 17:18:50,419 - steps.encdec - INFO - No improve (20/40)
2026-03-30 17:18:50,442 - steps.encdec - INFO - Epoch 42/300
2026-03-30 17:18:50,985 - steps.encdec - INFO - No improve (3/40)
2026-03-30 17:18:51,008 - steps.encdec - INFO - Epoch 42/300
2026-03-30 17:20:25,538 - steps.encdec - INFO - No improve (21/40)
2026-03-30 17:20:25,560 - steps.encdec - INFO - Epoch 43/300
2026-03-30 17:20:26,122 - steps.encdec - INFO - No improve (4/40)
2026-03-30 17:20:26,145 - steps.encdec - INFO - Epoch 43/300
2026-03-30 17:22:00,613 - steps.encdec - INFO - No improve (22/40)
2026-03-30 17:22:00,636 - steps.encdec - INFO - Epoch 44/300
2026-03-30 17:22:01,216 - steps.encdec - INFO - No improve (5/40)
2026-03-30 17:22:01,239 - steps.encdec - INFO - Epoch 44/300
2026-03-30 17:23:36,053 - steps.encdec - INFO - No improve (23/40)
2026-03-30 17:23:36,076 - steps.encdec - INFO - Epoch 45/300
2026-03-30 17:23:36,696 - steps.encdec - INFO - No improve (6/40)
2026-03-30 17:23:36,719 - steps.encdec - INFO - Epoch 45/300
2026-03-30 17:25:10,842 - steps.encdec - INFO - No improve (24/40)
2026-03-30 17:25:10,885 - steps.encdec - INFO - Saved periodic checkpoint -> ./cache_encdec/checkpoints/cvae_epoch_045.pkl
2026-03-30 17:25:10,885 - steps.encdec - INFO - Epoch 46/300
2026-03-30 17:25:11,479 - steps.encdec - INFO - No improve (7/40)
2026-03-30 17:25:11,523 - steps.encdec - INFO - Saved periodic checkpoint -> ./cache_encdec/checkpoints/cvae_epoch_045.pkl
2026-03-30 17:25:11,523 - steps.encdec - INFO - Epoch 46/300
2026-03-30 17:26:45,755 - steps.encdec - INFO - No improve (25/40)
2026-03-30 17:26:45,777 - steps.encdec - INFO - Epoch 47/300
2026-03-30 17:26:46,404 - steps.encdec - INFO - No improve (8/40)
2026-03-30 17:26:46,427 - steps.encdec - INFO - Epoch 47/300
2026-03-30 17:28:20,245 - steps.encdec - INFO - No improve (26/40)
2026-03-30 17:28:20,268 - steps.encdec - INFO - Epoch 48/300
2026-03-30 17:28:20,912 - steps.encdec - INFO - No improve (9/40)
2026-03-30 17:28:20,935 - steps.encdec - INFO - Epoch 48/300
2026-03-30 17:29:56,210 - steps.encdec - INFO - No improve (27/40)
2026-03-30 17:29:56,233 - steps.encdec - INFO - Epoch 49/300
2026-03-30 17:29:56,903 - steps.encdec - INFO - No improve (10/40)
2026-03-30 17:29:56,928 - steps.encdec - INFO - Epoch 49/300
2026-03-30 17:31:31,266 - steps.encdec - INFO - No improve (28/40)
2026-03-30 17:31:31,289 - steps.encdec - INFO - Epoch 50/300
2026-03-30 17:31:31,977 - steps.encdec - INFO - No improve (11/40)
2026-03-30 17:31:32,000 - steps.encdec - INFO - Epoch 50/300
2026-03-30 17:33:06,670 - steps.encdec - INFO - No improve (29/40)
2026-03-30 17:33:06,713 - steps.encdec - INFO - Saved periodic checkpoint -> ./cache_encdec/checkpoints/cvae_epoch_050.pkl
2026-03-30 17:33:06,713 - steps.encdec - INFO - Epoch 51/300
2026-03-30 17:33:07,396 - steps.encdec - INFO - No improve (12/40)
2026-03-30 17:33:07,441 - steps.encdec - INFO - Saved periodic checkpoint -> ./cache_encdec/checkpoints/cvae_epoch_050.pkl
2026-03-30 17:33:07,441 - steps.encdec - INFO - Epoch 51/300
2026-03-30 17:34:41,985 - steps.encdec - INFO - No improve (30/40)
2026-03-30 17:34:42,008 - steps.encdec - INFO - Epoch 52/300
2026-03-30 17:34:42,739 - steps.encdec - INFO - No improve (13/40)
2026-03-30 17:34:42,762 - steps.encdec - INFO - Epoch 52/300
2026-03-30 17:36:17,659 - steps.encdec - INFO - No improve (31/40)
2026-03-30 17:36:17,683 - steps.encdec - INFO - Epoch 53/300
2026-03-30 17:36:18,431 - steps.encdec - INFO - No improve (14/40)
2026-03-30 17:36:18,454 - steps.encdec - INFO - Epoch 53/300
2026-03-30 17:37:52,341 - steps.encdec - INFO - No improve (32/40)
2026-03-30 17:37:52,364 - steps.encdec - INFO - Epoch 54/300
2026-03-30 17:37:53,138 - steps.encdec - INFO - No improve (15/40)
2026-03-30 17:37:53,161 - steps.encdec - INFO - Epoch 54/300
2026-03-30 17:39:26,793 - steps.encdec - INFO - No improve (33/40)
2026-03-30 17:39:26,816 - steps.encdec - INFO - Epoch 55/300
2026-03-30 17:39:27,598 - steps.encdec - INFO - No improve (16/40)
2026-03-30 17:39:27,621 - steps.encdec - INFO - Epoch 55/300
2026-03-30 17:41:01,791 - steps.encdec - INFO - No improve (34/40)
2026-03-30 17:41:01,835 - steps.encdec - INFO - Saved periodic checkpoint -> ./cache_encdec/checkpoints/cvae_epoch_055.pkl
2026-03-30 17:41:01,835 - steps.encdec - INFO - Epoch 56/300
2026-03-30 17:41:02,589 - steps.encdec - INFO - No improve (17/40)
2026-03-30 17:41:02,632 - steps.encdec - INFO - Saved periodic checkpoint -> ./cache_encdec/checkpoints/cvae_epoch_055.pkl
2026-03-30 17:41:02,632 - steps.encdec - INFO - Epoch 56/300
2026-03-30 17:42:36,698 - steps.encdec - INFO - No improve (35/40)
2026-03-30 17:42:36,720 - steps.encdec - INFO - Epoch 57/300
2026-03-30 17:42:37,503 - steps.encdec - INFO - No improve (18/40)
2026-03-30 17:42:37,526 - steps.encdec - INFO - Epoch 57/300
2026-03-30 17:44:14,003 - steps.encdec - INFO - No improve (36/40)
2026-03-30 17:44:14,026 - steps.encdec - INFO - Epoch 58/300
2026-03-30 17:44:14,817 - steps.encdec - INFO - No improve (19/40)
2026-03-30 17:44:14,840 - steps.encdec - INFO - Epoch 58/300
2026-03-30 17:45:50,996 - steps.encdec - INFO - No improve (37/40)
2026-03-30 17:45:51,019 - steps.encdec - INFO - Epoch 59/300
2026-03-30 17:45:51,820 - steps.encdec - INFO - No improve (20/40)
2026-03-30 17:45:51,843 - steps.encdec - INFO - Epoch 59/300
2026-03-30 17:47:27,522 - steps.encdec - INFO - No improve (38/40)
2026-03-30 17:47:27,545 - steps.encdec - INFO - Epoch 60/300
2026-03-30 17:47:28,353 - steps.encdec - INFO - No improve (21/40)
2026-03-30 17:47:28,375 - steps.encdec - INFO - Epoch 60/300
2026-03-30 17:49:02,647 - steps.encdec - INFO - No improve (39/40)
2026-03-30 17:49:02,690 - steps.encdec - INFO - Saved periodic checkpoint -> ./cache_encdec/checkpoints/cvae_epoch_060.pkl
2026-03-30 17:49:02,690 - steps.encdec - INFO - Epoch 61/300
2026-03-30 17:49:03,479 - steps.encdec - INFO - No improve (22/40)
2026-03-30 17:49:03,523 - steps.encdec - INFO - Saved periodic checkpoint -> ./cache_encdec/checkpoints/cvae_epoch_060.pkl
2026-03-30 17:49:03,523 - steps.encdec - INFO - Epoch 61/300
2026-03-30 17:50:37,503 - steps.encdec - INFO - No improve (40/40)
2026-03-30 17:50:37,526 - steps.encdec - INFO - Early stopping triggered
2026-03-30 17:50:37,526 - steps.encdec - INFO - ==================================================
2026-03-30 17:50:37,526 - steps.encdec - INFO - TRAINING FINISHED
2026-03-30 17:50:37,526 - steps.encdec - INFO - Best Epoch: 21
2026-03-30 17:50:37,526 - steps.encdec - INFO - Best Validation Metrics:
2026-03-30 17:50:37,526 - steps.encdec - INFO -   - total_loss: 0.016151
2026-03-30 17:50:37,526 - steps.encdec - INFO -   - recon_loss: 0.010344
2026-03-30 17:50:37,526 - steps.encdec - INFO -   - recon_data_loss: 0.010233
2026-03-30 17:50:37,526 - steps.encdec - INFO -   - recon_mask_loss: 0.000111
2026-03-30 17:50:37,526 - steps.encdec - INFO -   - kld_loss: 11.530403
2026-03-30 17:50:37,526 - steps.encdec - INFO -   - kld_free: 11.530403
2026-03-30 17:50:37,526 - steps.encdec - INFO -   - struct_loss: 3.10512057e-04
2026-03-30 17:50:37,526 - steps.encdec - INFO -   - dag_loss: 0.00000000e+00
2026-03-30 17:50:37,526 - steps.encdec - INFO -   - causal_loss: 3.10512057e-04
2026-03-30 17:50:37,526 - steps.encdec - INFO -   - latent_corr_loss: 0.026840
2026-03-30 17:50:37,526 - steps.encdec - INFO -   - latent_var_loss: 0.036311
2026-03-30 17:50:37,526 - steps.encdec - INFO -   - current_beta: 0.000330
2026-03-30 17:50:37,526 - steps.encdec - INFO - Best Validation Score (recon + gamma*causal + beta*kld): 0.016151
2026-03-30 17:50:37,526 - steps.encdec - INFO - ==================================================
2026-03-30 17:50:38,120 - steps.encdec - INFO - No improve (23/40)
2026-03-30 17:50:38,143 - steps.encdec - INFO - Epoch 62/300
2026-03-30 17:50:39,436 - steps.encdec - INFO - Saved loss curves -> cvae_loss_curves.png
2026-03-30 17:50:59,471 - steps.encdec - INFO - Saved encoded data (shape=(540000, 12)) -> cvae_encoded_data.pkl
2026-03-30 17:51:59,034 - steps.encdec - INFO - No improve (24/40)
2026-03-30 17:51:59,057 - steps.encdec - INFO - Epoch 63/300
2026-03-30 17:53:18,682 - steps.encdec - INFO - No improve (25/40)
2026-03-30 17:53:18,705 - steps.encdec - INFO - Epoch 64/300
2026-03-30 17:54:38,466 - steps.encdec - INFO - No improve (26/40)
2026-03-30 17:54:38,490 - steps.encdec - INFO - Epoch 65/300
2026-03-30 17:55:58,320 - steps.encdec - INFO - No improve (27/40)
2026-03-30 17:55:58,364 - steps.encdec - INFO - Saved periodic checkpoint -> ./cache_encdec/checkpoints/cvae_epoch_065.pkl
2026-03-30 17:55:58,365 - steps.encdec - INFO - Epoch 66/300
2026-03-30 17:57:18,078 - steps.encdec - INFO - No improve (28/40)
2026-03-30 17:57:18,101 - steps.encdec - INFO - Epoch 67/300
2026-03-30 17:58:37,809 - steps.encdec - INFO - No improve (29/40)
2026-03-30 17:58:37,833 - steps.encdec - INFO - Epoch 68/300
2026-03-30 17:59:57,812 - steps.encdec - INFO - No improve (30/40)
2026-03-30 17:59:57,835 - steps.encdec - INFO - Epoch 69/300
2026-03-30 18:01:17,505 - steps.encdec - INFO - No improve (31/40)
2026-03-30 18:01:17,528 - steps.encdec - INFO - Epoch 70/300
2026-03-30 18:02:37,224 - steps.encdec - INFO - No improve (32/40)
2026-03-30 18:02:37,268 - steps.encdec - INFO - Saved periodic checkpoint -> ./cache_encdec/checkpoints/cvae_epoch_070.pkl
2026-03-30 18:02:37,268 - steps.encdec - INFO - Epoch 71/300
2026-03-30 18:03:57,119 - steps.encdec - INFO - No improve (33/40)
2026-03-30 18:03:57,143 - steps.encdec - INFO - Epoch 72/300
2026-03-30 18:05:17,117 - steps.encdec - INFO - No improve (34/40)
2026-03-30 18:05:17,140 - steps.encdec - INFO - Epoch 73/300
2026-03-30 18:06:36,977 - steps.encdec - INFO - No improve (35/40)
2026-03-30 18:06:37,000 - steps.encdec - INFO - Epoch 74/300
2026-03-30 18:07:56,465 - steps.encdec - INFO - No improve (36/40)
2026-03-30 18:07:56,488 - steps.encdec - INFO - Epoch 75/300
2026-03-30 18:09:16,160 - steps.encdec - INFO - No improve (37/40)
2026-03-30 18:09:16,205 - steps.encdec - INFO - Saved periodic checkpoint -> ./cache_encdec/checkpoints/cvae_epoch_075.pkl
2026-03-30 18:09:16,205 - steps.encdec - INFO - Epoch 76/300
2026-03-30 18:10:36,144 - steps.encdec - INFO - No improve (38/40)
2026-03-30 18:10:36,166 - steps.encdec - INFO - Epoch 77/300
2026-03-30 18:11:55,937 - steps.encdec - INFO - No improve (39/40)
2026-03-30 18:11:55,961 - steps.encdec - INFO - Epoch 78/300
2026-03-30 18:13:15,944 - steps.encdec - INFO - No improve (40/40)
2026-03-30 18:13:15,968 - steps.encdec - INFO - Early stopping triggered
2026-03-30 18:13:15,968 - steps.encdec - INFO - ==================================================
2026-03-30 18:13:15,968 - steps.encdec - INFO - TRAINING FINISHED
2026-03-30 18:13:15,968 - steps.encdec - INFO - Best Epoch: 38
2026-03-30 18:13:15,968 - steps.encdec - INFO - Best Validation Metrics:
2026-03-30 18:13:15,968 - steps.encdec - INFO -   - total_loss: 0.020416
2026-03-30 18:13:15,968 - steps.encdec - INFO -   - recon_loss: 0.012064
2026-03-30 18:13:15,968 - steps.encdec - INFO -   - recon_data_loss: 0.011775
2026-03-30 18:13:15,968 - steps.encdec - INFO -   - recon_mask_loss: 0.000289
2026-03-30 18:13:15,968 - steps.encdec - INFO -   - kld_loss: 7.162356
2026-03-30 18:13:15,968 - steps.encdec - INFO -   - kld_free: 7.162700
2026-03-30 18:13:15,968 - steps.encdec - INFO -   - struct_loss: 3.10512695e-04
2026-03-30 18:13:15,968 - steps.encdec - INFO -   - dag_loss: 0.00000000e+00
2026-03-30 18:13:15,968 - steps.encdec - INFO -   - causal_loss: 3.10512695e-04
2026-03-30 18:13:15,968 - steps.encdec - INFO -   - latent_corr_loss: 0.015936
2026-03-30 18:13:15,969 - steps.encdec - INFO -   - latent_var_loss: 0.124650
2026-03-30 18:13:15,969 - steps.encdec - INFO -   - current_beta: 0.000840
2026-03-30 18:13:15,969 - steps.encdec - INFO - Best Validation Score (recon + gamma*causal + beta*kld): 0.020416
2026-03-30 18:13:15,969 - steps.encdec - INFO - ==================================================
2026-03-30 18:13:17,407 - steps.encdec - INFO - Saved loss curves -> cvae_loss_curves.png
2026-03-30 18:13:36,087 - steps.encdec - INFO - Saved encoded data (shape=(540000, 12)) -> cvae_encoded_data.pkl
2026-03-30 19:09:04,896 - steps.encdec - INFO - Step: encdec | training CausalVAE
2026-03-30 19:09:04,896 - steps.encdec - INFO - Step: encdec | training CausalVAE
2026-03-30 19:09:04,897 - steps.encdec - INFO - Device: cuda | distributed=False | world_size=1
2026-03-30 19:09:04,897 - steps.encdec - INFO - Device: cuda | distributed=False | world_size=1
2026-03-30 19:12:59,985 - steps.encdec - INFO - Dims | input_dim=29 seq_len=60 num_total_features=29
2026-03-30 19:12:59,986 - steps.encdec - INFO - Dims | input_dim=29 seq_len=60 num_total_features=29
2026-03-30 19:12:59,986 - steps.encdec - INFO - Found pre-generated A_target at ./cache_encdec/A_target.npy | shape=(29, 29) | expected=(29, 29)
2026-03-30 19:12:59,986 - steps.encdec - INFO - Found pre-generated A_target at ./cache_encdec/A_target.npy | shape=(29, 29) | expected=(29, 29)
2026-03-30 19:13:15,132 - steps.encdec - INFO - Start from scratch | resume=False | ckpt_exists=True
2026-03-30 19:13:15,132 - steps.encdec - INFO - Start from scratch | resume=False | ckpt_exists=True
2026-03-30 19:13:15,132 - steps.encdec - INFO - Epoch 1/300
2026-03-30 19:13:15,132 - steps.encdec - INFO - Epoch 1/300
2026-03-30 19:14:54,954 - steps.encdec - INFO - Skip best selection before epoch 15
2026-03-30 19:14:54,954 - steps.encdec - INFO - Skip best selection before epoch 15
2026-03-30 19:14:55,048 - steps.encdec - INFO - Epoch 2/300
2026-03-30 19:14:55,048 - steps.encdec - INFO - Epoch 2/300
2026-03-30 19:16:28,345 - steps.encdec - INFO - Skip best selection before epoch 15
2026-03-30 19:16:28,346 - steps.encdec - INFO - Skip best selection before epoch 15
2026-03-30 19:16:28,370 - steps.encdec - INFO - Epoch 3/300
2026-03-30 19:16:28,370 - steps.encdec - INFO - Epoch 3/300
2026-03-30 19:18:00,647 - steps.encdec - INFO - Skip best selection before epoch 15
2026-03-30 19:18:00,651 - steps.encdec - INFO - Skip best selection before epoch 15
2026-03-30 19:18:00,672 - steps.encdec - INFO - Epoch 4/300
2026-03-30 19:18:00,674 - steps.encdec - INFO - Epoch 4/300
2026-03-30 19:19:33,787 - steps.encdec - INFO - Skip best selection before epoch 15
2026-03-30 19:19:33,787 - steps.encdec - INFO - Skip best selection before epoch 15
2026-03-30 19:19:33,811 - steps.encdec - INFO - Epoch 5/300
2026-03-30 19:19:33,811 - steps.encdec - INFO - Epoch 5/300
2026-03-30 19:21:10,731 - steps.encdec - INFO - Skip best selection before epoch 15
2026-03-30 19:21:10,731 - steps.encdec - INFO - Skip best selection before epoch 15
2026-03-30 19:21:10,778 - steps.encdec - INFO - Saved periodic checkpoint -> ./cache_encdec/checkpoints/cvae_epoch_005.pkl
2026-03-30 19:21:10,778 - steps.encdec - INFO - Epoch 6/300
2026-03-30 19:21:10,783 - steps.encdec - INFO - Saved periodic checkpoint -> ./cache_encdec/checkpoints/cvae_epoch_005.pkl
2026-03-30 19:21:10,784 - steps.encdec - INFO - Epoch 6/300
2026-03-30 19:22:45,864 - steps.encdec - INFO - Skip best selection before epoch 15
2026-03-30 19:22:45,868 - steps.encdec - INFO - Skip best selection before epoch 15
2026-03-30 19:22:45,888 - steps.encdec - INFO - Epoch 7/300
2026-03-30 19:22:45,891 - steps.encdec - INFO - Epoch 7/300
2026-03-30 19:24:21,012 - steps.encdec - INFO - Skip best selection before epoch 15
2026-03-30 19:24:21,016 - steps.encdec - INFO - Skip best selection before epoch 15
2026-03-30 19:24:21,035 - steps.encdec - INFO - Epoch 8/300
2026-03-30 19:24:21,039 - steps.encdec - INFO - Epoch 8/300
2026-03-30 19:25:56,089 - steps.encdec - INFO - Skip best selection before epoch 15
2026-03-30 19:25:56,093 - steps.encdec - INFO - Skip best selection before epoch 15
2026-03-30 19:25:56,113 - steps.encdec - INFO - Epoch 9/300
2026-03-30 19:25:56,115 - steps.encdec - INFO - Epoch 9/300
2026-03-30 19:27:31,093 - steps.encdec - INFO - Skip best selection before epoch 15
2026-03-30 19:27:31,096 - steps.encdec - INFO - Skip best selection before epoch 15
2026-03-30 19:27:31,116 - steps.encdec - INFO - Epoch 10/300
2026-03-30 19:27:31,118 - steps.encdec - INFO - Epoch 10/300
2026-03-30 19:29:07,307 - steps.encdec - INFO - Skip best selection before epoch 15
2026-03-30 19:29:07,307 - steps.encdec - INFO - Skip best selection before epoch 15
2026-03-30 19:29:07,352 - steps.encdec - INFO - Saved periodic checkpoint -> ./cache_encdec/checkpoints/cvae_epoch_010.pkl
2026-03-30 19:29:07,352 - steps.encdec - INFO - Epoch 11/300
2026-03-30 19:29:07,353 - steps.encdec - INFO - Saved periodic checkpoint -> ./cache_encdec/checkpoints/cvae_epoch_010.pkl
2026-03-30 19:29:07,353 - steps.encdec - INFO - Epoch 11/300
2026-03-30 19:30:43,642 - steps.encdec - INFO - Skip best selection before epoch 15
2026-03-30 19:30:43,642 - steps.encdec - INFO - Skip best selection before epoch 15
2026-03-30 19:30:43,668 - steps.encdec - INFO - Epoch 12/300
2026-03-30 19:30:43,669 - steps.encdec - INFO - Epoch 12/300
2026-03-30 19:32:20,050 - steps.encdec - INFO - Skip best selection before epoch 15
2026-03-30 19:32:20,050 - steps.encdec - INFO - Skip best selection before epoch 15
2026-03-30 19:32:20,073 - steps.encdec - INFO - Epoch 13/300
2026-03-30 19:32:20,073 - steps.encdec - INFO - Epoch 13/300
